component_id,formula,atom_count,bond_count,original_molecule_labels,atom_ids
1,N2,2,1,"[""N2/f1""]","[1,2]"
2,N2,2,1,"[""N2/f2""]","[3,4]"
3,N2,2,1,"[""N2/f3""]","[5,6]"
4,N2,2,1,"[""N2/f4""]","[7,8]"
5,N2,2,1,"[""N2/f5""]","[9,10]"
6,N2,2,1,"[""N2/f6""]","[11,12]"
7,N2,2,1,"[""N2/f7""]","[13,14]"
8,N2,2,1,"[""N2/f8""]","[15,16]"
9,N2,2,1,"[""N2/f9""]","[17,18]"
10,N2,2,1,"[""N2/f10""]","[19,20]"
11,N2,2,1,"[""N2/f11""]","[21,22]"
12,N2,2,1,"[""N2/f12""]","[23,24]"
13,N2,2,1,"[""N2/f13""]","[25,26]"
14,N2,2,1,"[""N2/f14""]","[27,28]"
15,N2,2,1,"[""N2/f15""]","[29,30]"
16,N2,2,1,"[""N2/f16""]","[31,32]"
17,N2,2,1,"[""N2/f17""]","[33,34]"
18,N2,2,1,"[""N2/f18""]","[35,36]"
19,N2,2,1,"[""N2/f19""]","[37,38]"
20,N2,2,1,"[""N2/f20""]","[39,40]"
21,N2,2,1,"[""N2/f21""]","[41,42]"
22,N2,2,1,"[""N2/f22""]","[43,44]"
23,N2,2,1,"[""N2/f23""]","[45,46]"
24,N2,2,1,"[""N2/f24""]","[47,48]"
25,N2,2,1,"[""N2/f25""]","[49,50]"
26,N2,2,1,"[""N2/f26""]","[51,52]"
27,N2,2,1,"[""N2/f27""]","[53,54]"
28,N2,2,1,"[""N2/f28""]","[55,56]"
29,N2,2,1,"[""N2/f29""]","[57,58]"
30,N2,2,1,"[""N2/f30""]","[59,60]"
31,N2,2,1,"[""N2/f31""]","[61,62]"
32,N2,2,1,"[""N2/f32""]","[63,64]"
33,N2,2,1,"[""N2/f33""]","[65,66]"
34,N2,2,1,"[""N2/f34""]","[67,68]"
35,N2,2,1,"[""N2/f35""]","[69,70]"
36,N2,2,1,"[""N2/f36""]","[71,72]"
37,N2,2,1,"[""N2/f37""]","[73,74]"
38,N2,2,1,"[""N2/f38""]","[75,76]"
39,N2,2,1,"[""N2/f39""]","[77,78]"
40,N2,2,1,"[""N2/f40""]","[79,80]"
41,N2,2,1,"[""N2/f41""]","[81,82]"
42,N2,2,1,"[""N2/f42""]","[83,84]"
43,N2,2,1,"[""N2/f43""]","[85,86]"
44,N2,2,1,"[""N2/f44""]","[87,88]"
45,N2,2,1,"[""N2/f45""]","[89,90]"
46,N2,2,1,"[""N2/f46""]","[91,92]"
47,N2,2,1,"[""N2/f47""]","[93,94]"
48,N2,2,1,"[""N2/f48""]","[95,96]"
49,N2,2,1,"[""N2/f49""]","[97,98]"
50,N2,2,1,"[""N2/f50""]","[99,100]"
51,N2,2,1,"[""N2/f51""]","[101,102]"
52,N2,2,1,"[""N2/f52""]","[103,104]"
53,N2,2,1,"[""N2/f53""]","[105,106]"
54,N2,2,1,"[""N2/f54""]","[107,108]"
55,N2,2,1,"[""N2/f55""]","[109,110]"
56,N2,2,1,"[""N2/f56""]","[111,112]"
57,N2,2,1,"[""N2/f57""]","[113,114]"
58,N2,2,1,"[""N2/f58""]","[115,116]"
59,N2,2,1,"[""N2/f59""]","[117,118]"
60,N2,2,1,"[""N2/f60""]","[119,120]"
61,N2,2,1,"[""N2/f61""]","[121,122]"
62,N2,2,1,"[""N2/f62""]","[123,124]"
63,N2,2,1,"[""N2/f63""]","[125,126]"
64,N2,2,1,"[""N2/f64""]","[127,128]"
65,N2,2,1,"[""N2/f65""]","[129,130]"
66,N2,2,1,"[""N2/f66""]","[131,132]"
67,N2,2,1,"[""N2/f67""]","[133,134]"
68,N2,2,1,"[""N2/f68""]","[135,136]"
69,N2,2,1,"[""N2/f69""]","[137,138]"
70,N2,2,1,"[""N2/f70""]","[139,140]"
71,N2,2,1,"[""N2/f71""]","[141,142]"
72,N2,2,1,"[""N2/f72""]","[143,144]"
73,N2,2,1,"[""N2/f73""]","[145,146]"
74,N2,2,1,"[""N2/f74""]","[147,148]"
75,N2,2,1,"[""N2/f75""]","[149,150]"
76,N2,2,1,"[""N2/f76""]","[151,152]"
77,N2,2,1,"[""N2/f77""]","[153,154]"
78,N2,2,1,"[""N2/f78""]","[155,156]"
79,N2,2,1,"[""N2/f79""]","[157,158]"
80,N2,2,1,"[""N2/f80""]","[159,160]"
81,N2,2,1,"[""N2/f81""]","[161,162]"
82,N2,2,1,"[""N2/f82""]","[163,164]"
83,N2,2,1,"[""N2/f83""]","[165,166]"
84,N2,2,1,"[""N2/f84""]","[167,168]"
85,N2,2,1,"[""N2/f85""]","[169,170]"
86,N2,2,1,"[""N2/f86""]","[171,172]"
87,N2,2,1,"[""N2/f87""]","[173,174]"
88,N2,2,1,"[""N2/f88""]","[175,176]"
89,N2,2,1,"[""N2/f89""]","[177,178]"
90,N2,2,1,"[""N2/f90""]","[179,180]"
91,N2,2,1,"[""N2/f91""]","[181,182]"
92,N2,2,1,"[""N2/f92""]","[183,184]"
93,N2,2,1,"[""N2/f93""]","[185,186]"
94,N2,2,1,"[""N2/f94""]","[187,188]"
95,N2,2,1,"[""N2/f95""]","[189,190]"
96,N2,2,1,"[""N2/f96""]","[191,192]"
97,N2,2,1,"[""N2/f97""]","[193,194]"
98,N2,2,1,"[""N2/f98""]","[195,196]"
99,N2,2,1,"[""N2/f99""]","[197,198]"
100,N2,2,1,"[""N2/f100""]","[199,200]"
101,N2,2,1,"[""N2/f101""]","[201,202]"
102,N2,2,1,"[""N2/f102""]","[203,204]"
103,N2,2,1,"[""N2/f103""]","[205,206]"
104,N2,2,1,"[""N2/f104""]","[207,208]"
105,N2,2,1,"[""N2/f105""]","[209,210]"
106,N2,2,1,"[""N2/f106""]","[211,212]"
107,N2,2,1,"[""N2/f107""]","[213,214]"
108,N2,2,1,"[""N2/f108""]","[215,216]"
109,N2,2,1,"[""N2/f109""]","[217,218]"
110,N2,2,1,"[""N2/f110""]","[219,220]"
111,N2,2,1,"[""N2/f111""]","[221,222]"
112,N2,2,1,"[""N2/f112""]","[223,224]"
113,N2,2,1,"[""N2/f113""]","[225,226]"
114,N2,2,1,"[""N2/f114""]","[227,228]"
115,N2,2,1,"[""N2/f115""]","[229,230]"
116,N2,2,1,"[""N2/f116""]","[231,232]"
117,N2,2,1,"[""N2/f117""]","[233,234]"
118,N2,2,1,"[""N2/f118""]","[235,236]"
119,N2,2,1,"[""N2/f119""]","[237,238]"
120,N2,2,1,"[""N2/f120""]","[239,240]"
121,N2,2,1,"[""N2/f121""]","[241,242]"
122,N2,2,1,"[""N2/f122""]","[243,244]"
123,N2,2,1,"[""N2/f123""]","[245,246]"
124,N2,2,1,"[""N2/f124""]","[247,248]"
125,N2,2,1,"[""N2/f125""]","[249,250]"
126,N2,2,1,"[""N2/f126""]","[251,252]"
127,N2,2,1,"[""N2/f127""]","[253,254]"
128,N2,2,1,"[""N2/f128""]","[255,256]"
129,N2,2,1,"[""N2/f129""]","[257,258]"
130,N2,2,1,"[""N2/f130""]","[259,260]"
131,N2,2,1,"[""N2/f131""]","[261,262]"
132,N2,2,1,"[""N2/f132""]","[263,264]"
133,N2,2,1,"[""N2/f133""]","[265,266]"
134,N2,2,1,"[""N2/f134""]","[267,268]"
135,N2,2,1,"[""N2/f135""]","[269,270]"
136,N2,2,1,"[""N2/f136""]","[271,272]"
137,N2,2,1,"[""N2/f137""]","[273,274]"
138,N2,2,1,"[""N2/f138""]","[275,276]"
139,N2,2,1,"[""N2/f139""]","[277,278]"
140,N2,2,1,"[""N2/f140""]","[279,280]"
141,N2,2,1,"[""N2/f141""]","[281,282]"
142,N2,2,1,"[""N2/f142""]","[283,284]"
143,N2,2,1,"[""N2/f143""]","[285,286]"
144,N2,2,1,"[""N2/f144""]","[287,288]"
145,N2,2,1,"[""N2/f145""]","[289,290]"
146,N2,2,1,"[""N2/f146""]","[291,292]"
147,N2,2,1,"[""N2/f147""]","[293,294]"
148,N2,2,1,"[""N2/f148""]","[295,296]"
149,N2,2,1,"[""N2/f149""]","[297,298]"
150,N2,2,1,"[""N2/f150""]","[299,300]"
151,N2,2,1,"[""N2/f151""]","[301,302]"
152,N2,2,1,"[""N2/f152""]","[303,304]"
153,N2,2,1,"[""N2/f153""]","[305,306]"
154,N2,2,1,"[""N2/f154""]","[307,308]"
155,N2,2,1,"[""N2/f155""]","[309,310]"
156,N2,2,1,"[""N2/f156""]","[311,312]"
157,N2,2,1,"[""N2/f157""]","[313,314]"
158,N2,2,1,"[""N2/f158""]","[315,316]"
159,N2,2,1,"[""N2/f159""]","[317,318]"
160,N2,2,1,"[""N2/f160""]","[319,320]"
161,N2,2,1,"[""N2/f161""]","[321,322]"
162,N2,2,1,"[""N2/f162""]","[323,324]"
163,N2,2,1,"[""N2/f163""]","[325,326]"
164,N2,2,1,"[""N2/f164""]","[327,328]"
165,N2,2,1,"[""N2/f165""]","[329,330]"
166,N2,2,1,"[""N2/f166""]","[331,332]"
167,N2,2,1,"[""N2/f167""]","[333,334]"
168,N2,2,1,"[""N2/f168""]","[335,336]"
169,N2,2,1,"[""N2/f169""]","[337,338]"
170,N2,2,1,"[""N2/f170""]","[339,340]"
171,N2,2,1,"[""N2/f171""]","[341,342]"
172,N2,2,1,"[""N2/f172""]","[343,344]"
173,N2,2,1,"[""N2/f173""]","[345,346]"
174,N2,2,1,"[""N2/f174""]","[347,348]"
175,N2,2,1,"[""N2/f175""]","[349,350]"
176,N2,2,1,"[""N2/f176""]","[351,352]"
177,N2,2,1,"[""N2/f177""]","[353,354]"
178,N2,2,1,"[""N2/f178""]","[355,356]"
179,N2,2,1,"[""N2/f179""]","[357,358]"
180,N2,2,1,"[""N2/f180""]","[359,360]"
181,N2,2,1,"[""N2/f181""]","[361,362]"
182,N2,2,1,"[""N2/f182""]","[363,364]"
183,N2,2,1,"[""N2/f183""]","[365,366]"
184,N2,2,1,"[""N2/f184""]","[367,368]"
185,N2,2,1,"[""N2/f185""]","[369,370]"
186,N2,2,1,"[""N2/f186""]","[371,372]"
187,N2,2,1,"[""N2/f187""]","[373,374]"
188,N2,2,1,"[""N2/f188""]","[375,376]"
189,N2,2,1,"[""N2/f189""]","[377,378]"
190,N2,2,1,"[""N2/f190""]","[379,380]"
191,N2,2,1,"[""N2/f191""]","[381,382]"
192,N2,2,1,"[""N2/f192""]","[383,384]"
193,N2,2,1,"[""N2/f193""]","[385,386]"
194,N2,2,1,"[""N2/f194""]","[387,388]"
195,N2,2,1,"[""N2/f195""]","[389,390]"
196,N2,2,1,"[""N2/f196""]","[391,392]"
197,N2,2,1,"[""N2/f197""]","[393,394]"
198,N2,2,1,"[""N2/f198""]","[395,396]"
199,N2,2,1,"[""N2/f199""]","[397,398]"
200,N2,2,1,"[""N2/f200""]","[399,400]"
201,N2,2,1,"[""N2/f201""]","[401,402]"
202,N2,2,1,"[""N2/f202""]","[403,404]"
203,N2,2,1,"[""N2/f203""]","[405,406]"
204,N2,2,1,"[""N2/f204""]","[407,408]"
205,N2,2,1,"[""N2/f205""]","[409,410]"
206,N2,2,1,"[""N2/f206""]","[411,412]"
207,N2,2,1,"[""N2/f207""]","[413,414]"
208,N2,2,1,"[""N2/f208""]","[415,416]"
209,N2,2,1,"[""N2/f209""]","[417,418]"
210,N2,2,1,"[""N2/f210""]","[419,420]"
211,N2,2,1,"[""N2/f211""]","[421,422]"
212,N2,2,1,"[""N2/f212""]","[423,424]"
213,N2,2,1,"[""N2/f213""]","[425,426]"
214,N2,2,1,"[""N2/f214""]","[427,428]"
215,N2,2,1,"[""N2/f215""]","[429,430]"
216,N2,2,1,"[""N2/f216""]","[431,432]"
217,N2,2,1,"[""N2/f217""]","[433,434]"
218,N2,2,1,"[""N2/f218""]","[435,436]"
219,N2,2,1,"[""N2/f219""]","[437,438]"
220,N2,2,1,"[""N2/f220""]","[439,440]"
221,N2,2,1,"[""N2/f221""]","[441,442]"
222,N2,2,1,"[""N2/f222""]","[443,444]"
223,N2,2,1,"[""N2/f223""]","[445,446]"
224,N2,2,1,"[""N2/f224""]","[447,448]"
225,N2,2,1,"[""N2/f225""]","[449,450]"
226,N2,2,1,"[""N2/f226""]","[451,452]"
227,N2,2,1,"[""N2/f227""]","[453,454]"
228,N2,2,1,"[""N2/f228""]","[455,456]"
229,N2,2,1,"[""N2/f229""]","[457,458]"
230,N2,2,1,"[""N2/f230""]","[459,460]"
231,N2,2,1,"[""N2/f231""]","[461,462]"
232,N2,2,1,"[""N2/f232""]","[463,464]"
233,N2,2,1,"[""N2/f233""]","[465,466]"
234,N2,2,1,"[""N2/f234""]","[467,468]"
235,N2,2,1,"[""N2/f235""]","[469,470]"
236,N2,2,1,"[""N2/f236""]","[471,472]"
237,N2,2,1,"[""N2/f237""]","[473,474]"
238,N2,2,1,"[""N2/f238""]","[475,476]"
239,N2,2,1,"[""N2/f239""]","[477,478]"
240,N2,2,1,"[""N2/f240""]","[479,480]"
241,N2,2,1,"[""N2/f241""]","[481,482]"
242,N2,2,1,"[""N2/f242""]","[483,484]"
243,N2,2,1,"[""N2/f243""]","[485,486]"
244,N2,2,1,"[""N2/f244""]","[487,488]"
245,N2,2,1,"[""N2/f245""]","[489,490]"
246,N2,2,1,"[""N2/f246""]","[491,492]"
247,N2,2,1,"[""N2/f247""]","[493,494]"
248,N2,2,1,"[""N2/f248""]","[495,496]"
249,N2,2,1,"[""N2/f249""]","[497,498]"
250,N2,2,1,"[""N2/f250""]","[499,500]"
251,N2,2,1,"[""N2/f251""]","[501,502]"
252,N2,2,1,"[""N2/f252""]","[503,504]"
253,N2,2,1,"[""N2/f253""]","[505,506]"
254,N2,2,1,"[""N2/f254""]","[507,508]"
255,N2,2,1,"[""N2/f255""]","[509,510]"
256,N2,2,1,"[""N2/f256""]","[511,512]"
257,N2,2,1,"[""N2/f257""]","[513,514]"
258,N2,2,1,"[""N2/f258""]","[515,516]"
259,N2,2,1,"[""N2/f259""]","[517,518]"
260,N2,2,1,"[""N2/f260""]","[519,520]"
261,N2,2,1,"[""N2/f261""]","[521,522]"
262,N2,2,1,"[""N2/f262""]","[523,524]"
263,N2,2,1,"[""N2/f263""]","[525,526]"
264,N2,2,1,"[""N2/f264""]","[527,528]"
265,N2,2,1,"[""N2/f265""]","[529,530]"
266,N2,2,1,"[""N2/f266""]","[531,532]"
267,N2,2,1,"[""N2/f267""]","[533,534]"
268,N2,2,1,"[""N2/f268""]","[535,536]"
269,N2,2,1,"[""N2/f269""]","[537,538]"
270,N2,2,1,"[""N2/f270""]","[539,540]"
271,N2,2,1,"[""N2/f271""]","[541,542]"
272,N2,2,1,"[""N2/f272""]","[543,544]"
273,N2,2,1,"[""N2/f273""]","[545,546]"
274,N2,2,1,"[""N2/f274""]","[547,548]"
275,N2,2,1,"[""N2/f275""]","[549,550]"
276,N2,2,1,"[""N2/f276""]","[551,552]"
277,N2,2,1,"[""N2/f277""]","[553,554]"
278,N2,2,1,"[""N2/f278""]","[555,556]"
279,N2,2,1,"[""N2/f279""]","[557,558]"
280,N2,2,1,"[""N2/f280""]","[559,560]"
281,N2,2,1,"[""N2/f281""]","[561,562]"
282,N2,2,1,"[""N2/f282""]","[563,564]"
283,N2,2,1,"[""N2/f283""]","[565,566]"
284,N2,2,1,"[""N2/f284""]","[567,568]"
285,N2,2,1,"[""N2/f285""]","[569,570]"
286,N2,2,1,"[""N2/f286""]","[571,572]"
287,N2,2,1,"[""N2/f287""]","[573,574]"
288,N2,2,1,"[""N2/f288""]","[575,576]"
289,N2,2,1,"[""N2/f289""]","[577,578]"
290,N2,2,1,"[""N2/f290""]","[579,580]"
291,N2,2,1,"[""N2/f291""]","[581,582]"
292,N2,2,1,"[""N2/f292""]","[583,584]"
293,N2,2,1,"[""N2/f293""]","[585,586]"
294,N2,2,1,"[""N2/f294""]","[587,588]"
295,N2,2,1,"[""N2/f295""]","[589,590]"
296,N2,2,1,"[""N2/f296""]","[591,592]"
297,N2,2,1,"[""N2/f297""]","[593,594]"
298,N2,2,1,"[""N2/f298""]","[595,596]"
299,N2,2,1,"[""N2/f299""]","[597,598]"
300,N2,2,1,"[""N2/f300""]","[599,600]"
301,N2,2,1,"[""N2/f301""]","[601,602]"
302,N2,2,1,"[""N2/f302""]","[603,604]"
303,N2,2,1,"[""N2/f303""]","[605,606]"
304,N2,2,1,"[""N2/f304""]","[607,608]"
305,N2,2,1,"[""N2/f305""]","[609,610]"
306,N2,2,1,"[""N2/f306""]","[611,612]"
307,N2,2,1,"[""N2/f307""]","[613,614]"
308,N2,2,1,"[""N2/f308""]","[615,616]"
309,N2,2,1,"[""N2/f309""]","[617,618]"
310,N2,2,1,"[""N2/f310""]","[619,620]"
311,N2,2,1,"[""N2/f311""]","[621,622]"
312,N2,2,1,"[""N2/f312""]","[623,624]"
313,N2,2,1,"[""N2/f313""]","[625,626]"
314,N2,2,1,"[""N2/f314""]","[627,628]"
315,N2,2,1,"[""N2/f315""]","[629,630]"
316,N2,2,1,"[""N2/f316""]","[631,632]"
317,N2,2,1,"[""N2/f317""]","[633,634]"
318,N2,2,1,"[""N2/f318""]","[635,636]"
319,N2,2,1,"[""N2/f319""]","[637,638]"
320,N2,2,1,"[""N2/f320""]","[639,640]"
321,N2,2,1,"[""N2/f321""]","[641,642]"
322,N2,2,1,"[""N2/f322""]","[643,644]"
323,N2,2,1,"[""N2/f323""]","[645,646]"
324,N2,2,1,"[""N2/f324""]","[647,648]"
325,N2,2,1,"[""N2/f325""]","[649,650]"
326,N2,2,1,"[""N2/f326""]","[651,652]"
327,N2,2,1,"[""N2/f327""]","[653,654]"
328,N2,2,1,"[""N2/f328""]","[655,656]"
329,N2,2,1,"[""N2/f329""]","[657,658]"
330,N2,2,1,"[""N2/f330""]","[659,660]"
331,N2,2,1,"[""N2/f331""]","[661,662]"
332,N2,2,1,"[""N2/f332""]","[663,664]"
333,N2,2,1,"[""N2/f333""]","[665,666]"
334,N2,2,1,"[""N2/f334""]","[667,668]"
335,N2,2,1,"[""N2/f335""]","[669,670]"
336,N2,2,1,"[""N2/f336""]","[671,672]"
337,N2,2,1,"[""N2/f337""]","[673,674]"
338,N2,2,1,"[""N2/f338""]","[675,676]"
339,N2,2,1,"[""N2/f339""]","[677,678]"
340,N2,2,1,"[""N2/f340""]","[679,680]"
341,N2,2,1,"[""N2/f341""]","[681,682]"
342,N2,2,1,"[""N2/f342""]","[683,684]"
343,N2,2,1,"[""N2/f343""]","[685,686]"
344,N2,2,1,"[""N2/f344""]","[687,688]"
345,N2,2,1,"[""N2/f345""]","[689,690]"
346,N2,2,1,"[""N2/f346""]","[691,692]"
347,N2,2,1,"[""N2/f347""]","[693,694]"
348,N2,2,1,"[""N2/f348""]","[695,696]"
349,N2,2,1,"[""N2/f349""]","[697,698]"
350,N2,2,1,"[""N2/f350""]","[699,700]"
351,N2,2,1,"[""N2/f351""]","[701,702]"
352,N2,2,1,"[""N2/f352""]","[703,704]"
353,N2,2,1,"[""N2/f353""]","[705,706]"
354,N2,2,1,"[""N2/f354""]","[707,708]"
355,N2,2,1,"[""N2/f355""]","[709,710]"
356,N2,2,1,"[""N2/f356""]","[711,712]"
357,N2,2,1,"[""N2/f357""]","[713,714]"
358,N2,2,1,"[""N2/f358""]","[715,716]"
359,N2,2,1,"[""N2/f359""]","[717,718]"
360,N2,2,1,"[""N2/f360""]","[719,720]"
361,N2,2,1,"[""N2/f361""]","[721,722]"
362,N2,2,1,"[""N2/f362""]","[723,724]"
363,N2,2,1,"[""N2/f363""]","[725,726]"
364,N2,2,1,"[""N2/f364""]","[727,728]"
365,N2,2,1,"[""N2/f365""]","[729,730]"
366,N2,2,1,"[""N2/f366""]","[731,732]"
367,N2,2,1,"[""N2/f367""]","[733,734]"
368,N2,2,1,"[""N2/f368""]","[735,736]"
369,N2,2,1,"[""N2/f369""]","[737,738]"
370,N2,2,1,"[""N2/f370""]","[739,740]"
371,N2,2,1,"[""N2/f371""]","[741,742]"
372,N2,2,1,"[""N2/f372""]","[743,744]"
373,N2,2,1,"[""N2/f373""]","[745,746]"
374,N2,2,1,"[""N2/f374""]","[747,748]"
375,N2,2,1,"[""N2/f375""]","[749,750]"
376,N2,2,1,"[""N2/f376""]","[751,752]"
377,N2,2,1,"[""N2/f377""]","[753,754]"
378,N2,2,1,"[""N2/f378""]","[755,756]"
379,N2,2,1,"[""N2/f379""]","[757,758]"
380,N2,2,1,"[""N2/f380""]","[759,760]"
381,N2,2,1,"[""N2/f381""]","[761,762]"
382,N2,2,1,"[""N2/f382""]","[763,764]"
383,N2,2,1,"[""N2/f383""]","[765,766]"
384,N2,2,1,"[""N2/f384""]","[767,768]"
385,N2,2,1,"[""N2/f385""]","[769,770]"
386,N2,2,1,"[""N2/f386""]","[771,772]"
387,N2,2,1,"[""N2/f387""]","[773,774]"
388,N2,2,1,"[""N2/f388""]","[775,776]"
389,N2,2,1,"[""N2/f389""]","[777,778]"
390,N2,2,1,"[""N2/f390""]","[779,780]"
391,N2,2,1,"[""N2/f391""]","[781,782]"
392,N2,2,1,"[""N2/f392""]","[783,784]"
393,N2,2,1,"[""N2/f393""]","[785,786]"
394,N2,2,1,"[""N2/f394""]","[787,788]"
395,N2,2,1,"[""N2/f395""]","[789,790]"
396,N2,2,1,"[""N2/f396""]","[791,792]"
397,N2,2,1,"[""N2/f397""]","[793,794]"
398,N2,2,1,"[""N2/f398""]","[795,796]"
399,N2,2,1,"[""N2/f399""]","[797,798]"
400,N2,2,1,"[""N2/f400""]","[799,800]"
401,N2,2,1,"[""N2/f401""]","[801,802]"
402,N2,2,1,"[""N2/f402""]","[803,804]"
403,N2,2,1,"[""N2/f403""]","[805,806]"
404,N2,2,1,"[""N2/f404""]","[807,808]"
405,N2,2,1,"[""N2/f405""]","[809,810]"
406,N2,2,1,"[""N2/f406""]","[811,812]"
407,N2,2,1,"[""N2/f407""]","[813,814]"
408,N2,2,1,"[""N2/f408""]","[815,816]"
409,N2,2,1,"[""N2/f409""]","[817,818]"
410,N2,2,1,"[""N2/f410""]","[819,820]"
411,N2,2,1,"[""N2/f411""]","[821,822]"
412,N2,2,1,"[""N2/f412""]","[823,824]"
413,N2,2,1,"[""N2/f413""]","[825,826]"
414,N2,2,1,"[""N2/f414""]","[827,828]"
415,N2,2,1,"[""N2/f415""]","[829,830]"
416,N2,2,1,"[""N2/f416""]","[831,832]"
417,N2,2,1,"[""N2/f417""]","[833,834]"
418,N2,2,1,"[""N2/f418""]","[835,836]"
419,N2,2,1,"[""N2/f419""]","[837,838]"
420,N2,2,1,"[""N2/f420""]","[839,840]"
421,N2,2,1,"[""N2/f421""]","[841,842]"
422,N2,2,1,"[""N2/f422""]","[843,844]"
423,N2,2,1,"[""N2/f423""]","[845,846]"
424,N2,2,1,"[""N2/f424""]","[847,848]"
425,N2,2,1,"[""N2/f425""]","[849,850]"
426,N2,2,1,"[""N2/f426""]","[851,852]"
427,N2,2,1,"[""N2/f427""]","[853,854]"
428,N2,2,1,"[""N2/f428""]","[855,856]"
429,N2,2,1,"[""N2/f429""]","[857,858]"
430,N2,2,1,"[""N2/f430""]","[859,860]"
431,N2,2,1,"[""N2/f431""]","[861,862]"
432,N2,2,1,"[""N2/f432""]","[863,864]"
433,N2,2,1,"[""N2/f433""]","[865,866]"
434,N2,2,1,"[""N2/f434""]","[867,868]"
435,N2,2,1,"[""N2/f435""]","[869,870]"
436,N2,2,1,"[""N2/f436""]","[871,872]"
437,N2,2,1,"[""N2/f437""]","[873,874]"
438,N2,2,1,"[""N2/f438""]","[875,876]"
439,N2,2,1,"[""N2/f439""]","[877,878]"
440,N2,2,1,"[""N2/f440""]","[879,880]"
441,N2,2,1,"[""N2/f441""]","[881,882]"
442,N2,2,1,"[""N2/f442""]","[883,884]"
443,N2,2,1,"[""N2/f443""]","[885,886]"
444,N2,2,1,"[""N2/f444""]","[887,888]"
445,N2,2,1,"[""N2/f445""]","[889,890]"
446,N2,2,1,"[""N2/f446""]","[891,892]"
447,N2,2,1,"[""N2/f447""]","[893,894]"
448,N2,2,1,"[""N2/f448""]","[895,896]"
449,N2,2,1,"[""N2/f449""]","[897,898]"
450,N2,2,1,"[""N2/f450""]","[899,900]"
451,N2,2,1,"[""N2/f451""]","[901,902]"
452,N2,2,1,"[""N2/f452""]","[903,904]"
453,N2,2,1,"[""N2/f453""]","[905,906]"
454,N2,2,1,"[""N2/f454""]","[907,908]"
455,N2,2,1,"[""N2/f455""]","[909,910]"
456,N2,2,1,"[""N2/f456""]","[911,912]"
457,N2,2,1,"[""N2/f457""]","[913,914]"
458,N2,2,1,"[""N2/f458""]","[915,916]"
459,N2,2,1,"[""N2/f459""]","[917,918]"
460,N2,2,1,"[""N2/f460""]","[919,920]"
461,N2,2,1,"[""N2/f461""]","[921,922]"
462,N2,2,1,"[""N2/f462""]","[923,924]"
463,N2,2,1,"[""N2/f463""]","[925,926]"
464,N2,2,1,"[""N2/f464""]","[927,928]"
465,N2,2,1,"[""N2/f465""]","[929,930]"
466,N2,2,1,"[""N2/f466""]","[931,932]"
467,N2,2,1,"[""N2/f467""]","[933,934]"
468,N2,2,1,"[""N2/f468""]","[935,936]"
469,N2,2,1,"[""N2/f469""]","[937,938]"
470,N2,2,1,"[""N2/f470""]","[939,940]"
471,N2,2,1,"[""N2/f471""]","[941,942]"
472,N2,2,1,"[""N2/f472""]","[943,944]"
473,N2,2,1,"[""N2/f473""]","[945,946]"
474,N2,2,1,"[""N2/f474""]","[947,948]"
475,N2,2,1,"[""N2/f475""]","[949,950]"
476,N2,2,1,"[""N2/f476""]","[951,952]"
477,N2,2,1,"[""N2/f477""]","[953,954]"
478,N2,2,1,"[""N2/f478""]","[955,956]"
479,N2,2,1,"[""N2/f479""]","[957,958]"
480,N2,2,1,"[""N2/f480""]","[959,960]"
481,N2,2,1,"[""N2/f481""]","[961,962]"
482,N2,2,1,"[""N2/f482""]","[963,964]"
483,N2,2,1,"[""N2/f483""]","[965,966]"
484,N2,2,1,"[""N2/f484""]","[967,968]"
485,N2,2,1,"[""N2/f485""]","[969,970]"
486,N2,2,1,"[""N2/f486""]","[971,972]"
487,N2,2,1,"[""N2/f487""]","[973,974]"
488,N2,2,1,"[""N2/f488""]","[975,976]"
489,N2,2,1,"[""N2/f489""]","[977,978]"
490,N2,2,1,"[""N2/f490""]","[979,980]"
491,N2,2,1,"[""N2/f491""]","[981,982]"
492,N2,2,1,"[""N2/f492""]","[983,984]"
493,N2,2,1,"[""N2/f493""]","[985,986]"
494,N2,2,1,"[""N2/f494""]","[987,988]"
495,N2,2,1,"[""N2/f495""]","[989,990]"
496,N2,2,1,"[""N2/f496""]","[991,992]"
497,N2,2,1,"[""N2/f497""]","[993,994]"
498,N2,2,1,"[""N2/f498""]","[995,996]"
499,N2,2,1,"[""N2/f499""]","[997,998]"
500,N2,2,1,"[""N2/f500""]","[999,1000]"
501,N2,2,1,"[""N2/f501""]","[1001,1002]"
502,N2,2,1,"[""N2/f502""]","[1003,1004]"
503,N2,2,1,"[""N2/f503""]","[1005,1006]"
504,N2,2,1,"[""N2/f504""]","[1007,1008]"
505,N2,2,1,"[""N2/f505""]","[1009,1010]"
506,N2,2,1,"[""N2/f506""]","[1011,1012]"
507,N2,2,1,"[""N2/f507""]","[1013,1014]"
508,N2,2,1,"[""N2/f508""]","[1015,1016]"
509,N2,2,1,"[""N2/f509""]","[1017,1018]"
510,N2,2,1,"[""N2/f510""]","[1019,1020]"
511,N2,2,1,"[""N2/f511""]","[1021,1022]"
512,N2,2,1,"[""N2/f512""]","[1023,1024]"
513,N2,2,1,"[""N2/f513""]","[1025,1026]"
514,N2,2,1,"[""N2/f514""]","[1027,1028]"
515,N2,2,1,"[""N2/f515""]","[1029,1030]"
516,N2,2,1,"[""N2/f516""]","[1031,1032]"
517,N2,2,1,"[""N2/f517""]","[1033,1034]"
518,N2,2,1,"[""N2/f518""]","[1035,1036]"
519,N2,2,1,"[""N2/f519""]","[1037,1038]"
520,N2,2,1,"[""N2/f520""]","[1039,1040]"
521,N2,2,1,"[""N2/f521""]","[1041,1042]"
522,N2,2,1,"[""N2/f522""]","[1043,1044]"
523,N2,2,1,"[""N2/f523""]","[1045,1046]"
524,N2,2,1,"[""N2/f524""]","[1047,1048]"
525,N2,2,1,"[""N2/f525""]","[1049,1050]"
526,N2,2,1,"[""N2/f526""]","[1051,1052]"
527,N2,2,1,"[""N2/f527""]","[1053,1054]"
528,N2,2,1,"[""N2/f528""]","[1055,1056]"
529,N2,2,1,"[""N2/f529""]","[1057,1058]"
530,N2,2,1,"[""N2/f530""]","[1059,1060]"
531,N2,2,1,"[""N2/f531""]","[1061,1062]"
532,N2,2,1,"[""N2/f532""]","[1063,1064]"
533,N2,2,1,"[""N2/f533""]","[1065,1066]"
534,N2,2,1,"[""N2/f534""]","[1067,1068]"
535,N2,2,1,"[""N2/f535""]","[1069,1070]"
536,N2,2,1,"[""N2/f536""]","[1071,1072]"
537,N2,2,1,"[""N2/f537""]","[1073,1074]"
538,N2,2,1,"[""N2/f538""]","[1075,1076]"
539,N2,2,1,"[""N2/f539""]","[1077,1078]"
540,N2,2,1,"[""N2/f540""]","[1079,1080]"
541,N2,2,1,"[""N2/f541""]","[1081,1082]"
542,N2,2,1,"[""N2/f542""]","[1083,1084]"
543,N2,2,1,"[""N2/f543""]","[1085,1086]"
544,N2,2,1,"[""N2/f544""]","[1087,1088]"
545,N2,2,1,"[""N2/f545""]","[1089,1090]"
546,N2,2,1,"[""N2/f546""]","[1091,1092]"
547,N2,2,1,"[""N2/f547""]","[1093,1094]"
548,N2,2,1,"[""N2/f548""]","[1095,1096]"
549,N2,2,1,"[""N2/f549""]","[1097,1098]"
550,N2,2,1,"[""N2/f550""]","[1099,1100]"
551,N2,2,1,"[""N2/f551""]","[1101,1102]"
552,N2,2,1,"[""N2/f552""]","[1103,1104]"
553,N2,2,1,"[""N2/f553""]","[1105,1106]"
554,N2,2,1,"[""N2/f554""]","[1107,1108]"
555,N2,2,1,"[""N2/f555""]","[1109,1110]"
556,N2,2,1,"[""N2/f556""]","[1111,1112]"
557,N2,2,1,"[""N2/f557""]","[1113,1114]"
558,N2,2,1,"[""N2/f558""]","[1115,1116]"
559,N2,2,1,"[""N2/f559""]","[1117,1118]"
560,N2,2,1,"[""N2/f560""]","[1119,1120]"
561,N2,2,1,"[""N2/f561""]","[1121,1122]"
562,N2,2,1,"[""N2/f562""]","[1123,1124]"
563,N2,2,1,"[""N2/f563""]","[1125,1126]"
564,N2,2,1,"[""N2/f564""]","[1127,1128]"
565,N2,2,1,"[""N2/f565""]","[1129,1130]"
566,N2,2,1,"[""N2/f566""]","[1131,1132]"
567,N2,2,1,"[""N2/f567""]","[1133,1134]"
568,N2,2,1,"[""N2/f568""]","[1135,1136]"
569,N2,2,1,"[""N2/f569""]","[1137,1138]"
570,N2,2,1,"[""N2/f570""]","[1139,1140]"
571,N2,2,1,"[""N2/f571""]","[1141,1142]"
572,N2,2,1,"[""N2/f572""]","[1143,1144]"
573,N2,2,1,"[""N2/f573""]","[1145,1146]"
574,N2,2,1,"[""N2/f574""]","[1147,1148]"
575,N2,2,1,"[""N2/f575""]","[1149,1150]"
576,N2,2,1,"[""N2/f576""]","[1151,1152]"
577,N2,2,1,"[""N2/f577""]","[1153,1154]"
578,N2,2,1,"[""N2/f578""]","[1155,1156]"
579,N2,2,1,"[""N2/f579""]","[1157,1158]"
580,N2,2,1,"[""N2/f580""]","[1159,1160]"
581,N2,2,1,"[""N2/f581""]","[1161,1162]"
582,N2,2,1,"[""N2/f582""]","[1163,1164]"
583,N2,2,1,"[""N2/f583""]","[1165,1166]"
584,N2,2,1,"[""N2/f584""]","[1167,1168]"
585,N2,2,1,"[""N2/f585""]","[1169,1170]"
586,N2,2,1,"[""N2/f586""]","[1171,1172]"
587,N2,2,1,"[""N2/f587""]","[1173,1174]"
588,N2,2,1,"[""N2/f588""]","[1175,1176]"
589,N2,2,1,"[""N2/f589""]","[1177,1178]"
590,N2,2,1,"[""N2/f590""]","[1179,1180]"
591,N2,2,1,"[""N2/f591""]","[1181,1182]"
592,N2,2,1,"[""N2/f592""]","[1183,1184]"
593,N2,2,1,"[""N2/f593""]","[1185,1186]"
594,N2,2,1,"[""N2/f594""]","[1187,1188]"
595,N2,2,1,"[""N2/f595""]","[1189,1190]"
596,N2,2,1,"[""N2/f596""]","[1191,1192]"
597,N2,2,1,"[""N2/f597""]","[1193,1194]"
598,N2,2,1,"[""N2/f598""]","[1195,1196]"
599,N2,2,1,"[""N2/f599""]","[1197,1198]"
600,N2,2,1,"[""N2/f600""]","[1199,1200]"
601,N2,2,1,"[""N2/f601""]","[1201,1202]"
602,N2,2,1,"[""N2/f602""]","[1203,1204]"
603,N2,2,1,"[""N2/f603""]","[1205,1206]"
604,N2,2,1,"[""N2/f604""]","[1207,1208]"
605,N2,2,1,"[""N2/f605""]","[1209,1210]"
606,N2,2,1,"[""N2/f606""]","[1211,1212]"
607,N2,2,1,"[""N2/f607""]","[1213,1214]"
608,N2,2,1,"[""N2/f608""]","[1215,1216]"
609,N2,2,1,"[""N2/f609""]","[1217,1218]"
610,N2,2,1,"[""N2/f610""]","[1219,1220]"
611,N2,2,1,"[""N2/f611""]","[1221,1222]"
612,N2,2,1,"[""N2/f612""]","[1223,1224]"
613,N2,2,1,"[""N2/f613""]","[1225,1226]"
614,N2,2,1,"[""N2/f614""]","[1227,1228]"
615,N2,2,1,"[""N2/f615""]","[1229,1230]"
616,N2,2,1,"[""N2/f616""]","[1231,1232]"
617,N2,2,1,"[""N2/f617""]","[1233,1234]"
618,N2,2,1,"[""N2/f618""]","[1235,1236]"
619,N2,2,1,"[""N2/f619""]","[1237,1238]"
620,N2,2,1,"[""N2/f620""]","[1239,1240]"
621,N2,2,1,"[""N2/f621""]","[1241,1242]"
622,N2,2,1,"[""N2/f622""]","[1243,1244]"
623,N2,2,1,"[""N2/f623""]","[1245,1246]"
624,N2,2,1,"[""N2/f624""]","[1247,1248]"
625,N2,2,1,"[""N2/f625""]","[1249,1250]"
626,N2,2,1,"[""N2/f626""]","[1251,1252]"
627,N2,2,1,"[""N2/f627""]","[1253,1254]"
628,N2,2,1,"[""N2/f628""]","[1255,1256]"
629,N2,2,1,"[""N2/f629""]","[1257,1258]"
630,N2,2,1,"[""N2/f630""]","[1259,1260]"
631,N2,2,1,"[""N2/f631""]","[1261,1262]"
632,N2,2,1,"[""N2/f632""]","[1263,1264]"
633,N2,2,1,"[""N2/f633""]","[1265,1266]"
634,N2,2,1,"[""N2/f634""]","[1267,1268]"
635,N2,2,1,"[""N2/f635""]","[1269,1270]"
636,N2,2,1,"[""N2/f636""]","[1271,1272]"
637,N2,2,1,"[""N2/f637""]","[1273,1274]"
638,N2,2,1,"[""N2/f638""]","[1275,1276]"
639,N2,2,1,"[""N2/f639""]","[1277,1278]"
640,N2,2,1,"[""N2/f640""]","[1279,1280]"
641,N2,2,1,"[""N2/f641""]","[1281,1282]"
642,N2,2,1,"[""N2/f642""]","[1283,1284]"
643,N2,2,1,"[""N2/f643""]","[1285,1286]"
644,N2,2,1,"[""N2/f644""]","[1287,1288]"
645,N2,2,1,"[""N2/f645""]","[1289,1290]"
646,N2,2,1,"[""N2/f646""]","[1291,1292]"
647,N2,2,1,"[""N2/f647""]","[1293,1294]"
648,N2,2,1,"[""N2/f648""]","[1295,1296]"
649,N2,2,1,"[""N2/f649""]","[1297,1298]"
650,N2,2,1,"[""N2/f650""]","[1299,1300]"
651,N2,2,1,"[""N2/f651""]","[1301,1302]"
652,N2,2,1,"[""N2/f652""]","[1303,1304]"
653,N2,2,1,"[""N2/f653""]","[1305,1306]"
654,N2,2,1,"[""N2/f654""]","[1307,1308]"
655,N2,2,1,"[""N2/f655""]","[1309,1310]"
656,N2,2,1,"[""N2/f656""]","[1311,1312]"
657,N2,2,1,"[""N2/f657""]","[1313,1314]"
658,N2,2,1,"[""N2/f658""]","[1315,1316]"
659,N2,2,1,"[""N2/f659""]","[1317,1318]"
660,N2,2,1,"[""N2/f660""]","[1319,1320]"
661,N2,2,1,"[""N2/f661""]","[1321,1322]"
662,N2,2,1,"[""N2/f662""]","[1323,1324]"
663,N2,2,1,"[""N2/f663""]","[1325,1326]"
664,N2,2,1,"[""N2/f664""]","[1327,1328]"
665,N2,2,1,"[""N2/f665""]","[1329,1330]"
666,N2,2,1,"[""N2/f666""]","[1331,1332]"
667,N2,2,1,"[""N2/f667""]","[1333,1334]"
668,N2,2,1,"[""N2/f668""]","[1335,1336]"
669,N2,2,1,"[""N2/f669""]","[1337,1338]"
670,N2,2,1,"[""N2/f670""]","[1339,1340]"
671,N2,2,1,"[""N2/f671""]","[1341,1342]"
672,N2,2,1,"[""N2/f672""]","[1343,1344]"
673,N2,2,1,"[""N2/f673""]","[1345,1346]"
674,N2,2,1,"[""N2/f674""]","[1347,1348]"
675,N2,2,1,"[""N2/f675""]","[1349,1350]"
676,N2,2,1,"[""N2/f676""]","[1351,1352]"
677,N2,2,1,"[""N2/f677""]","[1353,1354]"
678,N2,2,1,"[""N2/f678""]","[1355,1356]"
679,N2,2,1,"[""N2/f679""]","[1357,1358]"
680,N2,2,1,"[""N2/f680""]","[1359,1360]"
681,N2,2,1,"[""N2/f681""]","[1361,1362]"
682,N2,2,1,"[""N2/f682""]","[1363,1364]"
683,N2,2,1,"[""N2/f683""]","[1365,1366]"
684,N2,2,1,"[""N2/f684""]","[1367,1368]"
685,N2,2,1,"[""N2/f685""]","[1369,1370]"
686,N2,2,1,"[""N2/f686""]","[1371,1372]"
687,N2,2,1,"[""N2/f687""]","[1373,1374]"
688,N2,2,1,"[""N2/f688""]","[1375,1376]"
689,N2,2,1,"[""N2/f689""]","[1377,1378]"
690,N2,2,1,"[""N2/f690""]","[1379,1380]"
691,N2,2,1,"[""N2/f691""]","[1381,1382]"
692,N2,2,1,"[""N2/f692""]","[1383,1384]"
693,N2,2,1,"[""N2/f693""]","[1385,1386]"
694,N2,2,1,"[""N2/f694""]","[1387,1388]"
695,N2,2,1,"[""N2/f695""]","[1389,1390]"
696,N2,2,1,"[""N2/f696""]","[1391,1392]"
697,N2,2,1,"[""N2/f697""]","[1393,1394]"
698,N2,2,1,"[""N2/f698""]","[1395,1396]"
699,N2,2,1,"[""N2/f699""]","[1397,1398]"
700,N2,2,1,"[""N2/f700""]","[1399,1400]"
701,N2,2,1,"[""N2/f701""]","[1401,1402]"
702,N2,2,1,"[""N2/f702""]","[1403,1404]"
703,N2,2,1,"[""N2/f703""]","[1405,1406]"
704,N2,2,1,"[""N2/f704""]","[1407,1408]"
705,N2,2,1,"[""N2/f705""]","[1409,1410]"
706,N2,2,1,"[""N2/f706""]","[1411,1412]"
707,N2,2,1,"[""N2/f707""]","[1413,1414]"
708,N2,2,1,"[""N2/f708""]","[1415,1416]"
709,N2,2,1,"[""N2/f709""]","[1417,1418]"
710,N2,2,1,"[""N2/f710""]","[1419,1420]"
711,N2,2,1,"[""N2/f711""]","[1421,1422]"
712,N2,2,1,"[""N2/f712""]","[1423,1424]"
713,N2,2,1,"[""N2/f713""]","[1425,1426]"
714,N2,2,1,"[""N2/f714""]","[1427,1428]"
715,N2,2,1,"[""N2/f715""]","[1429,1430]"
716,N2,2,1,"[""N2/f716""]","[1431,1432]"
717,N2,2,1,"[""N2/f717""]","[1433,1434]"
718,N2,2,1,"[""N2/f718""]","[1435,1436]"
719,N2,2,1,"[""N2/f719""]","[1437,1438]"
720,N2,2,1,"[""N2/f720""]","[1439,1440]"
721,N2,2,1,"[""N2/f721""]","[1441,1442]"
722,N2,2,1,"[""N2/f722""]","[1443,1444]"
723,N2,2,1,"[""N2/f723""]","[1445,1446]"
724,N2,2,1,"[""N2/f724""]","[1447,1448]"
725,N2,2,1,"[""N2/f725""]","[1449,1450]"
726,N2,2,1,"[""N2/f726""]","[1451,1452]"
727,N2,2,1,"[""N2/f727""]","[1453,1454]"
728,N2,2,1,"[""N2/f728""]","[1455,1456]"
729,N2,2,1,"[""N2/f729""]","[1457,1458]"
730,N2,2,1,"[""N2/f730""]","[1459,1460]"
731,N2,2,1,"[""N2/f731""]","[1461,1462]"
732,N2,2,1,"[""N2/f732""]","[1463,1464]"
733,N2,2,1,"[""N2/f733""]","[1465,1466]"
734,N2,2,1,"[""N2/f734""]","[1467,1468]"
735,N2,2,1,"[""N2/f735""]","[1469,1470]"
736,N2,2,1,"[""N2/f736""]","[1471,1472]"
737,N2,2,1,"[""N2/f737""]","[1473,1474]"
738,N2,2,1,"[""N2/f738""]","[1475,1476]"
739,N2,2,1,"[""N2/f739""]","[1477,1478]"
740,N2,2,1,"[""N2/f740""]","[1479,1480]"
741,N2,2,1,"[""N2/f741""]","[1481,1482]"
742,N2,2,1,"[""N2/f742""]","[1483,1484]"
743,N2,2,1,"[""N2/f743""]","[1485,1486]"
744,N2,2,1,"[""N2/f744""]","[1487,1488]"
745,N2,2,1,"[""N2/f745""]","[1489,1490]"
746,N2,2,1,"[""N2/f746""]","[1491,1492]"
747,N2,2,1,"[""N2/f747""]","[1493,1494]"
748,N2,2,1,"[""N2/f748""]","[1495,1496]"
749,N2,2,1,"[""N2/f749""]","[1497,1498]"
750,N2,2,1,"[""N2/f750""]","[1499,1500]"
751,N2,2,1,"[""N2/f751""]","[1501,1502]"
752,N2,2,1,"[""N2/f752""]","[1503,1504]"
753,N2,2,1,"[""N2/f753""]","[1505,1506]"
754,N2,2,1,"[""N2/f754""]","[1507,1508]"
755,N2,2,1,"[""N2/f755""]","[1509,1510]"
756,N2,2,1,"[""N2/f756""]","[1511,1512]"
757,N2,2,1,"[""N2/f757""]","[1513,1514]"
758,N2,2,1,"[""N2/f758""]","[1515,1516]"
759,N2,2,1,"[""N2/f759""]","[1517,1518]"
760,N2,2,1,"[""N2/f760""]","[1519,1520]"
761,N2,2,1,"[""N2/f761""]","[1521,1522]"
762,N2,2,1,"[""N2/f762""]","[1523,1524]"
763,N2,2,1,"[""N2/f763""]","[1525,1526]"
764,N2,2,1,"[""N2/f764""]","[1527,1528]"
765,N2,2,1,"[""N2/f765""]","[1529,1530]"
766,N2,2,1,"[""N2/f766""]","[1531,1532]"
767,N2,2,1,"[""N2/f767""]","[1533,1534]"
768,N2,2,1,"[""N2/f768""]","[1535,1536]"
769,N2,2,1,"[""N2/f769""]","[1537,1538]"
770,N2,2,1,"[""N2/f770""]","[1539,1540]"
771,N2,2,1,"[""N2/f771""]","[1541,1542]"
772,N2,2,1,"[""N2/f772""]","[1543,1544]"
773,N2,2,1,"[""N2/f773""]","[1545,1546]"
774,N2,2,1,"[""N2/f774""]","[1547,1548]"
775,N2,2,1,"[""N2/f775""]","[1549,1550]"
776,N2,2,1,"[""N2/f776""]","[1551,1552]"
777,N2,2,1,"[""N2/f777""]","[1553,1554]"
778,N2,2,1,"[""N2/f778""]","[1555,1556]"
779,N2,2,1,"[""N2/f779""]","[1557,1558]"
780,N2,2,1,"[""N2/f780""]","[1559,1560]"
781,N2,2,1,"[""N2/f781""]","[1561,1562]"
782,N2,2,1,"[""N2/f782""]","[1563,1564]"
783,N2,2,1,"[""N2/f783""]","[1565,1566]"
784,N2,2,1,"[""N2/f784""]","[1567,1568]"
785,N2,2,1,"[""N2/f785""]","[1569,1570]"
786,N2,2,1,"[""N2/f786""]","[1571,1572]"
787,N2,2,1,"[""N2/f787""]","[1573,1574]"
788,N2,2,1,"[""N2/f788""]","[1575,1576]"
789,N2,2,1,"[""N2/f789""]","[1577,1578]"
790,N2,2,1,"[""N2/f790""]","[1579,1580]"
791,N2,2,1,"[""N2/f791""]","[1581,1582]"
792,N2,2,1,"[""N2/f792""]","[1583,1584]"
793,N2,2,1,"[""N2/f793""]","[1585,1586]"
794,N2,2,1,"[""N2/f794""]","[1587,1588]"
795,N2,2,1,"[""N2/f795""]","[1589,1590]"
796,N2,2,1,"[""N2/f796""]","[1591,1592]"
797,N2,2,1,"[""N2/f797""]","[1593,1594]"
798,N2,2,1,"[""N2/f798""]","[1595,1596]"
799,N2,2,1,"[""N2/f799""]","[1597,1598]"
800,N2,2,1,"[""N2/f800""]","[1599,1600]"
801,N2,2,1,"[""N2/f801""]","[1601,1602]"
802,N2,2,1,"[""N2/f802""]","[1603,1604]"
803,N2,2,1,"[""N2/f803""]","[1605,1606]"
804,N2,2,1,"[""N2/f804""]","[1607,1608]"
805,N2,2,1,"[""N2/f805""]","[1609,1610]"
806,N2,2,1,"[""N2/f806""]","[1611,1612]"
807,N2,2,1,"[""N2/f807""]","[1613,1614]"
808,N2,2,1,"[""N2/f808""]","[1615,1616]"
809,N2,2,1,"[""N2/f809""]","[1617,1618]"
810,N2,2,1,"[""N2/f810""]","[1619,1620]"
811,N2,2,1,"[""N2/f811""]","[1621,1622]"
812,N2,2,1,"[""N2/f812""]","[1623,1624]"
813,N2,2,1,"[""N2/f813""]","[1625,1626]"
814,N2,2,1,"[""N2/f814""]","[1627,1628]"
815,N2,2,1,"[""N2/f815""]","[1629,1630]"
816,N2,2,1,"[""N2/f816""]","[1631,1632]"
817,N2,2,1,"[""N2/f817""]","[1633,1634]"
818,N2,2,1,"[""N2/f818""]","[1635,1636]"
819,N2,2,1,"[""N2/f819""]","[1637,1638]"
820,N2,2,1,"[""N2/f820""]","[1639,1640]"
821,N2,2,1,"[""N2/f821""]","[1641,1642]"
822,N2,2,1,"[""N2/f822""]","[1643,1644]"
823,N2,2,1,"[""N2/f823""]","[1645,1646]"
824,N2,2,1,"[""N2/f824""]","[1647,1648]"
825,N2,2,1,"[""N2/f825""]","[1649,1650]"
826,N2,2,1,"[""N2/f826""]","[1651,1652]"
827,N2,2,1,"[""N2/f827""]","[1653,1654]"
828,N2,2,1,"[""N2/f828""]","[1655,1656]"
829,N2,2,1,"[""N2/f829""]","[1657,1658]"
830,N2,2,1,"[""N2/f830""]","[1659,1660]"
831,N2,2,1,"[""N2/f831""]","[1661,1662]"
832,N2,2,1,"[""N2/f832""]","[1663,1664]"
833,N2,2,1,"[""N2/f833""]","[1665,1666]"
834,N2,2,1,"[""N2/f834""]","[1667,1668]"
835,N2,2,1,"[""N2/f835""]","[1669,1670]"
836,N2,2,1,"[""N2/f836""]","[1671,1672]"
837,N2,2,1,"[""N2/f837""]","[1673,1674]"
838,N2,2,1,"[""N2/f838""]","[1675,1676]"
839,N2,2,1,"[""N2/f839""]","[1677,1678]"
840,N2,2,1,"[""N2/f840""]","[1679,1680]"
841,N2,2,1,"[""N2/f841""]","[1681,1682]"
842,N2,2,1,"[""N2/f842""]","[1683,1684]"
843,N2,2,1,"[""N2/f843""]","[1685,1686]"
844,N2,2,1,"[""N2/f844""]","[1687,1688]"
845,N2,2,1,"[""N2/f845""]","[1689,1690]"
846,N2,2,1,"[""N2/f846""]","[1691,1692]"
847,N2,2,1,"[""N2/f847""]","[1693,1694]"
848,N2,2,1,"[""N2/f848""]","[1695,1696]"
849,N2,2,1,"[""N2/f849""]","[1697,1698]"
850,N2,2,1,"[""N2/f850""]","[1699,1700]"
851,N2,2,1,"[""N2/f851""]","[1701,1702]"
852,N2,2,1,"[""N2/f852""]","[1703,1704]"
853,N2,2,1,"[""N2/f853""]","[1705,1706]"
854,N2,2,1,"[""N2/f854""]","[1707,1708]"
855,N2,2,1,"[""N2/f855""]","[1709,1710]"
856,N2,2,1,"[""N2/f856""]","[1711,1712]"
857,N2,2,1,"[""N2/f857""]","[1713,1714]"
858,N2,2,1,"[""N2/f858""]","[1715,1716]"
859,N2,2,1,"[""N2/f859""]","[1717,1718]"
860,N2,2,1,"[""N2/f860""]","[1719,1720]"
861,N2,2,1,"[""N2/f861""]","[1721,1722]"
862,N2,2,1,"[""N2/f862""]","[1723,1724]"
863,N2,2,1,"[""N2/f863""]","[1725,1726]"
864,N2,2,1,"[""N2/f864""]","[1727,1728]"
865,N2,2,1,"[""N2/f865""]","[1729,1730]"
866,N2,2,1,"[""N2/f866""]","[1731,1732]"
867,N2,2,1,"[""N2/f867""]","[1733,1734]"
868,N2,2,1,"[""N2/f868""]","[1735,1736]"
869,N2,2,1,"[""N2/f869""]","[1737,1738]"
870,N2,2,1,"[""N2/f870""]","[1739,1740]"
871,N2,2,1,"[""N2/f871""]","[1741,1742]"
872,N2,2,1,"[""N2/f872""]","[1743,1744]"
873,N2,2,1,"[""N2/f873""]","[1745,1746]"
874,N2,2,1,"[""N2/f874""]","[1747,1748]"
875,N2,2,1,"[""N2/f875""]","[1749,1750]"
876,N2,2,1,"[""N2/f876""]","[1751,1752]"
877,N2,2,1,"[""N2/f877""]","[1753,1754]"
878,N2,2,1,"[""N2/f878""]","[1755,1756]"
879,N2,2,1,"[""N2/f879""]","[1757,1758]"
880,N2,2,1,"[""N2/f880""]","[1759,1760]"
881,N2,2,1,"[""N2/f881""]","[1761,1762]"
882,N2,2,1,"[""N2/f882""]","[1763,1764]"
883,N2,2,1,"[""N2/f883""]","[1765,1766]"
884,N2,2,1,"[""N2/f884""]","[1767,1768]"
885,N2,2,1,"[""N2/f885""]","[1769,1770]"
886,N2,2,1,"[""N2/f886""]","[1771,1772]"
887,N2,2,1,"[""N2/f887""]","[1773,1774]"
888,N2,2,1,"[""N2/f888""]","[1775,1776]"
889,N2,2,1,"[""N2/f889""]","[1777,1778]"
890,N2,2,1,"[""N2/f890""]","[1779,1780]"
891,N2,2,1,"[""N2/f891""]","[1781,1782]"
892,N2,2,1,"[""N2/f892""]","[1783,1784]"
893,N2,2,1,"[""N2/f893""]","[1785,1786]"
894,N2,2,1,"[""N2/f894""]","[1787,1788]"
895,N2,2,1,"[""N2/f895""]","[1789,1790]"
896,N2,2,1,"[""N2/f896""]","[1791,1792]"
897,N2,2,1,"[""N2/f897""]","[1793,1794]"
898,N2,2,1,"[""N2/f898""]","[1795,1796]"
899,N2,2,1,"[""N2/f899""]","[1797,1798]"
900,N2,2,1,"[""N2/f900""]","[1799,1800]"
901,N2,2,1,"[""N2/f901""]","[1801,1802]"
902,N2,2,1,"[""N2/f902""]","[1803,1804]"
903,N2,2,1,"[""N2/f903""]","[1805,1806]"
904,N2,2,1,"[""N2/f904""]","[1807,1808]"
905,N2,2,1,"[""N2/f905""]","[1809,1810]"
906,N2,2,1,"[""N2/f906""]","[1811,1812]"
907,N2,2,1,"[""N2/f907""]","[1813,1814]"
908,N2,2,1,"[""N2/f908""]","[1815,1816]"
909,N2,2,1,"[""N2/f909""]","[1817,1818]"
910,N2,2,1,"[""N2/f910""]","[1819,1820]"
911,N2,2,1,"[""N2/f911""]","[1821,1822]"
912,N2,2,1,"[""N2/f912""]","[1823,1824]"
913,N2,2,1,"[""N2/f913""]","[1825,1826]"
914,N2,2,1,"[""N2/f914""]","[1827,1828]"
915,N2,2,1,"[""N2/f915""]","[1829,1830]"
916,N2,2,1,"[""N2/f916""]","[1831,1832]"
917,N2,2,1,"[""N2/f917""]","[1833,1834]"
918,N2,2,1,"[""N2/f918""]","[1835,1836]"
919,N2,2,1,"[""N2/f919""]","[1837,1838]"
920,N2,2,1,"[""N2/f920""]","[1839,1840]"
921,N2,2,1,"[""N2/f921""]","[1841,1842]"
922,N2,2,1,"[""N2/f922""]","[1843,1844]"
923,N2,2,1,"[""N2/f923""]","[1845,1846]"
924,N2,2,1,"[""N2/f924""]","[1847,1848]"
925,N2,2,1,"[""N2/f925""]","[1849,1850]"
926,N2,2,1,"[""N2/f926""]","[1851,1852]"
927,N2,2,1,"[""N2/f927""]","[1853,1854]"
928,N2,2,1,"[""N2/f928""]","[1855,1856]"
929,N2,2,1,"[""N2/f929""]","[1857,1858]"
930,N2,2,1,"[""N2/f930""]","[1859,1860]"
931,N2,2,1,"[""N2/f931""]","[1861,1862]"
932,N2,2,1,"[""N2/f932""]","[1863,1864]"
933,N2,2,1,"[""N2/f933""]","[1865,1866]"
934,N2,2,1,"[""N2/f934""]","[1867,1868]"
935,N2,2,1,"[""N2/f935""]","[1869,1870]"
936,N2,2,1,"[""N2/f936""]","[1871,1872]"
937,N2,2,1,"[""N2/f937""]","[1873,1874]"
938,N2,2,1,"[""N2/f938""]","[1875,1876]"
939,N2,2,1,"[""N2/f939""]","[1877,1878]"
940,N2,2,1,"[""N2/f940""]","[1879,1880]"
941,N2,2,1,"[""N2/f941""]","[1881,1882]"
942,N2,2,1,"[""N2/f942""]","[1883,1884]"
943,N2,2,1,"[""N2/f943""]","[1885,1886]"
944,N2,2,1,"[""N2/f944""]","[1887,1888]"
945,N2,2,1,"[""N2/f945""]","[1889,1890]"
946,N2,2,1,"[""N2/f946""]","[1891,1892]"
947,N2,2,1,"[""N2/f947""]","[1893,1894]"
948,N2,2,1,"[""N2/f948""]","[1895,1896]"
949,N2,2,1,"[""N2/f949""]","[1897,1898]"
950,N2,2,1,"[""N2/f950""]","[1899,1900]"
951,N2,2,1,"[""N2/f951""]","[1901,1902]"
952,N2,2,1,"[""N2/f952""]","[1903,1904]"
953,N2,2,1,"[""N2/f953""]","[1905,1906]"
954,N2,2,1,"[""N2/f954""]","[1907,1908]"
955,N2,2,1,"[""N2/f955""]","[1909,1910]"
956,N2,2,1,"[""N2/f956""]","[1911,1912]"
957,N2,2,1,"[""N2/f957""]","[1913,1914]"
958,N2,2,1,"[""N2/f958""]","[1915,1916]"
959,N2,2,1,"[""N2/f959""]","[1917,1918]"
960,N2,2,1,"[""N2/f960""]","[1919,1920]"
961,N2,2,1,"[""N2/f961""]","[1921,1922]"
962,N2,2,1,"[""N2/f962""]","[1923,1924]"
963,N2,2,1,"[""N2/f963""]","[1925,1926]"
964,N2,2,1,"[""N2/f964""]","[1927,1928]"
965,N2,2,1,"[""N2/f965""]","[1929,1930]"
966,N2,2,1,"[""N2/f966""]","[1931,1932]"
967,N2,2,1,"[""N2/f967""]","[1933,1934]"
968,N2,2,1,"[""N2/f968""]","[1935,1936]"
969,N2,2,1,"[""N2/f969""]","[1937,1938]"
970,N2,2,1,"[""N2/f970""]","[1939,1940]"
971,N2,2,1,"[""N2/f971""]","[1941,1942]"
972,N2,2,1,"[""N2/f972""]","[1943,1944]"
973,N2,2,1,"[""N2/f973""]","[1945,1946]"
974,N2,2,1,"[""N2/f974""]","[1947,1948]"
975,N2,2,1,"[""N2/f975""]","[1949,1950]"
976,N2,2,1,"[""N2/f976""]","[1951,1952]"
977,N2,2,1,"[""N2/f977""]","[1953,1954]"
978,N2,2,1,"[""N2/f978""]","[1955,1956]"
979,N2,2,1,"[""N2/f979""]","[1957,1958]"
980,N2,2,1,"[""N2/f980""]","[1959,1960]"
981,N2,2,1,"[""N2/f981""]","[1961,1962]"
982,N2,2,1,"[""N2/f982""]","[1963,1964]"
983,N2,2,1,"[""N2/f983""]","[1965,1966]"
984,N2,2,1,"[""N2/f984""]","[1967,1968]"
985,N2,2,1,"[""N2/f985""]","[1969,1970]"
986,N2,2,1,"[""N2/f986""]","[1971,1972]"
987,N2,2,1,"[""N2/f987""]","[1973,1974]"
988,N2,2,1,"[""N2/f988""]","[1975,1976]"
989,N2,2,1,"[""N2/f989""]","[1977,1978]"
990,N2,2,1,"[""N2/f990""]","[1979,1980]"
991,N2,2,1,"[""N2/f991""]","[1981,1982]"
992,N2,2,1,"[""N2/f992""]","[1983,1984]"
993,N2,2,1,"[""N2/f993""]","[1985,1986]"
994,N2,2,1,"[""N2/f994""]","[1987,1988]"
995,N2,2,1,"[""N2/f995""]","[1989,1990]"
996,N2,2,1,"[""N2/f996""]","[1991,1992]"
997,N2,2,1,"[""N2/f997""]","[1993,1994]"
998,N2,2,1,"[""N2/f998""]","[1995,1996]"
999,N2,2,1,"[""N2/f999""]","[1997,1998]"
1000,N2,2,1,"[""N2/f1000""]","[1999,2000]"
1001,N2,2,1,"[""N2/f1001""]","[2001,2002]"
1002,N2,2,1,"[""N2/f1002""]","[2003,2004]"
1003,N2,2,1,"[""N2/f1003""]","[2005,2006]"
1004,N2,2,1,"[""N2/f1004""]","[2007,2008]"
1005,N2,2,1,"[""N2/f1005""]","[2009,2010]"
1006,N2,2,1,"[""N2/f1006""]","[2011,2012]"
1007,N2,2,1,"[""N2/f1007""]","[2013,2014]"
1008,N2,2,1,"[""N2/f1008""]","[2015,2016]"
1009,N2,2,1,"[""N2/f1009""]","[2017,2018]"
1010,N2,2,1,"[""N2/f1010""]","[2019,2020]"
1011,N2,2,1,"[""N2/f1011""]","[2021,2022]"
1012,N2,2,1,"[""N2/f1012""]","[2023,2024]"
1013,N2,2,1,"[""N2/f1013""]","[2025,2026]"
1014,N2,2,1,"[""N2/f1014""]","[2027,2028]"
1015,N2,2,1,"[""N2/f1015""]","[2029,2030]"
1016,N2,2,1,"[""N2/f1016""]","[2031,2032]"
1017,N2,2,1,"[""N2/f1017""]","[2033,2034]"
1018,N2,2,1,"[""N2/f1018""]","[2035,2036]"
1019,N2,2,1,"[""N2/f1019""]","[2037,2038]"
1020,N2,2,1,"[""N2/f1020""]","[2039,2040]"
1021,N2,2,1,"[""N2/f1021""]","[2041,2042]"
1022,N2,2,1,"[""N2/f1022""]","[2043,2044]"
1023,N2,2,1,"[""N2/f1023""]","[2045,2046]"
1024,N2,2,1,"[""N2/f1024""]","[2047,2048]"
1025,N2,2,1,"[""N2/f1025""]","[2049,2050]"
1026,N2,2,1,"[""N2/f1026""]","[2051,2052]"
1027,N2,2,1,"[""N2/f1027""]","[2053,2054]"
1028,N2,2,1,"[""N2/f1028""]","[2055,2056]"
1029,N2,2,1,"[""N2/f1029""]","[2057,2058]"
1030,N2,2,1,"[""N2/f1030""]","[2059,2060]"
1031,N2,2,1,"[""N2/f1031""]","[2061,2062]"
1032,N2,2,1,"[""N2/f1032""]","[2063,2064]"
1033,N2,2,1,"[""N2/f1033""]","[2065,2066]"
1034,N2,2,1,"[""N2/f1034""]","[2067,2068]"
1035,N2,2,1,"[""N2/f1035""]","[2069,2070]"
1036,N2,2,1,"[""N2/f1036""]","[2071,2072]"
1037,N2,2,1,"[""N2/f1037""]","[2073,2074]"
1038,N2,2,1,"[""N2/f1038""]","[2075,2076]"
1039,N2,2,1,"[""N2/f1039""]","[2077,2078]"
1040,N2,2,1,"[""N2/f1040""]","[2079,2080]"
1041,N2,2,1,"[""N2/f1041""]","[2081,2082]"
1042,N2,2,1,"[""N2/f1042""]","[2083,2084]"
1043,N2,2,1,"[""N2/f1043""]","[2085,2086]"
1044,N2,2,1,"[""N2/f1044""]","[2087,2088]"
1045,N2,2,1,"[""N2/f1045""]","[2089,2090]"
1046,N2,2,1,"[""N2/f1046""]","[2091,2092]"
1047,N2,2,1,"[""N2/f1047""]","[2093,2094]"
1048,N2,2,1,"[""N2/f1048""]","[2095,2096]"
1049,N2,2,1,"[""N2/f1049""]","[2097,2098]"
1050,N2,2,1,"[""N2/f1050""]","[2099,2100]"
1051,N2,2,1,"[""N2/f1051""]","[2101,2102]"
1052,N2,2,1,"[""N2/f1052""]","[2103,2104]"
1053,N2,2,1,"[""N2/f1053""]","[2105,2106]"
1054,N2,2,1,"[""N2/f1054""]","[2107,2108]"
1055,N2,2,1,"[""N2/f1055""]","[2109,2110]"
1056,N2,2,1,"[""N2/f1056""]","[2111,2112]"
1057,N2,2,1,"[""N2/f1057""]","[2113,2114]"
1058,N2,2,1,"[""N2/f1058""]","[2115,2116]"
1059,N2,2,1,"[""N2/f1059""]","[2117,2118]"
1060,N2,2,1,"[""N2/f1060""]","[2119,2120]"
1061,N2,2,1,"[""N2/f1061""]","[2121,2122]"
1062,N2,2,1,"[""N2/f1062""]","[2123,2124]"
1063,N2,2,1,"[""N2/f1063""]","[2125,2126]"
1064,N2,2,1,"[""N2/f1064""]","[2127,2128]"
1065,N2,2,1,"[""N2/f1065""]","[2129,2130]"
1066,N2,2,1,"[""N2/f1066""]","[2131,2132]"
1067,N2,2,1,"[""N2/f1067""]","[2133,2134]"
1068,N2,2,1,"[""N2/f1068""]","[2135,2136]"
1069,N2,2,1,"[""N2/f1069""]","[2137,2138]"
1070,N2,2,1,"[""N2/f1070""]","[2139,2140]"
1071,N2,2,1,"[""N2/f1071""]","[2141,2142]"
1072,N2,2,1,"[""N2/f1072""]","[2143,2144]"
1073,N2,2,1,"[""N2/f1073""]","[2145,2146]"
1074,N2,2,1,"[""N2/f1074""]","[2147,2148]"
1075,N2,2,1,"[""N2/f1075""]","[2149,2150]"
1076,N2,2,1,"[""N2/f1076""]","[2151,2152]"
1077,N2,2,1,"[""N2/f1077""]","[2153,2154]"
1078,N2,2,1,"[""N2/f1078""]","[2155,2156]"
1079,N2,2,1,"[""N2/f1079""]","[2157,2158]"
1080,N2,2,1,"[""N2/f1080""]","[2159,2160]"
1081,N2,2,1,"[""N2/f1081""]","[2161,2162]"
1082,N2,2,1,"[""N2/f1082""]","[2163,2164]"
1083,N2,2,1,"[""N2/f1083""]","[2165,2166]"
1084,N2,2,1,"[""N2/f1084""]","[2167,2168]"
1085,N2,2,1,"[""N2/f1085""]","[2169,2170]"
1086,N2,2,1,"[""N2/f1086""]","[2171,2172]"
1087,N2,2,1,"[""N2/f1087""]","[2173,2174]"
1088,N2,2,1,"[""N2/f1088""]","[2175,2176]"
1089,N2,2,1,"[""N2/f1089""]","[2177,2178]"
1090,N2,2,1,"[""N2/f1090""]","[2179,2180]"
1091,N2,2,1,"[""N2/f1091""]","[2181,2182]"
1092,N2,2,1,"[""N2/f1092""]","[2183,2184]"
1093,N2,2,1,"[""N2/f1093""]","[2185,2186]"
1094,N2,2,1,"[""N2/f1094""]","[2187,2188]"
1095,N2,2,1,"[""N2/f1095""]","[2189,2190]"
1096,N2,2,1,"[""N2/f1096""]","[2191,2192]"
1097,N2,2,1,"[""N2/f1097""]","[2193,2194]"
1098,N2,2,1,"[""N2/f1098""]","[2195,2196]"
1099,N2,2,1,"[""N2/f1099""]","[2197,2198]"
1100,N2,2,1,"[""N2/f1100""]","[2199,2200]"
1101,N2,2,1,"[""N2/f1101""]","[2201,2202]"
1102,N2,2,1,"[""N2/f1102""]","[2203,2204]"
1103,N2,2,1,"[""N2/f1103""]","[2205,2206]"
1104,N2,2,1,"[""N2/f1104""]","[2207,2208]"
1105,N2,2,1,"[""N2/f1105""]","[2209,2210]"
1106,N2,2,1,"[""N2/f1106""]","[2211,2212]"
1107,N2,2,1,"[""N2/f1107""]","[2213,2214]"
1108,N2,2,1,"[""N2/f1108""]","[2215,2216]"
1109,N2,2,1,"[""N2/f1109""]","[2217,2218]"
1110,N2,2,1,"[""N2/f1110""]","[2219,2220]"
1111,N2,2,1,"[""N2/f1111""]","[2221,2222]"
1112,N2,2,1,"[""N2/f1112""]","[2223,2224]"
1113,N2,2,1,"[""N2/f1113""]","[2225,2226]"
1114,N2,2,1,"[""N2/f1114""]","[2227,2228]"
1115,N2,2,1,"[""N2/f1115""]","[2229,2230]"
1116,N2,2,1,"[""N2/f1116""]","[2231,2232]"
1117,N2,2,1,"[""N2/f1117""]","[2233,2234]"
1118,N2,2,1,"[""N2/f1118""]","[2235,2236]"
1119,N2,2,1,"[""N2/f1119""]","[2237,2238]"
1120,N2,2,1,"[""N2/f1120""]","[2239,2240]"
1121,N2,2,1,"[""N2/f1121""]","[2241,2242]"
1122,N2,2,1,"[""N2/f1122""]","[2243,2244]"
1123,N2,2,1,"[""N2/f1123""]","[2245,2246]"
1124,N2,2,1,"[""N2/f1124""]","[2247,2248]"
1125,N2,2,1,"[""N2/f1125""]","[2249,2250]"
1126,N2,2,1,"[""N2/f1126""]","[2251,2252]"
1127,N2,2,1,"[""N2/f1127""]","[2253,2254]"
1128,N2,2,1,"[""N2/f1128""]","[2255,2256]"
1129,N2,2,1,"[""N2/f1129""]","[2257,2258]"
1130,N2,2,1,"[""N2/f1130""]","[2259,2260]"
1131,N2,2,1,"[""N2/f1131""]","[2261,2262]"
1132,N2,2,1,"[""N2/f1132""]","[2263,2264]"
1133,N2,2,1,"[""N2/f1133""]","[2265,2266]"
1134,N2,2,1,"[""N2/f1134""]","[2267,2268]"
1135,N2,2,1,"[""N2/f1135""]","[2269,2270]"
1136,N2,2,1,"[""N2/f1136""]","[2271,2272]"
1137,N2,2,1,"[""N2/f1137""]","[2273,2274]"
1138,N2,2,1,"[""N2/f1138""]","[2275,2276]"
1139,N2,2,1,"[""N2/f1139""]","[2277,2278]"
1140,N2,2,1,"[""N2/f1140""]","[2279,2280]"
1141,N2,2,1,"[""N2/f1141""]","[2281,2282]"
1142,N2,2,1,"[""N2/f1142""]","[2283,2284]"
1143,N2,2,1,"[""N2/f1143""]","[2285,2286]"
1144,N2,2,1,"[""N2/f1144""]","[2287,2288]"
1145,N2,2,1,"[""N2/f1145""]","[2289,2290]"
1146,N2,2,1,"[""N2/f1146""]","[2291,2292]"
1147,N2,2,1,"[""N2/f1147""]","[2293,2294]"
1148,N2,2,1,"[""N2/f1148""]","[2295,2296]"
1149,N2,2,1,"[""N2/f1149""]","[2297,2298]"
1150,N2,2,1,"[""N2/f1150""]","[2299,2300]"
1151,N2,2,1,"[""N2/f1151""]","[2301,2302]"
1152,N2,2,1,"[""N2/f1152""]","[2303,2304]"
1153,N2,2,1,"[""N2/f1153""]","[2305,2306]"
1154,N2,2,1,"[""N2/f1154""]","[2307,2308]"
1155,N2,2,1,"[""N2/f1155""]","[2309,2310]"
1156,N2,2,1,"[""N2/f1156""]","[2311,2312]"
1157,N2,2,1,"[""N2/f1157""]","[2313,2314]"
1158,N2,2,1,"[""N2/f1158""]","[2315,2316]"
1159,N2,2,1,"[""N2/f1159""]","[2317,2318]"
1160,N2,2,1,"[""N2/f1160""]","[2319,2320]"
1161,N2,2,1,"[""N2/f1161""]","[2321,2322]"
1162,N2,2,1,"[""N2/f1162""]","[2323,2324]"
1163,N2,2,1,"[""N2/f1163""]","[2325,2326]"
1164,N2,2,1,"[""N2/f1164""]","[2327,2328]"
1165,N2,2,1,"[""N2/f1165""]","[2329,2330]"
1166,N2,2,1,"[""N2/f1166""]","[2331,2332]"
1167,N2,2,1,"[""N2/f1167""]","[2333,2334]"
1168,N2,2,1,"[""N2/f1168""]","[2335,2336]"
1169,N2,2,1,"[""N2/f1169""]","[2337,2338]"
1170,N2,2,1,"[""N2/f1170""]","[2339,2340]"
1171,N2,2,1,"[""N2/f1171""]","[2341,2342]"
1172,N2,2,1,"[""N2/f1172""]","[2343,2344]"
1173,N2,2,1,"[""N2/f1173""]","[2345,2346]"
1174,N2,2,1,"[""N2/f1174""]","[2347,2348]"
1175,N2,2,1,"[""N2/f1175""]","[2349,2350]"
1176,N2,2,1,"[""N2/f1176""]","[2351,2352]"
1177,N2,2,1,"[""N2/f1177""]","[2353,2354]"
1178,N2,2,1,"[""N2/f1178""]","[2355,2356]"
1179,N2,2,1,"[""N2/f1179""]","[2357,2358]"
1180,N2,2,1,"[""N2/f1180""]","[2359,2360]"
1181,N2,2,1,"[""N2/f1181""]","[2361,2362]"
1182,N2,2,1,"[""N2/f1182""]","[2363,2364]"
1183,N2,2,1,"[""N2/f1183""]","[2365,2366]"
1184,N2,2,1,"[""N2/f1184""]","[2367,2368]"
1185,N2,2,1,"[""N2/f1185""]","[2369,2370]"
1186,N2,2,1,"[""N2/f1186""]","[2371,2372]"
1187,N2,2,1,"[""N2/f1187""]","[2373,2374]"
1188,N2,2,1,"[""N2/f1188""]","[2375,2376]"
1189,N2,2,1,"[""N2/f1189""]","[2377,2378]"
1190,N2,2,1,"[""N2/f1190""]","[2379,2380]"
1191,N2,2,1,"[""N2/f1191""]","[2381,2382]"
1192,N2,2,1,"[""N2/f1192""]","[2383,2384]"
1193,N2,2,1,"[""N2/f1193""]","[2385,2386]"
1194,N2,2,1,"[""N2/f1194""]","[2387,2388]"
1195,N2,2,1,"[""N2/f1195""]","[2389,2390]"
1196,N2,2,1,"[""N2/f1196""]","[2391,2392]"
1197,N2,2,1,"[""N2/f1197""]","[2393,2394]"
1198,N2,2,1,"[""N2/f1198""]","[2395,2396]"
1199,N2,2,1,"[""N2/f1199""]","[2397,2398]"
1200,N2,2,1,"[""N2/f1200""]","[2399,2400]"
1201,N2,2,1,"[""N2/f1201""]","[2401,2402]"
1202,N2,2,1,"[""N2/f1202""]","[2403,2404]"
1203,N2,2,1,"[""N2/f1203""]","[2405,2406]"
1204,N2,2,1,"[""N2/f1204""]","[2407,2408]"
1205,N2,2,1,"[""N2/f1205""]","[2409,2410]"
1206,N2,2,1,"[""N2/f1206""]","[2411,2412]"
1207,N2,2,1,"[""N2/f1207""]","[2413,2414]"
1208,N2,2,1,"[""N2/f1208""]","[2415,2416]"
1209,N2,2,1,"[""N2/f1209""]","[2417,2418]"
1210,N2,2,1,"[""N2/f1210""]","[2419,2420]"
1211,N2,2,1,"[""N2/f1211""]","[2421,2422]"
1212,N2,2,1,"[""N2/f1212""]","[2423,2424]"
1213,N2,2,1,"[""N2/f1213""]","[2425,2426]"
1214,N2,2,1,"[""N2/f1214""]","[2427,2428]"
1215,N2,2,1,"[""N2/f1215""]","[2429,2430]"
1216,N2,2,1,"[""N2/f1216""]","[2431,2432]"
1217,N2,2,1,"[""N2/f1217""]","[2433,2434]"
1218,N2,2,1,"[""N2/f1218""]","[2435,2436]"
1219,N2,2,1,"[""N2/f1219""]","[2437,2438]"
1220,N2,2,1,"[""N2/f1220""]","[2439,2440]"
1221,N2,2,1,"[""N2/f1221""]","[2441,2442]"
1222,N2,2,1,"[""N2/f1222""]","[2443,2444]"
1223,N2,2,1,"[""N2/f1223""]","[2445,2446]"
1224,N2,2,1,"[""N2/f1224""]","[2447,2448]"
1225,N2,2,1,"[""N2/f1225""]","[2449,2450]"
1226,N2,2,1,"[""N2/f1226""]","[2451,2452]"
1227,N2,2,1,"[""N2/f1227""]","[2453,2454]"
1228,N2,2,1,"[""N2/f1228""]","[2455,2456]"
1229,N2,2,1,"[""N2/f1229""]","[2457,2458]"
1230,N2,2,1,"[""N2/f1230""]","[2459,2460]"
1231,N2,2,1,"[""N2/f1231""]","[2461,2462]"
1232,N2,2,1,"[""N2/f1232""]","[2463,2464]"
1233,N2,2,1,"[""N2/f1233""]","[2465,2466]"
1234,N2,2,1,"[""N2/f1234""]","[2467,2468]"
1235,N2,2,1,"[""N2/f1235""]","[2469,2470]"
1236,N2,2,1,"[""N2/f1236""]","[2471,2472]"
1237,N2,2,1,"[""N2/f1237""]","[2473,2474]"
1238,N2,2,1,"[""N2/f1238""]","[2475,2476]"
1239,N2,2,1,"[""N2/f1239""]","[2477,2478]"
1240,N2,2,1,"[""N2/f1240""]","[2479,2480]"
1241,N2,2,1,"[""N2/f1241""]","[2481,2482]"
1242,N2,2,1,"[""N2/f1242""]","[2483,2484]"
1243,N2,2,1,"[""N2/f1243""]","[2485,2486]"
1244,N2,2,1,"[""N2/f1244""]","[2487,2488]"
1245,N2,2,1,"[""N2/f1245""]","[2489,2490]"
1246,N2,2,1,"[""N2/f1246""]","[2491,2492]"
1247,N2,2,1,"[""N2/f1247""]","[2493,2494]"
1248,N2,2,1,"[""N2/f1248""]","[2495,2496]"
1249,N2,2,1,"[""N2/f1249""]","[2497,2498]"
1250,N2,2,1,"[""N2/f1250""]","[2499,2500]"
1251,N2,2,1,"[""N2/f1251""]","[2501,2502]"
1252,N2,2,1,"[""N2/f1252""]","[2503,2504]"
1253,N2,2,1,"[""N2/f1253""]","[2505,2506]"
1254,N2,2,1,"[""N2/f1254""]","[2507,2508]"
1255,N2,2,1,"[""N2/f1255""]","[2509,2510]"
1256,N2,2,1,"[""N2/f1256""]","[2511,2512]"
1257,N2,2,1,"[""N2/f1257""]","[2513,2514]"
1258,N2,2,1,"[""N2/f1258""]","[2515,2516]"
1259,N2,2,1,"[""N2/f1259""]","[2517,2518]"
1260,N2,2,1,"[""N2/f1260""]","[2519,2520]"
1261,N2,2,1,"[""N2/f1261""]","[2521,2522]"
1262,N2,2,1,"[""N2/f1262""]","[2523,2524]"
1263,N2,2,1,"[""N2/f1263""]","[2525,2526]"
1264,N2,2,1,"[""N2/f1264""]","[2527,2528]"
1265,N2,2,1,"[""N2/f1265""]","[2529,2530]"
1266,N2,2,1,"[""N2/f1266""]","[2531,2532]"
1267,N2,2,1,"[""N2/f1267""]","[2533,2534]"
1268,N2,2,1,"[""N2/f1268""]","[2535,2536]"
1269,N2,2,1,"[""N2/f1269""]","[2537,2538]"
1270,N2,2,1,"[""N2/f1270""]","[2539,2540]"
1271,N2,2,1,"[""N2/f1271""]","[2541,2542]"
1272,N2,2,1,"[""N2/f1272""]","[2543,2544]"
1273,N2,2,1,"[""N2/f1273""]","[2545,2546]"
1274,N2,2,1,"[""N2/f1274""]","[2547,2548]"
1275,N2,2,1,"[""N2/f1275""]","[2549,2550]"
1276,N2,2,1,"[""N2/f1276""]","[2551,2552]"
1277,N2,2,1,"[""N2/f1277""]","[2553,2554]"
1278,N2,2,1,"[""N2/f1278""]","[2555,2556]"
1279,N2,2,1,"[""N2/f1279""]","[2557,2558]"
1280,N2,2,1,"[""N2/f1280""]","[2559,2560]"
1281,N2,2,1,"[""N2/f1281""]","[2561,2562]"
1282,N2,2,1,"[""N2/f1282""]","[2563,2564]"
1283,N2,2,1,"[""N2/f1283""]","[2565,2566]"
1284,N2,2,1,"[""N2/f1284""]","[2567,2568]"
1285,N2,2,1,"[""N2/f1285""]","[2569,2570]"
1286,N2,2,1,"[""N2/f1286""]","[2571,2572]"
1287,N2,2,1,"[""N2/f1287""]","[2573,2574]"
1288,N2,2,1,"[""N2/f1288""]","[2575,2576]"
1289,N2,2,1,"[""N2/f1289""]","[2577,2578]"
1290,N2,2,1,"[""N2/f1290""]","[2579,2580]"
1291,N2,2,1,"[""N2/f1291""]","[2581,2582]"
1292,N2,2,1,"[""N2/f1292""]","[2583,2584]"
1293,N2,2,1,"[""N2/f1293""]","[2585,2586]"
1294,N2,2,1,"[""N2/f1294""]","[2587,2588]"
1295,N2,2,1,"[""N2/f1295""]","[2589,2590]"
1296,N2,2,1,"[""N2/f1296""]","[2591,2592]"
1297,N2,2,1,"[""N2/f1297""]","[2593,2594]"
1298,N2,2,1,"[""N2/f1298""]","[2595,2596]"
1299,N2,2,1,"[""N2/f1299""]","[2597,2598]"
1300,N2,2,1,"[""N2/f1300""]","[2599,2600]"
1301,N2,2,1,"[""N2/f1301""]","[2601,2602]"
1302,N2,2,1,"[""N2/f1302""]","[2603,2604]"
1303,N2,2,1,"[""N2/f1303""]","[2605,2606]"
1304,N2,2,1,"[""N2/f1304""]","[2607,2608]"
1305,N2,2,1,"[""N2/f1305""]","[2609,2610]"
1306,N2,2,1,"[""N2/f1306""]","[2611,2612]"
1307,N2,2,1,"[""N2/f1307""]","[2613,2614]"
1308,N2,2,1,"[""N2/f1308""]","[2615,2616]"
1309,N2,2,1,"[""N2/f1309""]","[2617,2618]"
1310,N2,2,1,"[""N2/f1310""]","[2619,2620]"
1311,N2,2,1,"[""N2/f1311""]","[2621,2622]"
1312,N2,2,1,"[""N2/f1312""]","[2623,2624]"
1313,N2,2,1,"[""N2/f1313""]","[2625,2626]"
1314,N2,2,1,"[""N2/f1314""]","[2627,2628]"
1315,N2,2,1,"[""N2/f1315""]","[2629,2630]"
1316,N2,2,1,"[""N2/f1316""]","[2631,2632]"
1317,N2,2,1,"[""N2/f1317""]","[2633,2634]"
1318,N2,2,1,"[""N2/f1318""]","[2635,2636]"
1319,N2,2,1,"[""N2/f1319""]","[2637,2638]"
1320,N2,2,1,"[""N2/f1320""]","[2639,2640]"
1321,N2,2,1,"[""N2/f1321""]","[2641,2642]"
1322,N2,2,1,"[""N2/f1322""]","[2643,2644]"
1323,N2,2,1,"[""N2/f1323""]","[2645,2646]"
1324,N2,2,1,"[""N2/f1324""]","[2647,2648]"
1325,N2,2,1,"[""N2/f1325""]","[2649,2650]"
1326,N2,2,1,"[""N2/f1326""]","[2651,2652]"
1327,N2,2,1,"[""N2/f1327""]","[2653,2654]"
1328,N2,2,1,"[""N2/f1328""]","[2655,2656]"
1329,N2,2,1,"[""N2/f1329""]","[2657,2658]"
1330,N2,2,1,"[""N2/f1330""]","[2659,2660]"
1331,N2,2,1,"[""N2/f1331""]","[2661,2662]"
1332,N2,2,1,"[""N2/f1332""]","[2663,2664]"
1333,N2,2,1,"[""N2/f1333""]","[2665,2666]"
1334,N2,2,1,"[""N2/f1334""]","[2667,2668]"
1335,N2,2,1,"[""N2/f1335""]","[2669,2670]"
1336,N2,2,1,"[""N2/f1336""]","[2671,2672]"
1337,N2,2,1,"[""N2/f1337""]","[2673,2674]"
1338,N2,2,1,"[""N2/f1338""]","[2675,2676]"
1339,N2,2,1,"[""N2/f1339""]","[2677,2678]"
1340,N2,2,1,"[""N2/f1340""]","[2679,2680]"
1341,N2,2,1,"[""N2/f1341""]","[2681,2682]"
1342,N2,2,1,"[""N2/f1342""]","[2683,2684]"
1343,N2,2,1,"[""N2/f1343""]","[2685,2686]"
1344,N2,2,1,"[""N2/f1344""]","[2687,2688]"
1345,N2,2,1,"[""N2/f1345""]","[2689,2690]"
1346,N2,2,1,"[""N2/f1346""]","[2691,2692]"
1347,N2,2,1,"[""N2/f1347""]","[2693,2694]"
1348,N2,2,1,"[""N2/f1348""]","[2695,2696]"
1349,N2,2,1,"[""N2/f1349""]","[2697,2698]"
1350,N2,2,1,"[""N2/f1350""]","[2699,2700]"
1351,N2,2,1,"[""N2/f1351""]","[2701,2702]"
1352,N2,2,1,"[""N2/f1352""]","[2703,2704]"
1353,N2,2,1,"[""N2/f1353""]","[2705,2706]"
1354,N2,2,1,"[""N2/f1354""]","[2707,2708]"
1355,N2,2,1,"[""N2/f1355""]","[2709,2710]"
1356,N2,2,1,"[""N2/f1356""]","[2711,2712]"
1357,N2,2,1,"[""N2/f1357""]","[2713,2714]"
1358,N2,2,1,"[""N2/f1358""]","[2715,2716]"
1359,N2,2,1,"[""N2/f1359""]","[2717,2718]"
1360,N2,2,1,"[""N2/f1360""]","[2719,2720]"
1361,N2,2,1,"[""N2/f1361""]","[2721,2722]"
1362,N2,2,1,"[""N2/f1362""]","[2723,2724]"
1363,N2,2,1,"[""N2/f1363""]","[2725,2726]"
1364,N2,2,1,"[""N2/f1364""]","[2727,2728]"
1365,N2,2,1,"[""N2/f1365""]","[2729,2730]"
1366,N2,2,1,"[""N2/f1366""]","[2731,2732]"
1367,N2,2,1,"[""N2/f1367""]","[2733,2734]"
1368,N2,2,1,"[""N2/f1368""]","[2735,2736]"
1369,N2,2,1,"[""N2/f1369""]","[2737,2738]"
1370,N2,2,1,"[""N2/f1370""]","[2739,2740]"
1371,N2,2,1,"[""N2/f1371""]","[2741,2742]"
1372,N2,2,1,"[""N2/f1372""]","[2743,2744]"
1373,N2,2,1,"[""N2/f1373""]","[2745,2746]"
1374,N2,2,1,"[""N2/f1374""]","[2747,2748]"
1375,N2,2,1,"[""N2/f1375""]","[2749,2750]"
1376,N2,2,1,"[""N2/f1376""]","[2751,2752]"
1377,N2,2,1,"[""N2/f1377""]","[2753,2754]"
1378,N2,2,1,"[""N2/f1378""]","[2755,2756]"
1379,N2,2,1,"[""N2/f1379""]","[2757,2758]"
1380,N2,2,1,"[""N2/f1380""]","[2759,2760]"
1381,N2,2,1,"[""N2/f1381""]","[2761,2762]"
1382,N2,2,1,"[""N2/f1382""]","[2763,2764]"
1383,N2,2,1,"[""N2/f1383""]","[2765,2766]"
1384,N2,2,1,"[""N2/f1384""]","[2767,2768]"
1385,N2,2,1,"[""N2/f1385""]","[2769,2770]"
1386,N2,2,1,"[""N2/f1386""]","[2771,2772]"
1387,N2,2,1,"[""N2/f1387""]","[2773,2774]"
1388,N2,2,1,"[""N2/f1388""]","[2775,2776]"
1389,N2,2,1,"[""N2/f1389""]","[2777,2778]"
1390,N2,2,1,"[""N2/f1390""]","[2779,2780]"
1391,N2,2,1,"[""N2/f1391""]","[2781,2782]"
1392,N2,2,1,"[""N2/f1392""]","[2783,2784]"
1393,N2,2,1,"[""N2/f1393""]","[2785,2786]"
1394,N2,2,1,"[""N2/f1394""]","[2787,2788]"
1395,N2,2,1,"[""N2/f1395""]","[2789,2790]"
1396,N2,2,1,"[""N2/f1396""]","[2791,2792]"
1397,N2,2,1,"[""N2/f1397""]","[2793,2794]"
1398,N2,2,1,"[""N2/f1398""]","[2795,2796]"
1399,N2,2,1,"[""N2/f1399""]","[2797,2798]"
1400,N2,2,1,"[""N2/f1400""]","[2799,2800]"
1401,N2,2,1,"[""N2/f1401""]","[2801,2802]"
1402,N2,2,1,"[""N2/f1402""]","[2803,2804]"
1403,N2,2,1,"[""N2/f1403""]","[2805,2806]"
1404,N2,2,1,"[""N2/f1404""]","[2807,2808]"
1405,N2,2,1,"[""N2/f1405""]","[2809,2810]"
1406,N2,2,1,"[""N2/f1406""]","[2811,2812]"
1407,N2,2,1,"[""N2/f1407""]","[2813,2814]"
1408,N2,2,1,"[""N2/f1408""]","[2815,2816]"
1409,N2,2,1,"[""N2/f1409""]","[2817,2818]"
1410,N2,2,1,"[""N2/f1410""]","[2819,2820]"
1411,N2,2,1,"[""N2/f1411""]","[2821,2822]"
1412,N2,2,1,"[""N2/f1412""]","[2823,2824]"
1413,N2,2,1,"[""N2/f1413""]","[2825,2826]"
1414,N2,2,1,"[""N2/f1414""]","[2827,2828]"
1415,N2,2,1,"[""N2/f1415""]","[2829,2830]"
1416,N2,2,1,"[""N2/f1416""]","[2831,2832]"
1417,N2,2,1,"[""N2/f1417""]","[2833,2834]"
1418,N2,2,1,"[""N2/f1418""]","[2835,2836]"
1419,N2,2,1,"[""N2/f1419""]","[2837,2838]"
1420,N2,2,1,"[""N2/f1420""]","[2839,2840]"
1421,N2,2,1,"[""N2/f1421""]","[2841,2842]"
1422,N2,2,1,"[""N2/f1422""]","[2843,2844]"
1423,N2,2,1,"[""N2/f1423""]","[2845,2846]"
1424,N2,2,1,"[""N2/f1424""]","[2847,2848]"
1425,N2,2,1,"[""N2/f1425""]","[2849,2850]"
1426,N2,2,1,"[""N2/f1426""]","[2851,2852]"
1427,N2,2,1,"[""N2/f1427""]","[2853,2854]"
1428,N2,2,1,"[""N2/f1428""]","[2855,2856]"
1429,N2,2,1,"[""N2/f1429""]","[2857,2858]"
1430,N2,2,1,"[""N2/f1430""]","[2859,2860]"
1431,N2,2,1,"[""N2/f1431""]","[2861,2862]"
1432,N2,2,1,"[""N2/f1432""]","[2863,2864]"
1433,N2,2,1,"[""N2/f1433""]","[2865,2866]"
1434,N2,2,1,"[""N2/f1434""]","[2867,2868]"
1435,N2,2,1,"[""N2/f1435""]","[2869,2870]"
1436,N2,2,1,"[""N2/f1436""]","[2871,2872]"
1437,N2,2,1,"[""N2/f1437""]","[2873,2874]"
1438,N2,2,1,"[""N2/f1438""]","[2875,2876]"
1439,N2,2,1,"[""N2/f1439""]","[2877,2878]"
1440,N2,2,1,"[""N2/f1440""]","[2879,2880]"
1441,N2,2,1,"[""N2/f1441""]","[2881,2882]"
1442,N2,2,1,"[""N2/f1442""]","[2883,2884]"
1443,N2,2,1,"[""N2/f1443""]","[2885,2886]"
1444,N2,2,1,"[""N2/f1444""]","[2887,2888]"
1445,N2,2,1,"[""N2/f1445""]","[2889,2890]"
1446,N2,2,1,"[""N2/f1446""]","[2891,2892]"
1447,N2,2,1,"[""N2/f1447""]","[2893,2894]"
1448,N2,2,1,"[""N2/f1448""]","[2895,2896]"
1449,N2,2,1,"[""N2/f1449""]","[2897,2898]"
1450,N2,2,1,"[""N2/f1450""]","[2899,2900]"
1451,N2,2,1,"[""N2/f1451""]","[2901,2902]"
1452,N2,2,1,"[""N2/f1452""]","[2903,2904]"
1453,N2,2,1,"[""N2/f1453""]","[2905,2906]"
1454,N2,2,1,"[""N2/f1454""]","[2907,2908]"
1455,N2,2,1,"[""N2/f1455""]","[2909,2910]"
1456,N2,2,1,"[""N2/f1456""]","[2911,2912]"
1457,N2,2,1,"[""N2/f1457""]","[2913,2914]"
1458,N2,2,1,"[""N2/f1458""]","[2915,2916]"
1459,N2,2,1,"[""N2/f1459""]","[2917,2918]"
1460,N2,2,1,"[""N2/f1460""]","[2919,2920]"
1461,N2,2,1,"[""N2/f1461""]","[2921,2922]"
1462,N2,2,1,"[""N2/f1462""]","[2923,2924]"
1463,N2,2,1,"[""N2/f1463""]","[2925,2926]"
1464,N2,2,1,"[""N2/f1464""]","[2927,2928]"
1465,N2,2,1,"[""N2/f1465""]","[2929,2930]"
1466,N2,2,1,"[""N2/f1466""]","[2931,2932]"
1467,N2,2,1,"[""N2/f1467""]","[2933,2934]"
1468,N2,2,1,"[""N2/f1468""]","[2935,2936]"
1469,N2,2,1,"[""N2/f1469""]","[2937,2938]"
1470,N2,2,1,"[""N2/f1470""]","[2939,2940]"
1471,N2,2,1,"[""N2/f1471""]","[2941,2942]"
1472,N2,2,1,"[""N2/f1472""]","[2943,2944]"
1473,N2,2,1,"[""N2/f1473""]","[2945,2946]"
1474,N2,2,1,"[""N2/f1474""]","[2947,2948]"
1475,N2,2,1,"[""N2/f1475""]","[2949,2950]"
1476,N2,2,1,"[""N2/f1476""]","[2951,2952]"
1477,N2,2,1,"[""N2/f1477""]","[2953,2954]"
1478,N2,2,1,"[""N2/f1478""]","[2955,2956]"
1479,N2,2,1,"[""N2/f1479""]","[2957,2958]"
1480,N2,2,1,"[""N2/f1480""]","[2959,2960]"
1481,N2,2,1,"[""N2/f1481""]","[2961,2962]"
1482,N2,2,1,"[""N2/f1482""]","[2963,2964]"
1483,N2,2,1,"[""N2/f1483""]","[2965,2966]"
1484,N2,2,1,"[""N2/f1484""]","[2967,2968]"
1485,N2,2,1,"[""N2/f1485""]","[2969,2970]"
1486,N2,2,1,"[""N2/f1486""]","[2971,2972]"
1487,N2,2,1,"[""N2/f1487""]","[2973,2974]"
1488,N2,2,1,"[""N2/f1488""]","[2975,2976]"
1489,N2,2,1,"[""N2/f1489""]","[2977,2978]"
1490,N2,2,1,"[""N2/f1490""]","[2979,2980]"
1491,N2,2,1,"[""N2/f1491""]","[2981,2982]"
1492,N2,2,1,"[""N2/f1492""]","[2983,2984]"
1493,N2,2,1,"[""N2/f1493""]","[2985,2986]"
1494,N2,2,1,"[""N2/f1494""]","[2987,2988]"
1495,N2,2,1,"[""N2/f1495""]","[2989,2990]"
1496,N2,2,1,"[""N2/f1496""]","[2991,2992]"
1497,N2,2,1,"[""N2/f1497""]","[2993,2994]"
1498,N2,2,1,"[""N2/f1498""]","[2995,2996]"
1499,N2,2,1,"[""N2/f1499""]","[2997,2998]"
1500,N2,2,1,"[""N2/f1500""]","[2999,3000]"
1501,N2,2,1,"[""N2/f1501""]","[3001,3002]"
1502,N2,2,1,"[""N2/f1502""]","[3003,3004]"
1503,N2,2,1,"[""N2/f1503""]","[3005,3006]"
1504,N2,2,1,"[""N2/f1504""]","[3007,3008]"
1505,N2,2,1,"[""N2/f1505""]","[3009,3010]"
1506,N2,2,1,"[""N2/f1506""]","[3011,3012]"
1507,N2,2,1,"[""N2/f1507""]","[3013,3014]"
1508,N2,2,1,"[""N2/f1508""]","[3015,3016]"
1509,N2,2,1,"[""N2/f1509""]","[3017,3018]"
1510,N2,2,1,"[""N2/f1510""]","[3019,3020]"
1511,N2,2,1,"[""N2/f1511""]","[3021,3022]"
1512,N2,2,1,"[""N2/f1512""]","[3023,3024]"
1513,N2,2,1,"[""N2/f1513""]","[3025,3026]"
1514,N2,2,1,"[""N2/f1514""]","[3027,3028]"
1515,N2,2,1,"[""N2/f1515""]","[3029,3030]"
1516,N2,2,1,"[""N2/f1516""]","[3031,3032]"
1517,N2,2,1,"[""N2/f1517""]","[3033,3034]"
1518,N2,2,1,"[""N2/f1518""]","[3035,3036]"
1519,N2,2,1,"[""N2/f1519""]","[3037,3038]"
1520,N2,2,1,"[""N2/f1520""]","[3039,3040]"
1521,N2,2,1,"[""N2/f1521""]","[3041,3042]"
1522,N2,2,1,"[""N2/f1522""]","[3043,3044]"
1523,N2,2,1,"[""N2/f1523""]","[3045,3046]"
1524,N2,2,1,"[""N2/f1524""]","[3047,3048]"
1525,N2,2,1,"[""N2/f1525""]","[3049,3050]"
1526,N2,2,1,"[""N2/f1526""]","[3051,3052]"
1527,N2,2,1,"[""N2/f1527""]","[3053,3054]"
1528,N2,2,1,"[""N2/f1528""]","[3055,3056]"
1529,N2,2,1,"[""N2/f1529""]","[3057,3058]"
1530,N2,2,1,"[""N2/f1530""]","[3059,3060]"
1531,N2,2,1,"[""N2/f1531""]","[3061,3062]"
1532,N2,2,1,"[""N2/f1532""]","[3063,3064]"
1533,N2,2,1,"[""N2/f1533""]","[3065,3066]"
1534,N2,2,1,"[""N2/f1534""]","[3067,3068]"
1535,N2,2,1,"[""N2/f1535""]","[3069,3070]"
1536,N2,2,1,"[""N2/f1536""]","[3071,3072]"
1537,N2,2,1,"[""N2/f1537""]","[3073,3074]"
1538,N2,2,1,"[""N2/f1538""]","[3075,3076]"
1539,N2,2,1,"[""N2/f1539""]","[3077,3078]"
1540,N2,2,1,"[""N2/f1540""]","[3079,3080]"
1541,N2,2,1,"[""N2/f1541""]","[3081,3082]"
1542,N2,2,1,"[""N2/f1542""]","[3083,3084]"
1543,N2,2,1,"[""N2/f1543""]","[3085,3086]"
1544,N2,2,1,"[""N2/f1544""]","[3087,3088]"
1545,N2,2,1,"[""N2/f1545""]","[3089,3090]"
1546,N2,2,1,"[""N2/f1546""]","[3091,3092]"
1547,N2,2,1,"[""N2/f1547""]","[3093,3094]"
1548,N2,2,1,"[""N2/f1548""]","[3095,3096]"
1549,N2,2,1,"[""N2/f1549""]","[3097,3098]"
1550,N2,2,1,"[""N2/f1550""]","[3099,3100]"
1551,N2,2,1,"[""N2/f1551""]","[3101,3102]"
1552,N2,2,1,"[""N2/f1552""]","[3103,3104]"
1553,N2,2,1,"[""N2/f1553""]","[3105,3106]"
1554,N2,2,1,"[""N2/f1554""]","[3107,3108]"
1555,N2,2,1,"[""N2/f1555""]","[3109,3110]"
1556,N2,2,1,"[""N2/f1556""]","[3111,3112]"
1557,N2,2,1,"[""N2/f1557""]","[3113,3114]"
1558,N2,2,1,"[""N2/f1558""]","[3115,3116]"
1559,N2,2,1,"[""N2/f1559""]","[3117,3118]"
1560,N2,2,1,"[""N2/f1560""]","[3119,3120]"
1561,N2,2,1,"[""N2/f1561""]","[3121,3122]"
1562,N2,2,1,"[""N2/f1562""]","[3123,3124]"
1563,N2,2,1,"[""N2/f1563""]","[3125,3126]"
1564,N2,2,1,"[""N2/f1564""]","[3127,3128]"
1565,N2,2,1,"[""N2/f1565""]","[3129,3130]"
1566,N2,2,1,"[""N2/f1566""]","[3131,3132]"
1567,N2,2,1,"[""N2/f1567""]","[3133,3134]"
1568,N2,2,1,"[""N2/f1568""]","[3135,3136]"
1569,N2,2,1,"[""N2/f1569""]","[3137,3138]"
1570,N2,2,1,"[""N2/f1570""]","[3139,3140]"
1571,N2,2,1,"[""N2/f1571""]","[3141,3142]"
1572,N2,2,1,"[""N2/f1572""]","[3143,3144]"
1573,N2,2,1,"[""N2/f1573""]","[3145,3146]"
1574,N2,2,1,"[""N2/f1574""]","[3147,3148]"
1575,N2,2,1,"[""N2/f1575""]","[3149,3150]"
1576,N2,2,1,"[""N2/f1576""]","[3151,3152]"
1577,N2,2,1,"[""N2/f1577""]","[3153,3154]"
1578,N2,2,1,"[""N2/f1578""]","[3155,3156]"
1579,N2,2,1,"[""N2/f1579""]","[3157,3158]"
1580,N2,2,1,"[""N2/f1580""]","[3159,3160]"
1581,N2,2,1,"[""N2/f1581""]","[3161,3162]"
1582,N2,2,1,"[""N2/f1582""]","[3163,3164]"
1583,N2,2,1,"[""N2/f1583""]","[3165,3166]"
1584,N2,2,1,"[""N2/f1584""]","[3167,3168]"
1585,N2,2,1,"[""N2/f1585""]","[3169,3170]"
1586,N2,2,1,"[""N2/f1586""]","[3171,3172]"
1587,N2,2,1,"[""N2/f1587""]","[3173,3174]"
1588,N2,2,1,"[""N2/f1588""]","[3175,3176]"
1589,N2,2,1,"[""N2/f1589""]","[3177,3178]"
1590,N2,2,1,"[""N2/f1590""]","[3179,3180]"
1591,N2,2,1,"[""N2/f1591""]","[3181,3182]"
1592,N2,2,1,"[""N2/f1592""]","[3183,3184]"
1593,N2,2,1,"[""N2/f1593""]","[3185,3186]"
1594,N2,2,1,"[""N2/f1594""]","[3187,3188]"
1595,N2,2,1,"[""N2/f1595""]","[3189,3190]"
1596,N2,2,1,"[""N2/f1596""]","[3191,3192]"
1597,N2,2,1,"[""N2/f1597""]","[3193,3194]"
1598,N2,2,1,"[""N2/f1598""]","[3195,3196]"
1599,N2,2,1,"[""N2/f1599""]","[3197,3198]"
1600,N2,2,1,"[""N2/f1600""]","[3199,3200]"
1601,N2,2,1,"[""N2/f1601""]","[3201,3202]"
1602,N2,2,1,"[""N2/f1602""]","[3203,3204]"
1603,N2,2,1,"[""N2/f1603""]","[3205,3206]"
1604,N2,2,1,"[""N2/f1604""]","[3207,3208]"
1605,N2,2,1,"[""N2/f1605""]","[3209,3210]"
1606,N2,2,1,"[""N2/f1606""]","[3211,3212]"
1607,N2,2,1,"[""N2/f1607""]","[3213,3214]"
1608,N2,2,1,"[""N2/f1608""]","[3215,3216]"
1609,N2,2,1,"[""N2/f1609""]","[3217,3218]"
1610,N2,2,1,"[""N2/f1610""]","[3219,3220]"
1611,N2,2,1,"[""N2/f1611""]","[3221,3222]"
1612,N2,2,1,"[""N2/f1612""]","[3223,3224]"
1613,N2,2,1,"[""N2/f1613""]","[3225,3226]"
1614,N2,2,1,"[""N2/f1614""]","[3227,3228]"
1615,N2,2,1,"[""N2/f1615""]","[3229,3230]"
1616,N2,2,1,"[""N2/f1616""]","[3231,3232]"
1617,N2,2,1,"[""N2/f1617""]","[3233,3234]"
1618,N2,2,1,"[""N2/f1618""]","[3235,3236]"
1619,N2,2,1,"[""N2/f1619""]","[3237,3238]"
1620,N2,2,1,"[""N2/f1620""]","[3239,3240]"
1621,N2,2,1,"[""N2/f1621""]","[3241,3242]"
1622,N2,2,1,"[""N2/f1622""]","[3243,3244]"
1623,N2,2,1,"[""N2/f1623""]","[3245,3246]"
1624,N2,2,1,"[""N2/f1624""]","[3247,3248]"
1625,N2,2,1,"[""N2/f1625""]","[3249,3250]"
1626,N2,2,1,"[""N2/f1626""]","[3251,3252]"
1627,N2,2,1,"[""N2/f1627""]","[3253,3254]"
1628,N2,2,1,"[""N2/f1628""]","[3255,3256]"
1629,N2,2,1,"[""N2/f1629""]","[3257,3258]"
1630,N2,2,1,"[""N2/f1630""]","[3259,3260]"
1631,N2,2,1,"[""N2/f1631""]","[3261,3262]"
1632,N2,2,1,"[""N2/f1632""]","[3263,3264]"
1633,N2,2,1,"[""N2/f1633""]","[3265,3266]"
1634,N2,2,1,"[""N2/f1634""]","[3267,3268]"
1635,N2,2,1,"[""N2/f1635""]","[3269,3270]"
1636,N2,2,1,"[""N2/f1636""]","[3271,3272]"
1637,N2,2,1,"[""N2/f1637""]","[3273,3274]"
1638,N2,2,1,"[""N2/f1638""]","[3275,3276]"
1639,N2,2,1,"[""N2/f1639""]","[3277,3278]"
1640,N2,2,1,"[""N2/f1640""]","[3279,3280]"
1641,N2,2,1,"[""N2/f1641""]","[3281,3282]"
1642,N2,2,1,"[""N2/f1642""]","[3283,3284]"
1643,N2,2,1,"[""N2/f1643""]","[3285,3286]"
1644,N2,2,1,"[""N2/f1644""]","[3287,3288]"
1645,N2,2,1,"[""N2/f1645""]","[3289,3290]"
1646,N2,2,1,"[""N2/f1646""]","[3291,3292]"
1647,N2,2,1,"[""N2/f1647""]","[3293,3294]"
1648,N2,2,1,"[""N2/f1648""]","[3295,3296]"
1649,N2,2,1,"[""N2/f1649""]","[3297,3298]"
1650,N2,2,1,"[""N2/f1650""]","[3299,3300]"
1651,N2,2,1,"[""N2/f1651""]","[3301,3302]"
1652,N2,2,1,"[""N2/f1652""]","[3303,3304]"
1653,N2,2,1,"[""N2/f1653""]","[3305,3306]"
1654,N2,2,1,"[""N2/f1654""]","[3307,3308]"
1655,N2,2,1,"[""N2/f1655""]","[3309,3310]"
1656,N2,2,1,"[""N2/f1656""]","[3311,3312]"
1657,N2,2,1,"[""N2/f1657""]","[3313,3314]"
1658,N2,2,1,"[""N2/f1658""]","[3315,3316]"
1659,N2,2,1,"[""N2/f1659""]","[3317,3318]"
1660,N2,2,1,"[""N2/f1660""]","[3319,3320]"
1661,N2,2,1,"[""N2/f1661""]","[3321,3322]"
1662,N2,2,1,"[""N2/f1662""]","[3323,3324]"
1663,N2,2,1,"[""N2/f1663""]","[3325,3326]"
1664,N2,2,1,"[""N2/f1664""]","[3327,3328]"
1665,N2,2,1,"[""N2/f1665""]","[3329,3330]"
1666,N2,2,1,"[""N2/f1666""]","[3331,3332]"
1667,N2,2,1,"[""N2/f1667""]","[3333,3334]"
1668,N2,2,1,"[""N2/f1668""]","[3335,3336]"
1669,N2,2,1,"[""N2/f1669""]","[3337,3338]"
1670,N2,2,1,"[""N2/f1670""]","[3339,3340]"
1671,N2,2,1,"[""N2/f1671""]","[3341,3342]"
1672,N2,2,1,"[""N2/f1672""]","[3343,3344]"
1673,N2,2,1,"[""N2/f1673""]","[3345,3346]"
1674,N2,2,1,"[""N2/f1674""]","[3347,3348]"
1675,N2,2,1,"[""N2/f1675""]","[3349,3350]"
1676,N2,2,1,"[""N2/f1676""]","[3351,3352]"
1677,N2,2,1,"[""N2/f1677""]","[3353,3354]"
1678,N2,2,1,"[""N2/f1678""]","[3355,3356]"
1679,N2,2,1,"[""N2/f1679""]","[3357,3358]"
1680,N2,2,1,"[""N2/f1680""]","[3359,3360]"
1681,N2,2,1,"[""N2/f1681""]","[3361,3362]"
1682,N2,2,1,"[""N2/f1682""]","[3363,3364]"
1683,N2,2,1,"[""N2/f1683""]","[3365,3366]"
1684,N2,2,1,"[""N2/f1684""]","[3367,3368]"
1685,N2,2,1,"[""N2/f1685""]","[3369,3370]"
1686,N2,2,1,"[""N2/f1686""]","[3371,3372]"
1687,N2,2,1,"[""N2/f1687""]","[3373,3374]"
1688,N2,2,1,"[""N2/f1688""]","[3375,3376]"
1689,N2,2,1,"[""N2/f1689""]","[3377,3378]"
1690,N2,2,1,"[""N2/f1690""]","[3379,3380]"
1691,N2,2,1,"[""N2/f1691""]","[3381,3382]"
1692,N2,2,1,"[""N2/f1692""]","[3383,3384]"
1693,N2,2,1,"[""N2/f1693""]","[3385,3386]"
1694,N2,2,1,"[""N2/f1694""]","[3387,3388]"
1695,N2,2,1,"[""N2/f1695""]","[3389,3390]"
1696,N2,2,1,"[""N2/f1696""]","[3391,3392]"
1697,N2,2,1,"[""N2/f1697""]","[3393,3394]"
1698,N2,2,1,"[""N2/f1698""]","[3395,3396]"
1699,N2,2,1,"[""N2/f1699""]","[3397,3398]"
1700,N2,2,1,"[""N2/f1700""]","[3399,3400]"
1701,N2,2,1,"[""N2/f1701""]","[3401,3402]"
1702,N2,2,1,"[""N2/f1702""]","[3403,3404]"
1703,N2,2,1,"[""N2/f1703""]","[3405,3406]"
1704,N2,2,1,"[""N2/f1704""]","[3407,3408]"
1705,N2,2,1,"[""N2/f1705""]","[3409,3410]"
1706,N2,2,1,"[""N2/f1706""]","[3411,3412]"
1707,N2,2,1,"[""N2/f1707""]","[3413,3414]"
1708,N2,2,1,"[""N2/f1708""]","[3415,3416]"
1709,N2,2,1,"[""N2/f1709""]","[3417,3418]"
1710,N2,2,1,"[""N2/f1710""]","[3419,3420]"
1711,N2,2,1,"[""N2/f1711""]","[3421,3422]"
1712,N2,2,1,"[""N2/f1712""]","[3423,3424]"
1713,N2,2,1,"[""N2/f1713""]","[3425,3426]"
1714,N2,2,1,"[""N2/f1714""]","[3427,3428]"
1715,N2,2,1,"[""N2/f1715""]","[3429,3430]"
1716,N2,2,1,"[""N2/f1716""]","[3431,3432]"
1717,N2,2,1,"[""N2/f1717""]","[3433,3434]"
1718,N2,2,1,"[""N2/f1718""]","[3435,3436]"
1719,N2,2,1,"[""N2/f1719""]","[3437,3438]"
1720,N2,2,1,"[""N2/f1720""]","[3439,3440]"
1721,N2,2,1,"[""N2/f1721""]","[3441,3442]"
1722,N2,2,1,"[""N2/f1722""]","[3443,3444]"
1723,N2,2,1,"[""N2/f1723""]","[3445,3446]"
1724,N2,2,1,"[""N2/f1724""]","[3447,3448]"
1725,N2,2,1,"[""N2/f1725""]","[3449,3450]"
1726,N2,2,1,"[""N2/f1726""]","[3451,3452]"
1727,N2,2,1,"[""N2/f1727""]","[3453,3454]"
1728,N2,2,1,"[""N2/f1728""]","[3455,3456]"
1729,N2,2,1,"[""N2/f1729""]","[3457,3458]"
1730,N2,2,1,"[""N2/f1730""]","[3459,3460]"
1731,N2,2,1,"[""N2/f1731""]","[3461,3462]"
1732,N2,2,1,"[""N2/f1732""]","[3463,3464]"
1733,N2,2,1,"[""N2/f1733""]","[3465,3466]"
1734,N2,2,1,"[""N2/f1734""]","[3467,3468]"
1735,N2,2,1,"[""N2/f1735""]","[3469,3470]"
1736,N2,2,1,"[""N2/f1736""]","[3471,3472]"
1737,N2,2,1,"[""N2/f1737""]","[3473,3474]"
1738,N2,2,1,"[""N2/f1738""]","[3475,3476]"
1739,N2,2,1,"[""N2/f1739""]","[3477,3478]"
1740,N2,2,1,"[""N2/f1740""]","[3479,3480]"
1741,N2,2,1,"[""N2/f1741""]","[3481,3482]"
1742,N2,2,1,"[""N2/f1742""]","[3483,3484]"
1743,N2,2,1,"[""N2/f1743""]","[3485,3486]"
1744,N2,2,1,"[""N2/f1744""]","[3487,3488]"
1745,N2,2,1,"[""N2/f1745""]","[3489,3490]"
1746,N2,2,1,"[""N2/f1746""]","[3491,3492]"
1747,N2,2,1,"[""N2/f1747""]","[3493,3494]"
1748,N2,2,1,"[""N2/f1748""]","[3495,3496]"
1749,N2,2,1,"[""N2/f1749""]","[3497,3498]"
1750,N2,2,1,"[""N2/f1750""]","[3499,3500]"
1751,N2,2,1,"[""N2/f1751""]","[3501,3502]"
1752,N2,2,1,"[""N2/f1752""]","[3503,3504]"
1753,N2,2,1,"[""N2/f1753""]","[3505,3506]"
1754,N2,2,1,"[""N2/f1754""]","[3507,3508]"
1755,N2,2,1,"[""N2/f1755""]","[3509,3510]"
1756,N2,2,1,"[""N2/f1756""]","[3511,3512]"
1757,N2,2,1,"[""N2/f1757""]","[3513,3514]"
1758,N2,2,1,"[""N2/f1758""]","[3515,3516]"
1759,N2,2,1,"[""N2/f1759""]","[3517,3518]"
1760,N2,2,1,"[""N2/f1760""]","[3519,3520]"
1761,N2,2,1,"[""N2/f1761""]","[3521,3522]"
1762,N2,2,1,"[""N2/f1762""]","[3523,3524]"
1763,N2,2,1,"[""N2/f1763""]","[3525,3526]"
1764,N2,2,1,"[""N2/f1764""]","[3527,3528]"
1765,N2,2,1,"[""N2/f1765""]","[3529,3530]"
1766,N2,2,1,"[""N2/f1766""]","[3531,3532]"
1767,N2,2,1,"[""N2/f1767""]","[3533,3534]"
1768,N2,2,1,"[""N2/f1768""]","[3535,3536]"
1769,N2,2,1,"[""N2/f1769""]","[3537,3538]"
1770,N2,2,1,"[""N2/f1770""]","[3539,3540]"
1771,N2,2,1,"[""N2/f1771""]","[3541,3542]"
1772,N2,2,1,"[""N2/f1772""]","[3543,3544]"
1773,N2,2,1,"[""N2/f1773""]","[3545,3546]"
1774,N2,2,1,"[""N2/f1774""]","[3547,3548]"
1775,N2,2,1,"[""N2/f1775""]","[3549,3550]"
1776,N2,2,1,"[""N2/f1776""]","[3551,3552]"
1777,N2,2,1,"[""N2/f1777""]","[3553,3554]"
1778,N2,2,1,"[""N2/f1778""]","[3555,3556]"
1779,N2,2,1,"[""N2/f1779""]","[3557,3558]"
1780,N2,2,1,"[""N2/f1780""]","[3559,3560]"
1781,N2,2,1,"[""N2/f1781""]","[3561,3562]"
1782,N2,2,1,"[""N2/f1782""]","[3563,3564]"
1783,N2,2,1,"[""N2/f1783""]","[3565,3566]"
1784,N2,2,1,"[""N2/f1784""]","[3567,3568]"
1785,N2,2,1,"[""N2/f1785""]","[3569,3570]"
1786,N2,2,1,"[""N2/f1786""]","[3571,3572]"
1787,N2,2,1,"[""N2/f1787""]","[3573,3574]"
1788,N2,2,1,"[""N2/f1788""]","[3575,3576]"
1789,N2,2,1,"[""N2/f1789""]","[3577,3578]"
1790,N2,2,1,"[""N2/f1790""]","[3579,3580]"
1791,N2,2,1,"[""N2/f1791""]","[3581,3582]"
1792,N2,2,1,"[""N2/f1792""]","[3583,3584]"
1793,N2,2,1,"[""N2/f1793""]","[3585,3586]"
1794,N2,2,1,"[""N2/f1794""]","[3587,3588]"
1795,N2,2,1,"[""N2/f1795""]","[3589,3590]"
1796,N2,2,1,"[""N2/f1796""]","[3591,3592]"
1797,N2,2,1,"[""N2/f1797""]","[3593,3594]"
1798,N2,2,1,"[""N2/f1798""]","[3595,3596]"
1799,N2,2,1,"[""N2/f1799""]","[3597,3598]"
1800,N2,2,1,"[""N2/f1800""]","[3599,3600]"
1801,N2,2,1,"[""N2/f1801""]","[3601,3602]"
1802,N2,2,1,"[""N2/f1802""]","[3603,3604]"
1803,N2,2,1,"[""N2/f1803""]","[3605,3606]"
1804,N2,2,1,"[""N2/f1804""]","[3607,3608]"
1805,N2,2,1,"[""N2/f1805""]","[3609,3610]"
1806,N2,2,1,"[""N2/f1806""]","[3611,3612]"
1807,N2,2,1,"[""N2/f1807""]","[3613,3614]"
1808,N2,2,1,"[""N2/f1808""]","[3615,3616]"
1809,N2,2,1,"[""N2/f1809""]","[3617,3618]"
1810,N2,2,1,"[""N2/f1810""]","[3619,3620]"
1811,N2,2,1,"[""N2/f1811""]","[3621,3622]"
1812,N2,2,1,"[""N2/f1812""]","[3623,3624]"
1813,N2,2,1,"[""N2/f1813""]","[3625,3626]"
1814,N2,2,1,"[""N2/f1814""]","[3627,3628]"
1815,N2,2,1,"[""N2/f1815""]","[3629,3630]"
1816,N2,2,1,"[""N2/f1816""]","[3631,3632]"
1817,N2,2,1,"[""N2/f1817""]","[3633,3634]"
1818,N2,2,1,"[""N2/f1818""]","[3635,3636]"
1819,N2,2,1,"[""N2/f1819""]","[3637,3638]"
1820,N2,2,1,"[""N2/f1820""]","[3639,3640]"
1821,N2,2,1,"[""N2/f1821""]","[3641,3642]"
1822,N2,2,1,"[""N2/f1822""]","[3643,3644]"
1823,N2,2,1,"[""N2/f1823""]","[3645,3646]"
1824,N2,2,1,"[""N2/f1824""]","[3647,3648]"
1825,N2,2,1,"[""N2/f1825""]","[3649,3650]"
1826,N2,2,1,"[""N2/f1826""]","[3651,3652]"
1827,N2,2,1,"[""N2/f1827""]","[3653,3654]"
1828,N2,2,1,"[""N2/f1828""]","[3655,3656]"
1829,N2,2,1,"[""N2/f1829""]","[3657,3658]"
1830,N2,2,1,"[""N2/f1830""]","[3659,3660]"
1831,N2,2,1,"[""N2/f1831""]","[3661,3662]"
1832,N2,2,1,"[""N2/f1832""]","[3663,3664]"
1833,N2,2,1,"[""N2/f1833""]","[3665,3666]"
1834,N2,2,1,"[""N2/f1834""]","[3667,3668]"
1835,N2,2,1,"[""N2/f1835""]","[3669,3670]"
1836,N2,2,1,"[""N2/f1836""]","[3671,3672]"
1837,N2,2,1,"[""N2/f1837""]","[3673,3674]"
1838,N2,2,1,"[""N2/f1838""]","[3675,3676]"
1839,N2,2,1,"[""N2/f1839""]","[3677,3678]"
1840,N2,2,1,"[""N2/f1840""]","[3679,3680]"
1841,N2,2,1,"[""N2/f1841""]","[3681,3682]"
1842,N2,2,1,"[""N2/f1842""]","[3683,3684]"
1843,N2,2,1,"[""N2/f1843""]","[3685,3686]"
1844,N2,2,1,"[""N2/f1844""]","[3687,3688]"
1845,N2,2,1,"[""N2/f1845""]","[3689,3690]"
1846,N2,2,1,"[""N2/f1846""]","[3691,3692]"
1847,N2,2,1,"[""N2/f1847""]","[3693,3694]"
1848,N2,2,1,"[""N2/f1848""]","[3695,3696]"
1849,N2,2,1,"[""N2/f1849""]","[3697,3698]"
1850,N2,2,1,"[""N2/f1850""]","[3699,3700]"
1851,N2,2,1,"[""N2/f1851""]","[3701,3702]"
1852,N2,2,1,"[""N2/f1852""]","[3703,3704]"
1853,N2,2,1,"[""N2/f1853""]","[3705,3706]"
1854,N2,2,1,"[""N2/f1854""]","[3707,3708]"
1855,N2,2,1,"[""N2/f1855""]","[3709,3710]"
1856,N2,2,1,"[""N2/f1856""]","[3711,3712]"
1857,N2,2,1,"[""N2/f1857""]","[3713,3714]"
1858,N2,2,1,"[""N2/f1858""]","[3715,3716]"
1859,N2,2,1,"[""N2/f1859""]","[3717,3718]"
1860,N2,2,1,"[""N2/f1860""]","[3719,3720]"
1861,N2,2,1,"[""N2/f1861""]","[3721,3722]"
1862,N2,2,1,"[""N2/f1862""]","[3723,3724]"
1863,N2,2,1,"[""N2/f1863""]","[3725,3726]"
1864,N2,2,1,"[""N2/f1864""]","[3727,3728]"
1865,N2,2,1,"[""N2/f1865""]","[3729,3730]"
1866,N2,2,1,"[""N2/f1866""]","[3731,3732]"
1867,N2,2,1,"[""N2/f1867""]","[3733,3734]"
1868,N2,2,1,"[""N2/f1868""]","[3735,3736]"
1869,N2,2,1,"[""N2/f1869""]","[3737,3738]"
1870,N2,2,1,"[""N2/f1870""]","[3739,3740]"
1871,N2,2,1,"[""N2/f1871""]","[3741,3742]"
1872,N2,2,1,"[""N2/f1872""]","[3743,3744]"
1873,N2,2,1,"[""N2/f1873""]","[3745,3746]"
1874,N2,2,1,"[""N2/f1874""]","[3747,3748]"
1875,N2,2,1,"[""N2/f1875""]","[3749,3750]"
1876,N2,2,1,"[""N2/f1876""]","[3751,3752]"
1877,N2,2,1,"[""N2/f1877""]","[3753,3754]"
1878,N2,2,1,"[""N2/f1878""]","[3755,3756]"
1879,N2,2,1,"[""N2/f1879""]","[3757,3758]"
1880,N2,2,1,"[""N2/f1880""]","[3759,3760]"
1881,N2,2,1,"[""N2/f1881""]","[3761,3762]"
1882,N2,2,1,"[""N2/f1882""]","[3763,3764]"
1883,N2,2,1,"[""N2/f1883""]","[3765,3766]"
1884,N2,2,1,"[""N2/f1884""]","[3767,3768]"
1885,N2,2,1,"[""N2/f1885""]","[3769,3770]"
1886,N2,2,1,"[""N2/f1886""]","[3771,3772]"
1887,N2,2,1,"[""N2/f1887""]","[3773,3774]"
1888,N2,2,1,"[""N2/f1888""]","[3775,3776]"
1889,N2,2,1,"[""N2/f1889""]","[3777,3778]"
1890,N2,2,1,"[""N2/f1890""]","[3779,3780]"
1891,N2,2,1,"[""N2/f1891""]","[3781,3782]"
1892,N2,2,1,"[""N2/f1892""]","[3783,3784]"
1893,N2,2,1,"[""N2/f1893""]","[3785,3786]"
1894,N2,2,1,"[""N2/f1894""]","[3787,3788]"
1895,N2,2,1,"[""N2/f1895""]","[3789,3790]"
1896,N2,2,1,"[""N2/f1896""]","[3791,3792]"
1897,N2,2,1,"[""N2/f1897""]","[3793,3794]"
1898,N2,2,1,"[""N2/f1898""]","[3795,3796]"
1899,N2,2,1,"[""N2/f1899""]","[3797,3798]"
1900,N2,2,1,"[""N2/f1900""]","[3799,3800]"
1901,N2,2,1,"[""N2/f1901""]","[3801,3802]"
1902,N2,2,1,"[""N2/f1902""]","[3803,3804]"
1903,N2,2,1,"[""N2/f1903""]","[3805,3806]"
1904,N2,2,1,"[""N2/f1904""]","[3807,3808]"
1905,N2,2,1,"[""N2/f1905""]","[3809,3810]"
1906,N2,2,1,"[""N2/f1906""]","[3811,3812]"
1907,N2,2,1,"[""N2/f1907""]","[3813,3814]"
1908,N2,2,1,"[""N2/f1908""]","[3815,3816]"
1909,N2,2,1,"[""N2/f1909""]","[3817,3818]"
1910,N2,2,1,"[""N2/f1910""]","[3819,3820]"
1911,N2,2,1,"[""N2/f1911""]","[3821,3822]"
1912,N2,2,1,"[""N2/f1912""]","[3823,3824]"
1913,N2,2,1,"[""N2/f1913""]","[3825,3826]"
1914,N2,2,1,"[""N2/f1914""]","[3827,3828]"
1915,N2,2,1,"[""N2/f1915""]","[3829,3830]"
1916,N2,2,1,"[""N2/f1916""]","[3831,3832]"
1917,N2,2,1,"[""N2/f1917""]","[3833,3834]"
1918,N2,2,1,"[""N2/f1918""]","[3835,3836]"
1919,N2,2,1,"[""N2/f1919""]","[3837,3838]"
1920,N2,2,1,"[""N2/f1920""]","[3839,3840]"
1921,N2,2,1,"[""N2/f1921""]","[3841,3842]"
1922,N2,2,1,"[""N2/f1922""]","[3843,3844]"
1923,N2,2,1,"[""N2/f1923""]","[3845,3846]"
1924,N2,2,1,"[""N2/f1924""]","[3847,3848]"
1925,N2,2,1,"[""N2/f1925""]","[3849,3850]"
1926,N2,2,1,"[""N2/f1926""]","[3851,3852]"
1927,N2,2,1,"[""N2/f1927""]","[3853,3854]"
1928,N2,2,1,"[""N2/f1928""]","[3855,3856]"
1929,N2,2,1,"[""N2/f1929""]","[3857,3858]"
1930,N2,2,1,"[""N2/f1930""]","[3859,3860]"
1931,N2,2,1,"[""N2/f1931""]","[3861,3862]"
1932,N2,2,1,"[""N2/f1932""]","[3863,3864]"
1933,N2,2,1,"[""N2/f1933""]","[3865,3866]"
1934,N2,2,1,"[""N2/f1934""]","[3867,3868]"
1935,N2,2,1,"[""N2/f1935""]","[3869,3870]"
1936,N2,2,1,"[""N2/f1936""]","[3871,3872]"
1937,N2,2,1,"[""N2/f1937""]","[3873,3874]"
1938,N2,2,1,"[""N2/f1938""]","[3875,3876]"
1939,N2,2,1,"[""N2/f1939""]","[3877,3878]"
1940,N2,2,1,"[""N2/f1940""]","[3879,3880]"
1941,N2,2,1,"[""N2/f1941""]","[3881,3882]"
1942,N2,2,1,"[""N2/f1942""]","[3883,3884]"
1943,N2,2,1,"[""N2/f1943""]","[3885,3886]"
1944,N2,2,1,"[""N2/f1944""]","[3887,3888]"
1945,N2,2,1,"[""N2/f1945""]","[3889,3890]"
1946,N2,2,1,"[""N2/f1946""]","[3891,3892]"
1947,N2,2,1,"[""N2/f1947""]","[3893,3894]"
1948,N2,2,1,"[""N2/f1948""]","[3895,3896]"
1949,N2,2,1,"[""N2/f1949""]","[3897,3898]"
1950,N2,2,1,"[""N2/f1950""]","[3899,3900]"
1951,N2,2,1,"[""N2/f1951""]","[3901,3902]"
1952,N2,2,1,"[""N2/f1952""]","[3903,3904]"
1953,N2,2,1,"[""N2/f1953""]","[3905,3906]"
1954,N2,2,1,"[""N2/f1954""]","[3907,3908]"
1955,N2,2,1,"[""N2/f1955""]","[3909,3910]"
1956,N2,2,1,"[""N2/f1956""]","[3911,3912]"
1957,N2,2,1,"[""N2/f1957""]","[3913,3914]"
1958,N2,2,1,"[""N2/f1958""]","[3915,3916]"
1959,N2,2,1,"[""N2/f1959""]","[3917,3918]"
1960,N2,2,1,"[""N2/f1960""]","[3919,3920]"
1961,N2,2,1,"[""N2/f1961""]","[3921,3922]"
1962,N2,2,1,"[""N2/f1962""]","[3923,3924]"
1963,N2,2,1,"[""N2/f1963""]","[3925,3926]"
1964,N2,2,1,"[""N2/f1964""]","[3927,3928]"
1965,N2,2,1,"[""N2/f1965""]","[3929,3930]"
1966,N2,2,1,"[""N2/f1966""]","[3931,3932]"
1967,N2,2,1,"[""N2/f1967""]","[3933,3934]"
1968,N2,2,1,"[""N2/f1968""]","[3935,3936]"
1969,N2,2,1,"[""N2/f1969""]","[3937,3938]"
1970,N2,2,1,"[""N2/f1970""]","[3939,3940]"
1971,N2,2,1,"[""N2/f1971""]","[3941,3942]"
1972,N2,2,1,"[""N2/f1972""]","[3943,3944]"
1973,N2,2,1,"[""N2/f1973""]","[3945,3946]"
1974,N2,2,1,"[""N2/f1974""]","[3947,3948]"
1975,N2,2,1,"[""N2/f1975""]","[3949,3950]"
1976,N2,2,1,"[""N2/f1976""]","[3951,3952]"
1977,N2,2,1,"[""N2/f1977""]","[3953,3954]"
1978,N2,2,1,"[""N2/f1978""]","[3955,3956]"
1979,N2,2,1,"[""N2/f1979""]","[3957,3958]"
1980,N2,2,1,"[""N2/f1980""]","[3959,3960]"
1981,N2,2,1,"[""N2/f1981""]","[3961,3962]"
1982,N2,2,1,"[""N2/f1982""]","[3963,3964]"
1983,N2,2,1,"[""N2/f1983""]","[3965,3966]"
1984,N2,2,1,"[""N2/f1984""]","[3967,3968]"
1985,N2,2,1,"[""N2/f1985""]","[3969,3970]"
1986,N2,2,1,"[""N2/f1986""]","[3971,3972]"
1987,N2,2,1,"[""N2/f1987""]","[3973,3974]"
1988,N2,2,1,"[""N2/f1988""]","[3975,3976]"
1989,N2,2,1,"[""N2/f1989""]","[3977,3978]"
1990,N2,2,1,"[""N2/f1990""]","[3979,3980]"
1991,N2,2,1,"[""N2/f1991""]","[3981,3982]"
1992,N2,2,1,"[""N2/f1992""]","[3983,3984]"
1993,N2,2,1,"[""N2/f1993""]","[3985,3986]"
1994,N2,2,1,"[""N2/f1994""]","[3987,3988]"
1995,N2,2,1,"[""N2/f1995""]","[3989,3990]"
1996,N2,2,1,"[""N2/f1996""]","[3991,3992]"
1997,N2,2,1,"[""N2/f1997""]","[3993,3994]"
1998,N2,2,1,"[""N2/f1998""]","[3995,3996]"
1999,N2,2,1,"[""N2/f1999""]","[3997,3998]"
2000,N2,2,1,"[""N2/f2000""]","[3999,4000]"
2001,N2,2,1,"[""N2/f2001""]","[4001,4002]"
2002,N2,2,1,"[""N2/f2002""]","[4003,4004]"
2003,N2,2,1,"[""N2/f2003""]","[4005,4006]"
2004,N2,2,1,"[""N2/f2004""]","[4007,4008]"
2005,N2,2,1,"[""N2/f2005""]","[4009,4010]"
2006,N2,2,1,"[""N2/f2006""]","[4011,4012]"
2007,N2,2,1,"[""N2/f2007""]","[4013,4014]"
2008,N2,2,1,"[""N2/f2008""]","[4015,4016]"
2009,N2,2,1,"[""N2/f2009""]","[4017,4018]"
2010,N2,2,1,"[""N2/f2010""]","[4019,4020]"
2011,N2,2,1,"[""N2/f2011""]","[4021,4022]"
2012,N2,2,1,"[""N2/f2012""]","[4023,4024]"
2013,N2,2,1,"[""N2/f2013""]","[4025,4026]"
2014,N2,2,1,"[""N2/f2014""]","[4027,4028]"
2015,N2,2,1,"[""N2/f2015""]","[4029,4030]"
2016,N2,2,1,"[""N2/f2016""]","[4031,4032]"
2017,N2,2,1,"[""N2/f2017""]","[4033,4034]"
2018,N2,2,1,"[""N2/f2018""]","[4035,4036]"
2019,N2,2,1,"[""N2/f2019""]","[4037,4038]"
2020,N2,2,1,"[""N2/f2020""]","[4039,4040]"
2021,N2,2,1,"[""N2/f2021""]","[4041,4042]"
2022,N2,2,1,"[""N2/f2022""]","[4043,4044]"
2023,N2,2,1,"[""N2/f2023""]","[4045,4046]"
2024,N2,2,1,"[""N2/f2024""]","[4047,4048]"
2025,N2,2,1,"[""N2/f2025""]","[4049,4050]"
2026,N2,2,1,"[""N2/f2026""]","[4051,4052]"
2027,N2,2,1,"[""N2/f2027""]","[4053,4054]"
2028,N2,2,1,"[""N2/f2028""]","[4055,4056]"
2029,N2,2,1,"[""N2/f2029""]","[4057,4058]"
2030,N2,2,1,"[""N2/f2030""]","[4059,4060]"
2031,N2,2,1,"[""N2/f2031""]","[4061,4062]"
2032,N2,2,1,"[""N2/f2032""]","[4063,4064]"
2033,N2,2,1,"[""N2/f2033""]","[4065,4066]"
2034,N2,2,1,"[""N2/f2034""]","[4067,4068]"
2035,N2,2,1,"[""N2/f2035""]","[4069,4070]"
2036,N2,2,1,"[""N2/f2036""]","[4071,4072]"
2037,N2,2,1,"[""N2/f2037""]","[4073,4074]"
2038,N2,2,1,"[""N2/f2038""]","[4075,4076]"
2039,N2,2,1,"[""N2/f2039""]","[4077,4078]"
2040,N2,2,1,"[""N2/f2040""]","[4079,4080]"
2041,N2,2,1,"[""N2/f2041""]","[4081,4082]"
2042,N2,2,1,"[""N2/f2042""]","[4083,4084]"
2043,N2,2,1,"[""N2/f2043""]","[4085,4086]"
2044,N2,2,1,"[""N2/f2044""]","[4087,4088]"
2045,N2,2,1,"[""N2/f2045""]","[4089,4090]"
2046,N2,2,1,"[""N2/f2046""]","[4091,4092]"
2047,N2,2,1,"[""N2/f2047""]","[4093,4094]"
2048,N2,2,1,"[""N2/f2048""]","[4095,4096]"
2049,N2,2,1,"[""N2/f2049""]","[4097,4098]"
2050,N2,2,1,"[""N2/f2050""]","[4099,4100]"
2051,N2,2,1,"[""N2/f2051""]","[4101,4102]"
2052,N2,2,1,"[""N2/f2052""]","[4103,4104]"
2053,N2,2,1,"[""N2/f2053""]","[4105,4106]"
2054,N2,2,1,"[""N2/f2054""]","[4107,4108]"
2055,N2,2,1,"[""N2/f2055""]","[4109,4110]"
2056,N2,2,1,"[""N2/f2056""]","[4111,4112]"
2057,N2,2,1,"[""N2/f2057""]","[4113,4114]"
2058,N2,2,1,"[""N2/f2058""]","[4115,4116]"
2059,N2,2,1,"[""N2/f2059""]","[4117,4118]"
2060,N2,2,1,"[""N2/f2060""]","[4119,4120]"
2061,N2,2,1,"[""N2/f2061""]","[4121,4122]"
2062,N2,2,1,"[""N2/f2062""]","[4123,4124]"
2063,N2,2,1,"[""N2/f2063""]","[4125,4126]"
2064,N2,2,1,"[""N2/f2064""]","[4127,4128]"
2065,N2,2,1,"[""N2/f2065""]","[4129,4130]"
2066,N2,2,1,"[""N2/f2066""]","[4131,4132]"
2067,N2,2,1,"[""N2/f2067""]","[4133,4134]"
2068,N2,2,1,"[""N2/f2068""]","[4135,4136]"
2069,N2,2,1,"[""N2/f2069""]","[4137,4138]"
2070,N2,2,1,"[""N2/f2070""]","[4139,4140]"
2071,N2,2,1,"[""N2/f2071""]","[4141,4142]"
2072,N2,2,1,"[""N2/f2072""]","[4143,4144]"
2073,N2,2,1,"[""N2/f2073""]","[4145,4146]"
2074,N2,2,1,"[""N2/f2074""]","[4147,4148]"
2075,N2,2,1,"[""N2/f2075""]","[4149,4150]"
2076,N2,2,1,"[""N2/f2076""]","[4151,4152]"
2077,N2,2,1,"[""N2/f2077""]","[4153,4154]"
2078,N2,2,1,"[""N2/f2078""]","[4155,4156]"
2079,N2,2,1,"[""N2/f2079""]","[4157,4158]"
2080,N2,2,1,"[""N2/f2080""]","[4159,4160]"
2081,N2,2,1,"[""N2/f2081""]","[4161,4162]"
2082,N2,2,1,"[""N2/f2082""]","[4163,4164]"
2083,N2,2,1,"[""N2/f2083""]","[4165,4166]"
2084,N2,2,1,"[""N2/f2084""]","[4167,4168]"
2085,N2,2,1,"[""N2/f2085""]","[4169,4170]"
2086,N2,2,1,"[""N2/f2086""]","[4171,4172]"
2087,N2,2,1,"[""N2/f2087""]","[4173,4174]"
2088,N2,2,1,"[""N2/f2088""]","[4175,4176]"
2089,N2,2,1,"[""N2/f2089""]","[4177,4178]"
2090,N2,2,1,"[""N2/f2090""]","[4179,4180]"
2091,N2,2,1,"[""N2/f2091""]","[4181,4182]"
2092,N2,2,1,"[""N2/f2092""]","[4183,4184]"
2093,N2,2,1,"[""N2/f2093""]","[4185,4186]"
2094,N2,2,1,"[""N2/f2094""]","[4187,4188]"
2095,N2,2,1,"[""N2/f2095""]","[4189,4190]"
2096,N2,2,1,"[""N2/f2096""]","[4191,4192]"
2097,N2,2,1,"[""N2/f2097""]","[4193,4194]"
2098,N2,2,1,"[""N2/f2098""]","[4195,4196]"
2099,N2,2,1,"[""N2/f2099""]","[4197,4198]"
2100,N2,2,1,"[""N2/f2100""]","[4199,4200]"
2101,N2,2,1,"[""N2/f2101""]","[4201,4202]"
2102,N2,2,1,"[""N2/f2102""]","[4203,4204]"
2103,N2,2,1,"[""N2/f2103""]","[4205,4206]"
2104,N2,2,1,"[""N2/f2104""]","[4207,4208]"
2105,N2,2,1,"[""N2/f2105""]","[4209,4210]"
2106,N2,2,1,"[""N2/f2106""]","[4211,4212]"
2107,N2,2,1,"[""N2/f2107""]","[4213,4214]"
2108,N2,2,1,"[""N2/f2108""]","[4215,4216]"
2109,N2,2,1,"[""N2/f2109""]","[4217,4218]"
2110,N2,2,1,"[""N2/f2110""]","[4219,4220]"
2111,N2,2,1,"[""N2/f2111""]","[4221,4222]"
2112,N2,2,1,"[""N2/f2112""]","[4223,4224]"
2113,N2,2,1,"[""N2/f2113""]","[4225,4226]"
2114,N2,2,1,"[""N2/f2114""]","[4227,4228]"
2115,N2,2,1,"[""N2/f2115""]","[4229,4230]"
2116,N2,2,1,"[""N2/f2116""]","[4231,4232]"
2117,N2,2,1,"[""N2/f2117""]","[4233,4234]"
2118,N2,2,1,"[""N2/f2118""]","[4235,4236]"
2119,N2,2,1,"[""N2/f2119""]","[4237,4238]"
2120,N2,2,1,"[""N2/f2120""]","[4239,4240]"
2121,N2,2,1,"[""N2/f2121""]","[4241,4242]"
2122,N2,2,1,"[""N2/f2122""]","[4243,4244]"
2123,N2,2,1,"[""N2/f2123""]","[4245,4246]"
2124,N2,2,1,"[""N2/f2124""]","[4247,4248]"
2125,N2,2,1,"[""N2/f2125""]","[4249,4250]"
2126,N2,2,1,"[""N2/f2126""]","[4251,4252]"
2127,N2,2,1,"[""N2/f2127""]","[4253,4254]"
2128,N2,2,1,"[""N2/f2128""]","[4255,4256]"
2129,N2,2,1,"[""N2/f2129""]","[4257,4258]"
2130,N2,2,1,"[""N2/f2130""]","[4259,4260]"
2131,N2,2,1,"[""N2/f2131""]","[4261,4262]"
2132,N2,2,1,"[""N2/f2132""]","[4263,4264]"
2133,N2,2,1,"[""N2/f2133""]","[4265,4266]"
2134,N2,2,1,"[""N2/f2134""]","[4267,4268]"
2135,N2,2,1,"[""N2/f2135""]","[4269,4270]"
2136,N2,2,1,"[""N2/f2136""]","[4271,4272]"
2137,N2,2,1,"[""N2/f2137""]","[4273,4274]"
2138,N2,2,1,"[""N2/f2138""]","[4275,4276]"
2139,N2,2,1,"[""N2/f2139""]","[4277,4278]"
2140,N2,2,1,"[""N2/f2140""]","[4279,4280]"
2141,N2,2,1,"[""N2/f2141""]","[4281,4282]"
2142,N2,2,1,"[""N2/f2142""]","[4283,4284]"
2143,N2,2,1,"[""N2/f2143""]","[4285,4286]"
2144,N2,2,1,"[""N2/f2144""]","[4287,4288]"
2145,N2,2,1,"[""N2/f2145""]","[4289,4290]"
2146,N2,2,1,"[""N2/f2146""]","[4291,4292]"
2147,N2,2,1,"[""N2/f2147""]","[4293,4294]"
2148,N2,2,1,"[""N2/f2148""]","[4295,4296]"
2149,N2,2,1,"[""N2/f2149""]","[4297,4298]"
2150,N2,2,1,"[""N2/f2150""]","[4299,4300]"
2151,N2,2,1,"[""N2/f2151""]","[4301,4302]"
2152,N2,2,1,"[""N2/f2152""]","[4303,4304]"
2153,N2,2,1,"[""N2/f2153""]","[4305,4306]"
2154,N2,2,1,"[""N2/f2154""]","[4307,4308]"
2155,N2,2,1,"[""N2/f2155""]","[4309,4310]"
2156,N2,2,1,"[""N2/f2156""]","[4311,4312]"
2157,N2,2,1,"[""N2/f2157""]","[4313,4314]"
2158,N2,2,1,"[""N2/f2158""]","[4315,4316]"
2159,N2,2,1,"[""N2/f2159""]","[4317,4318]"
2160,N2,2,1,"[""N2/f2160""]","[4319,4320]"
2161,N2,2,1,"[""N2/f2161""]","[4321,4322]"
2162,N2,2,1,"[""N2/f2162""]","[4323,4324]"
2163,N2,2,1,"[""N2/f2163""]","[4325,4326]"
2164,N2,2,1,"[""N2/f2164""]","[4327,4328]"
2165,N2,2,1,"[""N2/f2165""]","[4329,4330]"
2166,N2,2,1,"[""N2/f2166""]","[4331,4332]"
2167,N2,2,1,"[""N2/f2167""]","[4333,4334]"
2168,N2,2,1,"[""N2/f2168""]","[4335,4336]"
2169,N2,2,1,"[""N2/f2169""]","[4337,4338]"
2170,N2,2,1,"[""N2/f2170""]","[4339,4340]"
2171,N2,2,1,"[""N2/f2171""]","[4341,4342]"
2172,N2,2,1,"[""N2/f2172""]","[4343,4344]"
2173,N2,2,1,"[""N2/f2173""]","[4345,4346]"
2174,N2,2,1,"[""N2/f2174""]","[4347,4348]"
2175,N2,2,1,"[""N2/f2175""]","[4349,4350]"
2176,N2,2,1,"[""N2/f2176""]","[4351,4352]"
2177,N2,2,1,"[""N2/f2177""]","[4353,4354]"
2178,N2,2,1,"[""N2/f2178""]","[4355,4356]"
2179,N2,2,1,"[""N2/f2179""]","[4357,4358]"
2180,N2,2,1,"[""N2/f2180""]","[4359,4360]"
2181,N2,2,1,"[""N2/f2181""]","[4361,4362]"
2182,N2,2,1,"[""N2/f2182""]","[4363,4364]"
2183,N2,2,1,"[""N2/f2183""]","[4365,4366]"
2184,N2,2,1,"[""N2/f2184""]","[4367,4368]"
2185,N2,2,1,"[""N2/f2185""]","[4369,4370]"
2186,N2,2,1,"[""N2/f2186""]","[4371,4372]"
2187,N2,2,1,"[""N2/f2187""]","[4373,4374]"
2188,N2,2,1,"[""N2/f2188""]","[4375,4376]"
2189,N2,2,1,"[""N2/f2189""]","[4377,4378]"
2190,N2,2,1,"[""N2/f2190""]","[4379,4380]"
2191,N2,2,1,"[""N2/f2191""]","[4381,4382]"
2192,N2,2,1,"[""N2/f2192""]","[4383,4384]"
2193,N2,2,1,"[""N2/f2193""]","[4385,4386]"
2194,N2,2,1,"[""N2/f2194""]","[4387,4388]"
2195,N2,2,1,"[""N2/f2195""]","[4389,4390]"
2196,N2,2,1,"[""N2/f2196""]","[4391,4392]"
2197,N2,2,1,"[""N2/f2197""]","[4393,4394]"
2198,N2,2,1,"[""N2/f2198""]","[4395,4396]"
2199,N2,2,1,"[""N2/f2199""]","[4397,4398]"
2200,N2,2,1,"[""N2/f2200""]","[4399,4400]"
2201,N2,2,1,"[""N2/f2201""]","[4401,4402]"
2202,N2,2,1,"[""N2/f2202""]","[4403,4404]"
2203,N2,2,1,"[""N2/f2203""]","[4405,4406]"
2204,N2,2,1,"[""N2/f2204""]","[4407,4408]"
2205,N2,2,1,"[""N2/f2205""]","[4409,4410]"
2206,N2,2,1,"[""N2/f2206""]","[4411,4412]"
2207,N2,2,1,"[""N2/f2207""]","[4413,4414]"
2208,N2,2,1,"[""N2/f2208""]","[4415,4416]"
2209,N2,2,1,"[""N2/f2209""]","[4417,4418]"
2210,N2,2,1,"[""N2/f2210""]","[4419,4420]"
2211,N2,2,1,"[""N2/f2211""]","[4421,4422]"
2212,N2,2,1,"[""N2/f2212""]","[4423,4424]"
2213,N2,2,1,"[""N2/f2213""]","[4425,4426]"
2214,N2,2,1,"[""N2/f2214""]","[4427,4428]"
2215,N2,2,1,"[""N2/f2215""]","[4429,4430]"
2216,N2,2,1,"[""N2/f2216""]","[4431,4432]"
2217,N2,2,1,"[""N2/f2217""]","[4433,4434]"
2218,N2,2,1,"[""N2/f2218""]","[4435,4436]"
2219,N2,2,1,"[""N2/f2219""]","[4437,4438]"
2220,N2,2,1,"[""N2/f2220""]","[4439,4440]"
2221,N2,2,1,"[""N2/f2221""]","[4441,4442]"
2222,N2,2,1,"[""N2/f2222""]","[4443,4444]"
2223,N2,2,1,"[""N2/f2223""]","[4445,4446]"
2224,N2,2,1,"[""N2/f2224""]","[4447,4448]"
2225,N2,2,1,"[""N2/f2225""]","[4449,4450]"
2226,N2,2,1,"[""N2/f2226""]","[4451,4452]"
2227,N2,2,1,"[""N2/f2227""]","[4453,4454]"
2228,N2,2,1,"[""N2/f2228""]","[4455,4456]"
2229,N2,2,1,"[""N2/f2229""]","[4457,4458]"
2230,N2,2,1,"[""N2/f2230""]","[4459,4460]"
2231,N2,2,1,"[""N2/f2231""]","[4461,4462]"
2232,N2,2,1,"[""N2/f2232""]","[4463,4464]"
2233,N2,2,1,"[""N2/f2233""]","[4465,4466]"
2234,N2,2,1,"[""N2/f2234""]","[4467,4468]"
2235,N2,2,1,"[""N2/f2235""]","[4469,4470]"
2236,N2,2,1,"[""N2/f2236""]","[4471,4472]"
2237,N2,2,1,"[""N2/f2237""]","[4473,4474]"
2238,N2,2,1,"[""N2/f2238""]","[4475,4476]"
2239,N2,2,1,"[""N2/f2239""]","[4477,4478]"
2240,N2,2,1,"[""N2/f2240""]","[4479,4480]"
2241,N2,2,1,"[""N2/f2241""]","[4481,4482]"
2242,N2,2,1,"[""N2/f2242""]","[4483,4484]"
2243,N2,2,1,"[""N2/f2243""]","[4485,4486]"
2244,N2,2,1,"[""N2/f2244""]","[4487,4488]"
2245,N2,2,1,"[""N2/f2245""]","[4489,4490]"
2246,N2,2,1,"[""N2/f2246""]","[4491,4492]"
2247,N2,2,1,"[""N2/f2247""]","[4493,4494]"
2248,N2,2,1,"[""N2/f2248""]","[4495,4496]"
2249,N2,2,1,"[""N2/f2249""]","[4497,4498]"
2250,N2,2,1,"[""N2/f2250""]","[4499,4500]"
2251,N2,2,1,"[""N2/f2251""]","[4501,4502]"
2252,N2,2,1,"[""N2/f2252""]","[4503,4504]"
2253,N2,2,1,"[""N2/f2253""]","[4505,4506]"
2254,N2,2,1,"[""N2/f2254""]","[4507,4508]"
2255,N2,2,1,"[""N2/f2255""]","[4509,4510]"
2256,N2,2,1,"[""N2/f2256""]","[4511,4512]"
2257,N2,2,1,"[""N2/f2257""]","[4513,4514]"
2258,N2,2,1,"[""N2/f2258""]","[4515,4516]"
2259,N2,2,1,"[""N2/f2259""]","[4517,4518]"
2260,N2,2,1,"[""N2/f2260""]","[4519,4520]"
2261,N2,2,1,"[""N2/f2261""]","[4521,4522]"
2262,N2,2,1,"[""N2/f2262""]","[4523,4524]"
2263,N2,2,1,"[""N2/f2263""]","[4525,4526]"
2264,N2,2,1,"[""N2/f2264""]","[4527,4528]"
2265,N2,2,1,"[""N2/f2265""]","[4529,4530]"
2266,N2,2,1,"[""N2/f2266""]","[4531,4532]"
2267,N2,2,1,"[""N2/f2267""]","[4533,4534]"
2268,N2,2,1,"[""N2/f2268""]","[4535,4536]"
2269,N2,2,1,"[""N2/f2269""]","[4537,4538]"
2270,N2,2,1,"[""N2/f2270""]","[4539,4540]"
2271,N2,2,1,"[""N2/f2271""]","[4541,4542]"
2272,N2,2,1,"[""N2/f2272""]","[4543,4544]"
2273,N2,2,1,"[""N2/f2273""]","[4545,4546]"
2274,N2,2,1,"[""N2/f2274""]","[4547,4548]"
2275,N2,2,1,"[""N2/f2275""]","[4549,4550]"
2276,N2,2,1,"[""N2/f2276""]","[4551,4552]"
2277,N2,2,1,"[""N2/f2277""]","[4553,4554]"
2278,N2,2,1,"[""N2/f2278""]","[4555,4556]"
2279,N2,2,1,"[""N2/f2279""]","[4557,4558]"
2280,N2,2,1,"[""N2/f2280""]","[4559,4560]"
2281,N2,2,1,"[""N2/f2281""]","[4561,4562]"
2282,N2,2,1,"[""N2/f2282""]","[4563,4564]"
2283,N2,2,1,"[""N2/f2283""]","[4565,4566]"
2284,N2,2,1,"[""N2/f2284""]","[4567,4568]"
2285,N2,2,1,"[""N2/f2285""]","[4569,4570]"
2286,N2,2,1,"[""N2/f2286""]","[4571,4572]"
2287,N2,2,1,"[""N2/f2287""]","[4573,4574]"
2288,N2,2,1,"[""N2/f2288""]","[4575,4576]"
2289,N2,2,1,"[""N2/f2289""]","[4577,4578]"
2290,N2,2,1,"[""N2/f2290""]","[4579,4580]"
2291,N2,2,1,"[""N2/f2291""]","[4581,4582]"
2292,N2,2,1,"[""N2/f2292""]","[4583,4584]"
2293,N2,2,1,"[""N2/f2293""]","[4585,4586]"
2294,N2,2,1,"[""N2/f2294""]","[4587,4588]"
2295,N2,2,1,"[""N2/f2295""]","[4589,4590]"
2296,N2,2,1,"[""N2/f2296""]","[4591,4592]"
2297,N2,2,1,"[""N2/f2297""]","[4593,4594]"
2298,N2,2,1,"[""N2/f2298""]","[4595,4596]"
2299,N2,2,1,"[""N2/f2299""]","[4597,4598]"
2300,N2,2,1,"[""N2/f2300""]","[4599,4600]"
2301,N2,2,1,"[""N2/f2301""]","[4601,4602]"
2302,N2,2,1,"[""N2/f2302""]","[4603,4604]"
2303,N2,2,1,"[""N2/f2303""]","[4605,4606]"
2304,N2,2,1,"[""N2/f2304""]","[4607,4608]"
2305,N2,2,1,"[""N2/f2305""]","[4609,4610]"
2306,N2,2,1,"[""N2/f2306""]","[4611,4612]"
2307,N2,2,1,"[""N2/f2307""]","[4613,4614]"
2308,N2,2,1,"[""N2/f2308""]","[4615,4616]"
2309,N2,2,1,"[""N2/f2309""]","[4617,4618]"
2310,N2,2,1,"[""N2/f2310""]","[4619,4620]"
2311,N2,2,1,"[""N2/f2311""]","[4621,4622]"
2312,N2,2,1,"[""N2/f2312""]","[4623,4624]"
2313,N2,2,1,"[""N2/f2313""]","[4625,4626]"
2314,N2,2,1,"[""N2/f2314""]","[4627,4628]"
2315,N2,2,1,"[""N2/f2315""]","[4629,4630]"
2316,N2,2,1,"[""N2/f2316""]","[4631,4632]"
2317,N2,2,1,"[""N2/f2317""]","[4633,4634]"
2318,N2,2,1,"[""N2/f2318""]","[4635,4636]"
2319,N2,2,1,"[""N2/f2319""]","[4637,4638]"
2320,N2,2,1,"[""N2/f2320""]","[4639,4640]"
2321,N2,2,1,"[""N2/f2321""]","[4641,4642]"
2322,N2,2,1,"[""N2/f2322""]","[4643,4644]"
2323,N2,2,1,"[""N2/f2323""]","[4645,4646]"
2324,N2,2,1,"[""N2/f2324""]","[4647,4648]"
2325,N2,2,1,"[""N2/f2325""]","[4649,4650]"
2326,N2,2,1,"[""N2/f2326""]","[4651,4652]"
2327,N2,2,1,"[""N2/f2327""]","[4653,4654]"
2328,N2,2,1,"[""N2/f2328""]","[4655,4656]"
2329,N2,2,1,"[""N2/f2329""]","[4657,4658]"
2330,N2,2,1,"[""N2/f2330""]","[4659,4660]"
2331,N2,2,1,"[""N2/f2331""]","[4661,4662]"
2332,N2,2,1,"[""N2/f2332""]","[4663,4664]"
2333,N2,2,1,"[""N2/f2333""]","[4665,4666]"
2334,N2,2,1,"[""N2/f2334""]","[4667,4668]"
2335,N2,2,1,"[""N2/f2335""]","[4669,4670]"
2336,N2,2,1,"[""N2/f2336""]","[4671,4672]"
2337,N2,2,1,"[""N2/f2337""]","[4673,4674]"
2338,N2,2,1,"[""N2/f2338""]","[4675,4676]"
2339,N2,2,1,"[""N2/f2339""]","[4677,4678]"
2340,N2,2,1,"[""N2/f2340""]","[4679,4680]"
2341,N2,2,1,"[""N2/f2341""]","[4681,4682]"
2342,N2,2,1,"[""N2/f2342""]","[4683,4684]"
2343,N2,2,1,"[""N2/f2343""]","[4685,4686]"
2344,N2,2,1,"[""N2/f2344""]","[4687,4688]"
2345,N2,2,1,"[""N2/f2345""]","[4689,4690]"
2346,N2,2,1,"[""N2/f2346""]","[4691,4692]"
2347,N2,2,1,"[""N2/f2347""]","[4693,4694]"
2348,N2,2,1,"[""N2/f2348""]","[4695,4696]"
2349,N2,2,1,"[""N2/f2349""]","[4697,4698]"
2350,N2,2,1,"[""N2/f2350""]","[4699,4700]"
2351,N2,2,1,"[""N2/f2351""]","[4701,4702]"
2352,N2,2,1,"[""N2/f2352""]","[4703,4704]"
2353,N2,2,1,"[""N2/f2353""]","[4705,4706]"
2354,N2,2,1,"[""N2/f2354""]","[4707,4708]"
2355,N2,2,1,"[""N2/f2355""]","[4709,4710]"
2356,N2,2,1,"[""N2/f2356""]","[4711,4712]"
2357,N2,2,1,"[""N2/f2357""]","[4713,4714]"
2358,N2,2,1,"[""N2/f2358""]","[4715,4716]"
2359,N2,2,1,"[""N2/f2359""]","[4717,4718]"
2360,N2,2,1,"[""N2/f2360""]","[4719,4720]"
2361,N2,2,1,"[""N2/f2361""]","[4721,4722]"
2362,N2,2,1,"[""N2/f2362""]","[4723,4724]"
2363,N2,2,1,"[""N2/f2363""]","[4725,4726]"
2364,N2,2,1,"[""N2/f2364""]","[4727,4728]"
2365,N2,2,1,"[""N2/f2365""]","[4729,4730]"
2366,N2,2,1,"[""N2/f2366""]","[4731,4732]"
2367,N2,2,1,"[""N2/f2367""]","[4733,4734]"
2368,N2,2,1,"[""N2/f2368""]","[4735,4736]"
2369,N2,2,1,"[""N2/f2369""]","[4737,4738]"
2370,N2,2,1,"[""N2/f2370""]","[4739,4740]"
2371,N2,2,1,"[""N2/f2371""]","[4741,4742]"
2372,N2,2,1,"[""N2/f2372""]","[4743,4744]"
2373,N2,2,1,"[""N2/f2373""]","[4745,4746]"
2374,N2,2,1,"[""N2/f2374""]","[4747,4748]"
2375,N2,2,1,"[""N2/f2375""]","[4749,4750]"
2376,N2,2,1,"[""N2/f2376""]","[4751,4752]"
2377,N2,2,1,"[""N2/f2377""]","[4753,4754]"
2378,N2,2,1,"[""N2/f2378""]","[4755,4756]"
2379,N2,2,1,"[""N2/f2379""]","[4757,4758]"
2380,N2,2,1,"[""N2/f2380""]","[4759,4760]"
2381,N2,2,1,"[""N2/f2381""]","[4761,4762]"
2382,N2,2,1,"[""N2/f2382""]","[4763,4764]"
2383,N2,2,1,"[""N2/f2383""]","[4765,4766]"
2384,N2,2,1,"[""N2/f2384""]","[4767,4768]"
2385,N2,2,1,"[""N2/f2385""]","[4769,4770]"
2386,N2,2,1,"[""N2/f2386""]","[4771,4772]"
2387,N2,2,1,"[""N2/f2387""]","[4773,4774]"
2388,N2,2,1,"[""N2/f2388""]","[4775,4776]"
2389,N2,2,1,"[""N2/f2389""]","[4777,4778]"
2390,N2,2,1,"[""N2/f2390""]","[4779,4780]"
2391,N2,2,1,"[""N2/f2391""]","[4781,4782]"
2392,N2,2,1,"[""N2/f2392""]","[4783,4784]"
2393,N2,2,1,"[""N2/f2393""]","[4785,4786]"
2394,N2,2,1,"[""N2/f2394""]","[4787,4788]"
2395,N2,2,1,"[""N2/f2395""]","[4789,4790]"
2396,N2,2,1,"[""N2/f2396""]","[4791,4792]"
2397,N2,2,1,"[""N2/f2397""]","[4793,4794]"
2398,N2,2,1,"[""N2/f2398""]","[4795,4796]"
2399,N2,2,1,"[""N2/f2399""]","[4797,4798]"
2400,N2,2,1,"[""N2/f2400""]","[4799,4800]"
2401,N2,2,1,"[""N2/f2401""]","[4801,4802]"
2402,N2,2,1,"[""N2/f2402""]","[4803,4804]"
2403,N2,2,1,"[""N2/f2403""]","[4805,4806]"
2404,N2,2,1,"[""N2/f2404""]","[4807,4808]"
2405,N2,2,1,"[""N2/f2405""]","[4809,4810]"
2406,N2,2,1,"[""N2/f2406""]","[4811,4812]"
2407,N2,2,1,"[""N2/f2407""]","[4813,4814]"
2408,N2,2,1,"[""N2/f2408""]","[4815,4816]"
2409,N2,2,1,"[""N2/f2409""]","[4817,4818]"
2410,N2,2,1,"[""N2/f2410""]","[4819,4820]"
2411,N2,2,1,"[""N2/f2411""]","[4821,4822]"
2412,N2,2,1,"[""N2/f2412""]","[4823,4824]"
2413,N2,2,1,"[""N2/f2413""]","[4825,4826]"
2414,N2,2,1,"[""N2/f2414""]","[4827,4828]"
2415,N2,2,1,"[""N2/f2415""]","[4829,4830]"
2416,N2,2,1,"[""N2/f2416""]","[4831,4832]"
2417,N2,2,1,"[""N2/f2417""]","[4833,4834]"
2418,N2,2,1,"[""N2/f2418""]","[4835,4836]"
2419,N2,2,1,"[""N2/f2419""]","[4837,4838]"
2420,N2,2,1,"[""N2/f2420""]","[4839,4840]"
2421,N2,2,1,"[""N2/f2421""]","[4841,4842]"
2422,N2,2,1,"[""N2/f2422""]","[4843,4844]"
2423,N2,2,1,"[""N2/f2423""]","[4845,4846]"
2424,N2,2,1,"[""N2/f2424""]","[4847,4848]"
2425,N2,2,1,"[""N2/f2425""]","[4849,4850]"
2426,N2,2,1,"[""N2/f2426""]","[4851,4852]"
2427,N2,2,1,"[""N2/f2427""]","[4853,4854]"
2428,N2,2,1,"[""N2/f2428""]","[4855,4856]"
2429,N2,2,1,"[""N2/f2429""]","[4857,4858]"
2430,N2,2,1,"[""N2/f2430""]","[4859,4860]"
2431,N2,2,1,"[""N2/f2431""]","[4861,4862]"
2432,N2,2,1,"[""N2/f2432""]","[4863,4864]"
2433,N2,2,1,"[""N2/f2433""]","[4865,4866]"
2434,N2,2,1,"[""N2/f2434""]","[4867,4868]"
2435,N2,2,1,"[""N2/f2435""]","[4869,4870]"
2436,N2,2,1,"[""N2/f2436""]","[4871,4872]"
2437,N2,2,1,"[""N2/f2437""]","[4873,4874]"
2438,N2,2,1,"[""N2/f2438""]","[4875,4876]"
2439,N2,2,1,"[""N2/f2439""]","[4877,4878]"
2440,N2,2,1,"[""N2/f2440""]","[4879,4880]"
2441,N2,2,1,"[""N2/f2441""]","[4881,4882]"
2442,N2,2,1,"[""N2/f2442""]","[4883,4884]"
2443,N2,2,1,"[""N2/f2443""]","[4885,4886]"
2444,N2,2,1,"[""N2/f2444""]","[4887,4888]"
2445,N2,2,1,"[""N2/f2445""]","[4889,4890]"
2446,N2,2,1,"[""N2/f2446""]","[4891,4892]"
2447,N2,2,1,"[""N2/f2447""]","[4893,4894]"
2448,N2,2,1,"[""N2/f2448""]","[4895,4896]"
2449,N2,2,1,"[""N2/f2449""]","[4897,4898]"
2450,N2,2,1,"[""N2/f2450""]","[4899,4900]"
2451,N2,2,1,"[""N2/f2451""]","[4901,4902]"
2452,N2,2,1,"[""N2/f2452""]","[4903,4904]"
2453,N2,2,1,"[""N2/f2453""]","[4905,4906]"
2454,N2,2,1,"[""N2/f2454""]","[4907,4908]"
2455,N2,2,1,"[""N2/f2455""]","[4909,4910]"
2456,N2,2,1,"[""N2/f2456""]","[4911,4912]"
2457,N2,2,1,"[""N2/f2457""]","[4913,4914]"
2458,N2,2,1,"[""N2/f2458""]","[4915,4916]"
2459,N2,2,1,"[""N2/f2459""]","[4917,4918]"
2460,N2,2,1,"[""N2/f2460""]","[4919,4920]"
2461,N2,2,1,"[""N2/f2461""]","[4921,4922]"
2462,N2,2,1,"[""N2/f2462""]","[4923,4924]"
2463,N2,2,1,"[""N2/f2463""]","[4925,4926]"
2464,N2,2,1,"[""N2/f2464""]","[4927,4928]"
2465,N2,2,1,"[""N2/f2465""]","[4929,4930]"
2466,N2,2,1,"[""N2/f2466""]","[4931,4932]"
2467,N2,2,1,"[""N2/f2467""]","[4933,4934]"
2468,N2,2,1,"[""N2/f2468""]","[4935,4936]"
2469,N2,2,1,"[""N2/f2469""]","[4937,4938]"
2470,N2,2,1,"[""N2/f2470""]","[4939,4940]"
2471,N2,2,1,"[""N2/f2471""]","[4941,4942]"
2472,N2,2,1,"[""N2/f2472""]","[4943,4944]"
2473,N2,2,1,"[""N2/f2473""]","[4945,4946]"
2474,N2,2,1,"[""N2/f2474""]","[4947,4948]"
2475,N2,2,1,"[""N2/f2475""]","[4949,4950]"
2476,N2,2,1,"[""N2/f2476""]","[4951,4952]"
2477,N2,2,1,"[""N2/f2477""]","[4953,4954]"
2478,N2,2,1,"[""N2/f2478""]","[4955,4956]"
2479,N2,2,1,"[""N2/f2479""]","[4957,4958]"
2480,N2,2,1,"[""N2/f2480""]","[4959,4960]"
2481,N2,2,1,"[""N2/f2481""]","[4961,4962]"
2482,N2,2,1,"[""N2/f2482""]","[4963,4964]"
2483,N2,2,1,"[""N2/f2483""]","[4965,4966]"
2484,N2,2,1,"[""N2/f2484""]","[4967,4968]"
2485,N2,2,1,"[""N2/f2485""]","[4969,4970]"
2486,N2,2,1,"[""N2/f2486""]","[4971,4972]"
2487,N2,2,1,"[""N2/f2487""]","[4973,4974]"
2488,N2,2,1,"[""N2/f2488""]","[4975,4976]"
2489,N2,2,1,"[""N2/f2489""]","[4977,4978]"
2490,N2,2,1,"[""N2/f2490""]","[4979,4980]"
2491,N2,2,1,"[""N2/f2491""]","[4981,4982]"
2492,N2,2,1,"[""N2/f2492""]","[4983,4984]"
2493,N2,2,1,"[""N2/f2493""]","[4985,4986]"
2494,N2,2,1,"[""N2/f2494""]","[4987,4988]"
2495,N2,2,1,"[""N2/f2495""]","[4989,4990]"
2496,N2,2,1,"[""N2/f2496""]","[4991,4992]"
2497,N2,2,1,"[""N2/f2497""]","[4993,4994]"
2498,N2,2,1,"[""N2/f2498""]","[4995,4996]"
2499,N2,2,1,"[""N2/f2499""]","[4997,4998]"
2500,N2,2,1,"[""N2/f2500""]","[4999,5000]"
2501,N2,2,1,"[""N2/f2501""]","[5001,5002]"
2502,N2,2,1,"[""N2/f2502""]","[5003,5004]"
2503,N2,2,1,"[""N2/f2503""]","[5005,5006]"
2504,N2,2,1,"[""N2/f2504""]","[5007,5008]"
2505,N2,2,1,"[""N2/f2505""]","[5009,5010]"
2506,N2,2,1,"[""N2/f2506""]","[5011,5012]"
2507,N2,2,1,"[""N2/f2507""]","[5013,5014]"
2508,N2,2,1,"[""N2/f2508""]","[5015,5016]"
2509,N2,2,1,"[""N2/f2509""]","[5017,5018]"
2510,N2,2,1,"[""N2/f2510""]","[5019,5020]"
2511,N2,2,1,"[""N2/f2511""]","[5021,5022]"
2512,N2,2,1,"[""N2/f2512""]","[5023,5024]"
2513,N2,2,1,"[""N2/f2513""]","[5025,5026]"
2514,N2,2,1,"[""N2/f2514""]","[5027,5028]"
2515,N2,2,1,"[""N2/f2515""]","[5029,5030]"
2516,N2,2,1,"[""N2/f2516""]","[5031,5032]"
2517,N2,2,1,"[""N2/f2517""]","[5033,5034]"
2518,N2,2,1,"[""N2/f2518""]","[5035,5036]"
2519,N2,2,1,"[""N2/f2519""]","[5037,5038]"
2520,N2,2,1,"[""N2/f2520""]","[5039,5040]"
2521,N2,2,1,"[""N2/f2521""]","[5041,5042]"
2522,N2,2,1,"[""N2/f2522""]","[5043,5044]"
2523,N2,2,1,"[""N2/f2523""]","[5045,5046]"
2524,N2,2,1,"[""N2/f2524""]","[5047,5048]"
2525,N2,2,1,"[""N2/f2525""]","[5049,5050]"
2526,N2,2,1,"[""N2/f2526""]","[5051,5052]"
2527,N2,2,1,"[""N2/f2527""]","[5053,5054]"
2528,N2,2,1,"[""N2/f2528""]","[5055,5056]"
2529,N2,2,1,"[""N2/f2529""]","[5057,5058]"
2530,N2,2,1,"[""N2/f2530""]","[5059,5060]"
2531,N2,2,1,"[""N2/f2531""]","[5061,5062]"
2532,N2,2,1,"[""N2/f2532""]","[5063,5064]"
2533,N2,2,1,"[""N2/f2533""]","[5065,5066]"
2534,N2,2,1,"[""N2/f2534""]","[5067,5068]"
2535,N2,2,1,"[""N2/f2535""]","[5069,5070]"
2536,N2,2,1,"[""N2/f2536""]","[5071,5072]"
2537,N2,2,1,"[""N2/f2537""]","[5073,5074]"
2538,N2,2,1,"[""N2/f2538""]","[5075,5076]"
2539,N2,2,1,"[""N2/f2539""]","[5077,5078]"
2540,N2,2,1,"[""N2/f2540""]","[5079,5080]"
2541,N2,2,1,"[""N2/f2541""]","[5081,5082]"
2542,N2,2,1,"[""N2/f2542""]","[5083,5084]"
2543,N2,2,1,"[""N2/f2543""]","[5085,5086]"
2544,N2,2,1,"[""N2/f2544""]","[5087,5088]"
2545,N2,2,1,"[""N2/f2545""]","[5089,5090]"
2546,N2,2,1,"[""N2/f2546""]","[5091,5092]"
2547,N2,2,1,"[""N2/f2547""]","[5093,5094]"
2548,N2,2,1,"[""N2/f2548""]","[5095,5096]"
2549,N2,2,1,"[""N2/f2549""]","[5097,5098]"
2550,N2,2,1,"[""N2/f2550""]","[5099,5100]"
2551,N2,2,1,"[""N2/f2551""]","[5101,5102]"
2552,N2,2,1,"[""N2/f2552""]","[5103,5104]"
2553,N2,2,1,"[""N2/f2553""]","[5105,5106]"
2554,N2,2,1,"[""N2/f2554""]","[5107,5108]"
2555,N2,2,1,"[""N2/f2555""]","[5109,5110]"
2556,N2,2,1,"[""N2/f2556""]","[5111,5112]"
2557,N2,2,1,"[""N2/f2557""]","[5113,5114]"
2558,N2,2,1,"[""N2/f2558""]","[5115,5116]"
2559,N2,2,1,"[""N2/f2559""]","[5117,5118]"
2560,N2,2,1,"[""N2/f2560""]","[5119,5120]"
2561,N2,2,1,"[""N2/f2561""]","[5121,5122]"
2562,N2,2,1,"[""N2/f2562""]","[5123,5124]"
2563,N2,2,1,"[""N2/f2563""]","[5125,5126]"
2564,N2,2,1,"[""N2/f2564""]","[5127,5128]"
2565,N2,2,1,"[""N2/f2565""]","[5129,5130]"
2566,N2,2,1,"[""N2/f2566""]","[5131,5132]"
2567,N2,2,1,"[""N2/f2567""]","[5133,5134]"
2568,N2,2,1,"[""N2/f2568""]","[5135,5136]"
2569,N2,2,1,"[""N2/f2569""]","[5137,5138]"
2570,N2,2,1,"[""N2/f2570""]","[5139,5140]"
2571,N2,2,1,"[""N2/f2571""]","[5141,5142]"
2572,N2,2,1,"[""N2/f2572""]","[5143,5144]"
2573,N2,2,1,"[""N2/f2573""]","[5145,5146]"
2574,N2,2,1,"[""N2/f2574""]","[5147,5148]"
2575,N2,2,1,"[""N2/f2575""]","[5149,5150]"
2576,N2,2,1,"[""N2/f2576""]","[5151,5152]"
2577,N2,2,1,"[""N2/f2577""]","[5153,5154]"
2578,N2,2,1,"[""N2/f2578""]","[5155,5156]"
2579,N2,2,1,"[""N2/f2579""]","[5157,5158]"
2580,N2,2,1,"[""N2/f2580""]","[5159,5160]"
2581,N2,2,1,"[""N2/f2581""]","[5161,5162]"
2582,N2,2,1,"[""N2/f2582""]","[5163,5164]"
2583,N2,2,1,"[""N2/f2583""]","[5165,5166]"
2584,N2,2,1,"[""N2/f2584""]","[5167,5168]"
2585,N2,2,1,"[""N2/f2585""]","[5169,5170]"
2586,N2,2,1,"[""N2/f2586""]","[5171,5172]"
2587,N2,2,1,"[""N2/f2587""]","[5173,5174]"
2588,N2,2,1,"[""N2/f2588""]","[5175,5176]"
2589,N2,2,1,"[""N2/f2589""]","[5177,5178]"
2590,N2,2,1,"[""N2/f2590""]","[5179,5180]"
2591,N2,2,1,"[""N2/f2591""]","[5181,5182]"
2592,N2,2,1,"[""N2/f2592""]","[5183,5184]"
2593,N2,2,1,"[""N2/f2593""]","[5185,5186]"
2594,N2,2,1,"[""N2/f2594""]","[5187,5188]"
2595,N2,2,1,"[""N2/f2595""]","[5189,5190]"
2596,N2,2,1,"[""N2/f2596""]","[5191,5192]"
2597,N2,2,1,"[""N2/f2597""]","[5193,5194]"
2598,N2,2,1,"[""N2/f2598""]","[5195,5196]"
2599,N2,2,1,"[""N2/f2599""]","[5197,5198]"
2600,N2,2,1,"[""N2/f2600""]","[5199,5200]"
2601,N2,2,1,"[""N2/f2601""]","[5201,5202]"
2602,N2,2,1,"[""N2/f2602""]","[5203,5204]"
2603,N2,2,1,"[""N2/f2603""]","[5205,5206]"
2604,N2,2,1,"[""N2/f2604""]","[5207,5208]"
2605,N2,2,1,"[""N2/f2605""]","[5209,5210]"
2606,N2,2,1,"[""N2/f2606""]","[5211,5212]"
2607,N2,2,1,"[""N2/f2607""]","[5213,5214]"
2608,N2,2,1,"[""N2/f2608""]","[5215,5216]"
2609,N2,2,1,"[""N2/f2609""]","[5217,5218]"
2610,N2,2,1,"[""N2/f2610""]","[5219,5220]"
2611,N2,2,1,"[""N2/f2611""]","[5221,5222]"
2612,N2,2,1,"[""N2/f2612""]","[5223,5224]"
2613,N2,2,1,"[""N2/f2613""]","[5225,5226]"
2614,N2,2,1,"[""N2/f2614""]","[5227,5228]"
2615,N2,2,1,"[""N2/f2615""]","[5229,5230]"
2616,N2,2,1,"[""N2/f2616""]","[5231,5232]"
2617,N2,2,1,"[""N2/f2617""]","[5233,5234]"
2618,N2,2,1,"[""N2/f2618""]","[5235,5236]"
2619,N2,2,1,"[""N2/f2619""]","[5237,5238]"
2620,N2,2,1,"[""N2/f2620""]","[5239,5240]"
2621,N2,2,1,"[""N2/f2621""]","[5241,5242]"
2622,N2,2,1,"[""N2/f2622""]","[5243,5244]"
2623,N2,2,1,"[""N2/f2623""]","[5245,5246]"
2624,N2,2,1,"[""N2/f2624""]","[5247,5248]"
2625,N2,2,1,"[""N2/f2625""]","[5249,5250]"
2626,N2,2,1,"[""N2/f2626""]","[5251,5252]"
2627,N2,2,1,"[""N2/f2627""]","[5253,5254]"
2628,N2,2,1,"[""N2/f2628""]","[5255,5256]"
2629,N2,2,1,"[""N2/f2629""]","[5257,5258]"
2630,N2,2,1,"[""N2/f2630""]","[5259,5260]"
2631,N2,2,1,"[""N2/f2631""]","[5261,5262]"
2632,N2,2,1,"[""N2/f2632""]","[5263,5264]"
2633,N2,2,1,"[""N2/f2633""]","[5265,5266]"
2634,N2,2,1,"[""N2/f2634""]","[5267,5268]"
2635,N2,2,1,"[""N2/f2635""]","[5269,5270]"
2636,N2,2,1,"[""N2/f2636""]","[5271,5272]"
2637,N2,2,1,"[""N2/f2637""]","[5273,5274]"
2638,N2,2,1,"[""N2/f2638""]","[5275,5276]"
2639,N2,2,1,"[""N2/f2639""]","[5277,5278]"
2640,N2,2,1,"[""N2/f2640""]","[5279,5280]"
2641,N2,2,1,"[""N2/f2641""]","[5281,5282]"
2642,N2,2,1,"[""N2/f2642""]","[5283,5284]"
2643,N2,2,1,"[""N2/f2643""]","[5285,5286]"
2644,N2,2,1,"[""N2/f2644""]","[5287,5288]"
2645,N2,2,1,"[""N2/f2645""]","[5289,5290]"
2646,N2,2,1,"[""N2/f2646""]","[5291,5292]"
2647,N2,2,1,"[""N2/f2647""]","[5293,5294]"
2648,N2,2,1,"[""N2/f2648""]","[5295,5296]"
2649,N2,2,1,"[""N2/f2649""]","[5297,5298]"
2650,N2,2,1,"[""N2/f2650""]","[5299,5300]"
2651,N2,2,1,"[""N2/f2651""]","[5301,5302]"
2652,N2,2,1,"[""N2/f2652""]","[5303,5304]"
2653,N2,2,1,"[""N2/f2653""]","[5305,5306]"
2654,N2,2,1,"[""N2/f2654""]","[5307,5308]"
2655,N2,2,1,"[""N2/f2655""]","[5309,5310]"
2656,N2,2,1,"[""N2/f2656""]","[5311,5312]"
2657,N2,2,1,"[""N2/f2657""]","[5313,5314]"
2658,N2,2,1,"[""N2/f2658""]","[5315,5316]"
2659,N2,2,1,"[""N2/f2659""]","[5317,5318]"
2660,N2,2,1,"[""N2/f2660""]","[5319,5320]"
2661,N2,2,1,"[""N2/f2661""]","[5321,5322]"
2662,N2,2,1,"[""N2/f2662""]","[5323,5324]"
2663,N2,2,1,"[""N2/f2663""]","[5325,5326]"
2664,N2,2,1,"[""N2/f2664""]","[5327,5328]"
2665,N2,2,1,"[""N2/f2665""]","[5329,5330]"
2666,N2,2,1,"[""N2/f2666""]","[5331,5332]"
2667,N2,2,1,"[""N2/f2667""]","[5333,5334]"
2668,N2,2,1,"[""N2/f2668""]","[5335,5336]"
2669,N2,2,1,"[""N2/f2669""]","[5337,5338]"
2670,N2,2,1,"[""N2/f2670""]","[5339,5340]"
2671,N2,2,1,"[""N2/f2671""]","[5341,5342]"
2672,N2,2,1,"[""N2/f2672""]","[5343,5344]"
2673,N2,2,1,"[""N2/f2673""]","[5345,5346]"
2674,N2,2,1,"[""N2/f2674""]","[5347,5348]"
2675,N2,2,1,"[""N2/f2675""]","[5349,5350]"
2676,N2,2,1,"[""N2/f2676""]","[5351,5352]"
2677,N2,2,1,"[""N2/f2677""]","[5353,5354]"
2678,N2,2,1,"[""N2/f2678""]","[5355,5356]"
2679,N2,2,1,"[""N2/f2679""]","[5357,5358]"
2680,N2,2,1,"[""N2/f2680""]","[5359,5360]"
2681,N2,2,1,"[""N2/f2681""]","[5361,5362]"
2682,N2,2,1,"[""N2/f2682""]","[5363,5364]"
2683,N2,2,1,"[""N2/f2683""]","[5365,5366]"
2684,N2,2,1,"[""N2/f2684""]","[5367,5368]"
2685,N2,2,1,"[""N2/f2685""]","[5369,5370]"
2686,N2,2,1,"[""N2/f2686""]","[5371,5372]"
2687,N2,2,1,"[""N2/f2687""]","[5373,5374]"
2688,N2,2,1,"[""N2/f2688""]","[5375,5376]"
2689,N2,2,1,"[""N2/f2689""]","[5377,5378]"
2690,N2,2,1,"[""N2/f2690""]","[5379,5380]"
2691,N2,2,1,"[""N2/f2691""]","[5381,5382]"
2692,N2,2,1,"[""N2/f2692""]","[5383,5384]"
2693,N2,2,1,"[""N2/f2693""]","[5385,5386]"
2694,N2,2,1,"[""N2/f2694""]","[5387,5388]"
2695,N2,2,1,"[""N2/f2695""]","[5389,5390]"
2696,N2,2,1,"[""N2/f2696""]","[5391,5392]"
2697,N2,2,1,"[""N2/f2697""]","[5393,5394]"
2698,N2,2,1,"[""N2/f2698""]","[5395,5396]"
2699,N2,2,1,"[""N2/f2699""]","[5397,5398]"
2700,N2,2,1,"[""N2/f2700""]","[5399,5400]"
2701,N2,2,1,"[""N2/f2701""]","[5401,5402]"
2702,N2,2,1,"[""N2/f2702""]","[5403,5404]"
2703,N2,2,1,"[""N2/f2703""]","[5405,5406]"
2704,N2,2,1,"[""N2/f2704""]","[5407,5408]"
2705,N2,2,1,"[""N2/f2705""]","[5409,5410]"
2706,N2,2,1,"[""N2/f2706""]","[5411,5412]"
2707,N2,2,1,"[""N2/f2707""]","[5413,5414]"
2708,N2,2,1,"[""N2/f2708""]","[5415,5416]"
2709,N2,2,1,"[""N2/f2709""]","[5417,5418]"
2710,N2,2,1,"[""N2/f2710""]","[5419,5420]"
2711,N2,2,1,"[""N2/f2711""]","[5421,5422]"
2712,N2,2,1,"[""N2/f2712""]","[5423,5424]"
2713,N2,2,1,"[""N2/f2713""]","[5425,5426]"
2714,N2,2,1,"[""N2/f2714""]","[5427,5428]"
2715,N2,2,1,"[""N2/f2715""]","[5429,5430]"
2716,N2,2,1,"[""N2/f2716""]","[5431,5432]"
2717,N2,2,1,"[""N2/f2717""]","[5433,5434]"
2718,N2,2,1,"[""N2/f2718""]","[5435,5436]"
2719,N2,2,1,"[""N2/f2719""]","[5437,5438]"
2720,N2,2,1,"[""N2/f2720""]","[5439,5440]"
2721,N2,2,1,"[""N2/f2721""]","[5441,5442]"
2722,N2,2,1,"[""N2/f2722""]","[5443,5444]"
2723,N2,2,1,"[""N2/f2723""]","[5445,5446]"
2724,N2,2,1,"[""N2/f2724""]","[5447,5448]"
2725,N2,2,1,"[""N2/f2725""]","[5449,5450]"
2726,N2,2,1,"[""N2/f2726""]","[5451,5452]"
2727,N2,2,1,"[""N2/f2727""]","[5453,5454]"
2728,N2,2,1,"[""N2/f2728""]","[5455,5456]"
2729,N2,2,1,"[""N2/f2729""]","[5457,5458]"
2730,N2,2,1,"[""N2/f2730""]","[5459,5460]"
2731,N2,2,1,"[""N2/f2731""]","[5461,5462]"
2732,N2,2,1,"[""N2/f2732""]","[5463,5464]"
2733,N2,2,1,"[""N2/f2733""]","[5465,5466]"
2734,N2,2,1,"[""N2/f2734""]","[5467,5468]"
2735,N2,2,1,"[""N2/f2735""]","[5469,5470]"
2736,N2,2,1,"[""N2/f2736""]","[5471,5472]"
2737,N2,2,1,"[""N2/f2737""]","[5473,5474]"
2738,N2,2,1,"[""N2/f2738""]","[5475,5476]"
2739,N2,2,1,"[""N2/f2739""]","[5477,5478]"
2740,N2,2,1,"[""N2/f2740""]","[5479,5480]"
2741,N2,2,1,"[""N2/f2741""]","[5481,5482]"
2742,N2,2,1,"[""N2/f2742""]","[5483,5484]"
2743,N2,2,1,"[""N2/f2743""]","[5485,5486]"
2744,N2,2,1,"[""N2/f2744""]","[5487,5488]"
2745,N2,2,1,"[""N2/f2745""]","[5489,5490]"
2746,N2,2,1,"[""N2/f2746""]","[5491,5492]"
2747,N2,2,1,"[""N2/f2747""]","[5493,5494]"
2748,N2,2,1,"[""N2/f2748""]","[5495,5496]"
2749,N2,2,1,"[""N2/f2749""]","[5497,5498]"
2750,N2,2,1,"[""N2/f2750""]","[5499,5500]"
2751,N2,2,1,"[""N2/f2751""]","[5501,5502]"
2752,N2,2,1,"[""N2/f2752""]","[5503,5504]"
2753,N2,2,1,"[""N2/f2753""]","[5505,5506]"
2754,N2,2,1,"[""N2/f2754""]","[5507,5508]"
2755,N2,2,1,"[""N2/f2755""]","[5509,5510]"
2756,N2,2,1,"[""N2/f2756""]","[5511,5512]"
2757,N2,2,1,"[""N2/f2757""]","[5513,5514]"
2758,N2,2,1,"[""N2/f2758""]","[5515,5516]"
2759,N2,2,1,"[""N2/f2759""]","[5517,5518]"
2760,N2,2,1,"[""N2/f2760""]","[5519,5520]"
2761,N2,2,1,"[""N2/f2761""]","[5521,5522]"
2762,N2,2,1,"[""N2/f2762""]","[5523,5524]"
2763,N2,2,1,"[""N2/f2763""]","[5525,5526]"
2764,N2,2,1,"[""N2/f2764""]","[5527,5528]"
2765,N2,2,1,"[""N2/f2765""]","[5529,5530]"
2766,N2,2,1,"[""N2/f2766""]","[5531,5532]"
2767,N2,2,1,"[""N2/f2767""]","[5533,5534]"
2768,N2,2,1,"[""N2/f2768""]","[5535,5536]"
2769,N2,2,1,"[""N2/f2769""]","[5537,5538]"
2770,N2,2,1,"[""N2/f2770""]","[5539,5540]"
2771,N2,2,1,"[""N2/f2771""]","[5541,5542]"
2772,N2,2,1,"[""N2/f2772""]","[5543,5544]"
2773,N2,2,1,"[""N2/f2773""]","[5545,5546]"
2774,N2,2,1,"[""N2/f2774""]","[5547,5548]"
2775,N2,2,1,"[""N2/f2775""]","[5549,5550]"
2776,N2,2,1,"[""N2/f2776""]","[5551,5552]"
2777,N2,2,1,"[""N2/f2777""]","[5553,5554]"
2778,N2,2,1,"[""N2/f2778""]","[5555,5556]"
2779,N2,2,1,"[""N2/f2779""]","[5557,5558]"
2780,N2,2,1,"[""N2/f2780""]","[5559,5560]"
2781,N2,2,1,"[""N2/f2781""]","[5561,5562]"
2782,N2,2,1,"[""N2/f2782""]","[5563,5564]"
2783,N2,2,1,"[""N2/f2783""]","[5565,5566]"
2784,N2,2,1,"[""N2/f2784""]","[5567,5568]"
2785,N2,2,1,"[""N2/f2785""]","[5569,5570]"
2786,N2,2,1,"[""N2/f2786""]","[5571,5572]"
2787,N2,2,1,"[""N2/f2787""]","[5573,5574]"
2788,N2,2,1,"[""N2/f2788""]","[5575,5576]"
2789,N2,2,1,"[""N2/f2789""]","[5577,5578]"
2790,N2,2,1,"[""N2/f2790""]","[5579,5580]"
2791,N2,2,1,"[""N2/f2791""]","[5581,5582]"
2792,N2,2,1,"[""N2/f2792""]","[5583,5584]"
2793,N2,2,1,"[""N2/f2793""]","[5585,5586]"
2794,N2,2,1,"[""N2/f2794""]","[5587,5588]"
2795,N2,2,1,"[""N2/f2795""]","[5589,5590]"
2796,N2,2,1,"[""N2/f2796""]","[5591,5592]"
2797,N2,2,1,"[""N2/f2797""]","[5593,5594]"
2798,N2,2,1,"[""N2/f2798""]","[5595,5596]"
2799,N2,2,1,"[""N2/f2799""]","[5597,5598]"
2800,N2,2,1,"[""N2/f2800""]","[5599,5600]"
2801,N2,2,1,"[""N2/f2801""]","[5601,5602]"
2802,N2,2,1,"[""N2/f2802""]","[5603,5604]"
2803,N2,2,1,"[""N2/f2803""]","[5605,5606]"
2804,N2,2,1,"[""N2/f2804""]","[5607,5608]"
2805,N2,2,1,"[""N2/f2805""]","[5609,5610]"
2806,N2,2,1,"[""N2/f2806""]","[5611,5612]"
2807,N2,2,1,"[""N2/f2807""]","[5613,5614]"
2808,N2,2,1,"[""N2/f2808""]","[5615,5616]"
2809,N2,2,1,"[""N2/f2809""]","[5617,5618]"
2810,N2,2,1,"[""N2/f2810""]","[5619,5620]"
2811,N2,2,1,"[""N2/f2811""]","[5621,5622]"
2812,N2,2,1,"[""N2/f2812""]","[5623,5624]"
2813,N2,2,1,"[""N2/f2813""]","[5625,5626]"
2814,N2,2,1,"[""N2/f2814""]","[5627,5628]"
2815,N2,2,1,"[""N2/f2815""]","[5629,5630]"
2816,N2,2,1,"[""N2/f2816""]","[5631,5632]"
2817,N2,2,1,"[""N2/f2817""]","[5633,5634]"
2818,N2,2,1,"[""N2/f2818""]","[5635,5636]"
2819,N2,2,1,"[""N2/f2819""]","[5637,5638]"
2820,N2,2,1,"[""N2/f2820""]","[5639,5640]"
2821,N2,2,1,"[""N2/f2821""]","[5641,5642]"
2822,N2,2,1,"[""N2/f2822""]","[5643,5644]"
2823,N2,2,1,"[""N2/f2823""]","[5645,5646]"
2824,N2,2,1,"[""N2/f2824""]","[5647,5648]"
2825,N2,2,1,"[""N2/f2825""]","[5649,5650]"
2826,N2,2,1,"[""N2/f2826""]","[5651,5652]"
2827,N2,2,1,"[""N2/f2827""]","[5653,5654]"
2828,N2,2,1,"[""N2/f2828""]","[5655,5656]"
2829,N2,2,1,"[""N2/f2829""]","[5657,5658]"
2830,N2,2,1,"[""N2/f2830""]","[5659,5660]"
2831,N2,2,1,"[""N2/f2831""]","[5661,5662]"
2832,N2,2,1,"[""N2/f2832""]","[5663,5664]"
2833,N2,2,1,"[""N2/f2833""]","[5665,5666]"
2834,N2,2,1,"[""N2/f2834""]","[5667,5668]"
2835,N2,2,1,"[""N2/f2835""]","[5669,5670]"
2836,N2,2,1,"[""N2/f2836""]","[5671,5672]"
2837,N2,2,1,"[""N2/f2837""]","[5673,5674]"
2838,N2,2,1,"[""N2/f2838""]","[5675,5676]"
2839,N2,2,1,"[""N2/f2839""]","[5677,5678]"
2840,N2,2,1,"[""N2/f2840""]","[5679,5680]"
2841,N2,2,1,"[""N2/f2841""]","[5681,5682]"
2842,N2,2,1,"[""N2/f2842""]","[5683,5684]"
2843,N2,2,1,"[""N2/f2843""]","[5685,5686]"
2844,N2,2,1,"[""N2/f2844""]","[5687,5688]"
2845,N2,2,1,"[""N2/f2845""]","[5689,5690]"
2846,N2,2,1,"[""N2/f2846""]","[5691,5692]"
2847,N2,2,1,"[""N2/f2847""]","[5693,5694]"
2848,N2,2,1,"[""N2/f2848""]","[5695,5696]"
2849,N2,2,1,"[""N2/f2849""]","[5697,5698]"
2850,N2,2,1,"[""N2/f2850""]","[5699,5700]"
2851,N2,2,1,"[""N2/f2851""]","[5701,5702]"
2852,N2,2,1,"[""N2/f2852""]","[5703,5704]"
2853,N2,2,1,"[""N2/f2853""]","[5705,5706]"
2854,N2,2,1,"[""N2/f2854""]","[5707,5708]"
2855,N2,2,1,"[""N2/f2855""]","[5709,5710]"
2856,N2,2,1,"[""N2/f2856""]","[5711,5712]"
2857,N2,2,1,"[""N2/f2857""]","[5713,5714]"
2858,N2,2,1,"[""N2/f2858""]","[5715,5716]"
2859,N2,2,1,"[""N2/f2859""]","[5717,5718]"
2860,N2,2,1,"[""N2/f2860""]","[5719,5720]"
2861,N2,2,1,"[""N2/f2861""]","[5721,5722]"
2862,N2,2,1,"[""N2/f2862""]","[5723,5724]"
2863,N2,2,1,"[""N2/f2863""]","[5725,5726]"
2864,N2,2,1,"[""N2/f2864""]","[5727,5728]"
2865,N2,2,1,"[""N2/f2865""]","[5729,5730]"
2866,N2,2,1,"[""N2/f2866""]","[5731,5732]"
2867,N2,2,1,"[""N2/f2867""]","[5733,5734]"
2868,N2,2,1,"[""N2/f2868""]","[5735,5736]"
2869,N2,2,1,"[""N2/f2869""]","[5737,5738]"
2870,N2,2,1,"[""N2/f2870""]","[5739,5740]"
2871,N2,2,1,"[""N2/f2871""]","[5741,5742]"
2872,N2,2,1,"[""N2/f2872""]","[5743,5744]"
2873,N2,2,1,"[""N2/f2873""]","[5745,5746]"
2874,N2,2,1,"[""N2/f2874""]","[5747,5748]"
2875,N2,2,1,"[""N2/f2875""]","[5749,5750]"
2876,N2,2,1,"[""N2/f2876""]","[5751,5752]"
2877,N2,2,1,"[""N2/f2877""]","[5753,5754]"
2878,N2,2,1,"[""N2/f2878""]","[5755,5756]"
2879,N2,2,1,"[""N2/f2879""]","[5757,5758]"
2880,N2,2,1,"[""N2/f2880""]","[5759,5760]"
2881,N2,2,1,"[""N2/f2881""]","[5761,5762]"
2882,N2,2,1,"[""N2/f2882""]","[5763,5764]"
2883,N2,2,1,"[""N2/f2883""]","[5765,5766]"
2884,N2,2,1,"[""N2/f2884""]","[5767,5768]"
2885,N2,2,1,"[""N2/f2885""]","[5769,5770]"
2886,N2,2,1,"[""N2/f2886""]","[5771,5772]"
2887,N2,2,1,"[""N2/f2887""]","[5773,5774]"
2888,N2,2,1,"[""N2/f2888""]","[5775,5776]"
2889,N2,2,1,"[""N2/f2889""]","[5777,5778]"
2890,N2,2,1,"[""N2/f2890""]","[5779,5780]"
2891,N2,2,1,"[""N2/f2891""]","[5781,5782]"
2892,N2,2,1,"[""N2/f2892""]","[5783,5784]"
2893,N2,2,1,"[""N2/f2893""]","[5785,5786]"
2894,N2,2,1,"[""N2/f2894""]","[5787,5788]"
2895,N2,2,1,"[""N2/f2895""]","[5789,5790]"
2896,N2,2,1,"[""N2/f2896""]","[5791,5792]"
2897,N2,2,1,"[""N2/f2897""]","[5793,5794]"
2898,N2,2,1,"[""N2/f2898""]","[5795,5796]"
2899,N2,2,1,"[""N2/f2899""]","[5797,5798]"
2900,N2,2,1,"[""N2/f2900""]","[5799,5800]"
2901,N2,2,1,"[""N2/f2901""]","[5801,5802]"
2902,N2,2,1,"[""N2/f2902""]","[5803,5804]"
2903,N2,2,1,"[""N2/f2903""]","[5805,5806]"
2904,N2,2,1,"[""N2/f2904""]","[5807,5808]"
2905,N2,2,1,"[""N2/f2905""]","[5809,5810]"
2906,N2,2,1,"[""N2/f2906""]","[5811,5812]"
2907,N2,2,1,"[""N2/f2907""]","[5813,5814]"
2908,N2,2,1,"[""N2/f2908""]","[5815,5816]"
2909,N2,2,1,"[""N2/f2909""]","[5817,5818]"
2910,N2,2,1,"[""N2/f2910""]","[5819,5820]"
2911,N2,2,1,"[""N2/f2911""]","[5821,5822]"
2912,N2,2,1,"[""N2/f2912""]","[5823,5824]"
2913,N2,2,1,"[""N2/f2913""]","[5825,5826]"
2914,N2,2,1,"[""N2/f2914""]","[5827,5828]"
2915,N2,2,1,"[""N2/f2915""]","[5829,5830]"
2916,N2,2,1,"[""N2/f2916""]","[5831,5832]"
2917,N2,2,1,"[""N2/f2917""]","[5833,5834]"
2918,N2,2,1,"[""N2/f2918""]","[5835,5836]"
2919,N2,2,1,"[""N2/f2919""]","[5837,5838]"
2920,N2,2,1,"[""N2/f2920""]","[5839,5840]"
2921,N2,2,1,"[""N2/f2921""]","[5841,5842]"
2922,N2,2,1,"[""N2/f2922""]","[5843,5844]"
2923,N2,2,1,"[""N2/f2923""]","[5845,5846]"
2924,N2,2,1,"[""N2/f2924""]","[5847,5848]"
2925,N2,2,1,"[""N2/f2925""]","[5849,5850]"
2926,N2,2,1,"[""N2/f2926""]","[5851,5852]"
2927,N2,2,1,"[""N2/f2927""]","[5853,5854]"
2928,N2,2,1,"[""N2/f2928""]","[5855,5856]"
2929,N2,2,1,"[""N2/f2929""]","[5857,5858]"
2930,N2,2,1,"[""N2/f2930""]","[5859,5860]"
2931,N2,2,1,"[""N2/f2931""]","[5861,5862]"
2932,N2,2,1,"[""N2/f2932""]","[5863,5864]"
2933,N2,2,1,"[""N2/f2933""]","[5865,5866]"
2934,N2,2,1,"[""N2/f2934""]","[5867,5868]"
2935,N2,2,1,"[""N2/f2935""]","[5869,5870]"
2936,N2,2,1,"[""N2/f2936""]","[5871,5872]"
2937,N2,2,1,"[""N2/f2937""]","[5873,5874]"
2938,N2,2,1,"[""N2/f2938""]","[5875,5876]"
2939,N2,2,1,"[""N2/f2939""]","[5877,5878]"
2940,N2,2,1,"[""N2/f2940""]","[5879,5880]"
2941,N2,2,1,"[""N2/f2941""]","[5881,5882]"
2942,N2,2,1,"[""N2/f2942""]","[5883,5884]"
2943,N2,2,1,"[""N2/f2943""]","[5885,5886]"
2944,N2,2,1,"[""N2/f2944""]","[5887,5888]"
2945,N2,2,1,"[""N2/f2945""]","[5889,5890]"
2946,N2,2,1,"[""N2/f2946""]","[5891,5892]"
2947,N2,2,1,"[""N2/f2947""]","[5893,5894]"
2948,N2,2,1,"[""N2/f2948""]","[5895,5896]"
2949,N2,2,1,"[""N2/f2949""]","[5897,5898]"
2950,N2,2,1,"[""N2/f2950""]","[5899,5900]"
2951,N2,2,1,"[""N2/f2951""]","[5901,5902]"
2952,N2,2,1,"[""N2/f2952""]","[5903,5904]"
2953,N2,2,1,"[""N2/f2953""]","[5905,5906]"
2954,N2,2,1,"[""N2/f2954""]","[5907,5908]"
2955,N2,2,1,"[""N2/f2955""]","[5909,5910]"
2956,N2,2,1,"[""N2/f2956""]","[5911,5912]"
2957,N2,2,1,"[""N2/f2957""]","[5913,5914]"
2958,N2,2,1,"[""N2/f2958""]","[5915,5916]"
2959,N2,2,1,"[""N2/f2959""]","[5917,5918]"
2960,N2,2,1,"[""N2/f2960""]","[5919,5920]"
2961,N2,2,1,"[""N2/f2961""]","[5921,5922]"
2962,N2,2,1,"[""N2/f2962""]","[5923,5924]"
2963,N2,2,1,"[""N2/f2963""]","[5925,5926]"
2964,N2,2,1,"[""N2/f2964""]","[5927,5928]"
2965,N2,2,1,"[""N2/f2965""]","[5929,5930]"
2966,N2,2,1,"[""N2/f2966""]","[5931,5932]"
2967,N2,2,1,"[""N2/f2967""]","[5933,5934]"
2968,N2,2,1,"[""N2/f2968""]","[5935,5936]"
2969,N2,2,1,"[""N2/f2969""]","[5937,5938]"
2970,N2,2,1,"[""N2/f2970""]","[5939,5940]"
2971,N2,2,1,"[""N2/f2971""]","[5941,5942]"
2972,N2,2,1,"[""N2/f2972""]","[5943,5944]"
2973,N2,2,1,"[""N2/f2973""]","[5945,5946]"
2974,N2,2,1,"[""N2/f2974""]","[5947,5948]"
2975,N2,2,1,"[""N2/f2975""]","[5949,5950]"
2976,N2,2,1,"[""N2/f2976""]","[5951,5952]"
2977,N2,2,1,"[""N2/f2977""]","[5953,5954]"
2978,N2,2,1,"[""N2/f2978""]","[5955,5956]"
2979,N2,2,1,"[""N2/f2979""]","[5957,5958]"
2980,N2,2,1,"[""N2/f2980""]","[5959,5960]"
2981,N2,2,1,"[""N2/f2981""]","[5961,5962]"
2982,N2,2,1,"[""N2/f2982""]","[5963,5964]"
2983,N2,2,1,"[""N2/f2983""]","[5965,5966]"
2984,N2,2,1,"[""N2/f2984""]","[5967,5968]"
2985,N2,2,1,"[""N2/f2985""]","[5969,5970]"
2986,N2,2,1,"[""N2/f2986""]","[5971,5972]"
2987,N2,2,1,"[""N2/f2987""]","[5973,5974]"
2988,N2,2,1,"[""N2/f2988""]","[5975,5976]"
2989,N2,2,1,"[""N2/f2989""]","[5977,5978]"
2990,N2,2,1,"[""N2/f2990""]","[5979,5980]"
2991,N2,2,1,"[""N2/f2991""]","[5981,5982]"
2992,N2,2,1,"[""N2/f2992""]","[5983,5984]"
2993,N2,2,1,"[""N2/f2993""]","[5985,5986]"
2994,N2,2,1,"[""N2/f2994""]","[5987,5988]"
2995,N2,2,1,"[""N2/f2995""]","[5989,5990]"
2996,N2,2,1,"[""N2/f2996""]","[5991,5992]"
2997,N2,2,1,"[""N2/f2997""]","[5993,5994]"
2998,N2,2,1,"[""N2/f2998""]","[5995,5996]"
2999,N2,2,1,"[""N2/f2999""]","[5997,5998]"
3000,N2,2,1,"[""N2/f3000""]","[5999,6000]"
3001,N2,2,1,"[""N2/f3001""]","[6001,6002]"
3002,N2,2,1,"[""N2/f3002""]","[6003,6004]"
3003,N2,2,1,"[""N2/f3003""]","[6005,6006]"
3004,N2,2,1,"[""N2/f3004""]","[6007,6008]"
3005,N2,2,1,"[""N2/f3005""]","[6009,6010]"
3006,N2,2,1,"[""N2/f3006""]","[6011,6012]"
3007,N2,2,1,"[""N2/f3007""]","[6013,6014]"
3008,N2,2,1,"[""N2/f3008""]","[6015,6016]"
3009,N2,2,1,"[""N2/f3009""]","[6017,6018]"
3010,N2,2,1,"[""N2/f3010""]","[6019,6020]"
3011,N2,2,1,"[""N2/f3011""]","[6021,6022]"
3012,N2,2,1,"[""N2/f3012""]","[6023,6024]"
3013,N2,2,1,"[""N2/f3013""]","[6025,6026]"
3014,N2,2,1,"[""N2/f3014""]","[6027,6028]"
3015,N2,2,1,"[""N2/f3015""]","[6029,6030]"
3016,N2,2,1,"[""N2/f3016""]","[6031,6032]"
3017,N2,2,1,"[""N2/f3017""]","[6033,6034]"
3018,N2,2,1,"[""N2/f3018""]","[6035,6036]"
3019,N2,2,1,"[""N2/f3019""]","[6037,6038]"
3020,N2,2,1,"[""N2/f3020""]","[6039,6040]"
3021,N2,2,1,"[""N2/f3021""]","[6041,6042]"
3022,N2,2,1,"[""N2/f3022""]","[6043,6044]"
3023,N2,2,1,"[""N2/f3023""]","[6045,6046]"
3024,N2,2,1,"[""N2/f3024""]","[6047,6048]"
3025,N2,2,1,"[""N2/f3025""]","[6049,6050]"
3026,N2,2,1,"[""N2/f3026""]","[6051,6052]"
3027,N2,2,1,"[""N2/f3027""]","[6053,6054]"
3028,N2,2,1,"[""N2/f3028""]","[6055,6056]"
3029,N2,2,1,"[""N2/f3029""]","[6057,6058]"
3030,N2,2,1,"[""N2/f3030""]","[6059,6060]"
3031,N2,2,1,"[""N2/f3031""]","[6061,6062]"
3032,N2,2,1,"[""N2/f3032""]","[6063,6064]"
3033,N2,2,1,"[""N2/f3033""]","[6065,6066]"
3034,N2,2,1,"[""N2/f3034""]","[6067,6068]"
3035,N2,2,1,"[""N2/f3035""]","[6069,6070]"
3036,N2,2,1,"[""N2/f3036""]","[6071,6072]"
3037,N2,2,1,"[""N2/f3037""]","[6073,6074]"
3038,N2,2,1,"[""N2/f3038""]","[6075,6076]"
3039,N2,2,1,"[""N2/f3039""]","[6077,6078]"
3040,N2,2,1,"[""N2/f3040""]","[6079,6080]"
3041,N2,2,1,"[""N2/f3041""]","[6081,6082]"
3042,N2,2,1,"[""N2/f3042""]","[6083,6084]"
3043,N2,2,1,"[""N2/f3043""]","[6085,6086]"
3044,N2,2,1,"[""N2/f3044""]","[6087,6088]"
3045,N2,2,1,"[""N2/f3045""]","[6089,6090]"
3046,N2,2,1,"[""N2/f3046""]","[6091,6092]"
3047,N2,2,1,"[""N2/f3047""]","[6093,6094]"
3048,N2,2,1,"[""N2/f3048""]","[6095,6096]"
3049,N2,2,1,"[""N2/f3049""]","[6097,6098]"
3050,N2,2,1,"[""N2/f3050""]","[6099,6100]"
3051,N2,2,1,"[""N2/f3051""]","[6101,6102]"
3052,N2,2,1,"[""N2/f3052""]","[6103,6104]"
3053,N2,2,1,"[""N2/f3053""]","[6105,6106]"
3054,N2,2,1,"[""N2/f3054""]","[6107,6108]"
3055,N2,2,1,"[""N2/f3055""]","[6109,6110]"
3056,N2,2,1,"[""N2/f3056""]","[6111,6112]"
3057,N2,2,1,"[""N2/f3057""]","[6113,6114]"
3058,N2,2,1,"[""N2/f3058""]","[6115,6116]"
3059,N2,2,1,"[""N2/f3059""]","[6117,6118]"
3060,N2,2,1,"[""N2/f3060""]","[6119,6120]"
3061,N2,2,1,"[""N2/f3061""]","[6121,6122]"
3062,N2,2,1,"[""N2/f3062""]","[6123,6124]"
3063,N2,2,1,"[""N2/f3063""]","[6125,6126]"
3064,N2,2,1,"[""N2/f3064""]","[6127,6128]"
3065,N2,2,1,"[""N2/f3065""]","[6129,6130]"
3066,N2,2,1,"[""N2/f3066""]","[6131,6132]"
3067,N2,2,1,"[""N2/f3067""]","[6133,6134]"
3068,N2,2,1,"[""N2/f3068""]","[6135,6136]"
3069,N2,2,1,"[""N2/f3069""]","[6137,6138]"
3070,N2,2,1,"[""N2/f3070""]","[6139,6140]"
3071,N2,2,1,"[""N2/f3071""]","[6141,6142]"
3072,N2,2,1,"[""N2/f3072""]","[6143,6144]"
3073,N2,2,1,"[""N2/f3073""]","[6145,6146]"
3074,N2,2,1,"[""N2/f3074""]","[6147,6148]"
3075,N2,2,1,"[""N2/f3075""]","[6149,6150]"
3076,N2,2,1,"[""N2/f3076""]","[6151,6152]"
3077,N2,2,1,"[""N2/f3077""]","[6153,6154]"
3078,N2,2,1,"[""N2/f3078""]","[6155,6156]"
3079,N2,2,1,"[""N2/f3079""]","[6157,6158]"
3080,N2,2,1,"[""N2/f3080""]","[6159,6160]"
3081,N2,2,1,"[""N2/f3081""]","[6161,6162]"
3082,N2,2,1,"[""N2/f3082""]","[6163,6164]"
3083,N2,2,1,"[""N2/f3083""]","[6165,6166]"
3084,N2,2,1,"[""N2/f3084""]","[6167,6168]"
3085,N2,2,1,"[""N2/f3085""]","[6169,6170]"
3086,N2,2,1,"[""N2/f3086""]","[6171,6172]"
3087,N2,2,1,"[""N2/f3087""]","[6173,6174]"
3088,N2,2,1,"[""N2/f3088""]","[6175,6176]"
3089,N2,2,1,"[""N2/f3089""]","[6177,6178]"
3090,N2,2,1,"[""N2/f3090""]","[6179,6180]"
3091,N2,2,1,"[""N2/f3091""]","[6181,6182]"
3092,N2,2,1,"[""N2/f3092""]","[6183,6184]"
3093,N2,2,1,"[""N2/f3093""]","[6185,6186]"
3094,N2,2,1,"[""N2/f3094""]","[6187,6188]"
3095,N2,2,1,"[""N2/f3095""]","[6189,6190]"
3096,N2,2,1,"[""N2/f3096""]","[6191,6192]"
3097,N2,2,1,"[""N2/f3097""]","[6193,6194]"
3098,N2,2,1,"[""N2/f3098""]","[6195,6196]"
3099,N2,2,1,"[""N2/f3099""]","[6197,6198]"
3100,N2,2,1,"[""N2/f3100""]","[6199,6200]"
3101,N2,2,1,"[""N2/f3101""]","[6201,6202]"
3102,N2,2,1,"[""N2/f3102""]","[6203,6204]"
3103,N2,2,1,"[""N2/f3103""]","[6205,6206]"
3104,N2,2,1,"[""N2/f3104""]","[6207,6208]"
3105,N2,2,1,"[""N2/f3105""]","[6209,6210]"
3106,N2,2,1,"[""N2/f3106""]","[6211,6212]"
3107,N2,2,1,"[""N2/f3107""]","[6213,6214]"
3108,N2,2,1,"[""N2/f3108""]","[6215,6216]"
3109,N2,2,1,"[""N2/f3109""]","[6217,6218]"
3110,N2,2,1,"[""N2/f3110""]","[6219,6220]"
3111,N2,2,1,"[""N2/f3111""]","[6221,6222]"
3112,N2,2,1,"[""N2/f3112""]","[6223,6224]"
3113,N2,2,1,"[""N2/f3113""]","[6225,6226]"
3114,N2,2,1,"[""N2/f3114""]","[6227,6228]"
3115,N2,2,1,"[""N2/f3115""]","[6229,6230]"
3116,N2,2,1,"[""N2/f3116""]","[6231,6232]"
3117,N2,2,1,"[""N2/f3117""]","[6233,6234]"
3118,N2,2,1,"[""N2/f3118""]","[6235,6236]"
3119,N2,2,1,"[""N2/f3119""]","[6237,6238]"
3120,N2,2,1,"[""N2/f3120""]","[6239,6240]"
3121,N2,2,1,"[""N2/f3121""]","[6241,6242]"
3122,N2,2,1,"[""N2/f3122""]","[6243,6244]"
3123,N2,2,1,"[""N2/f3123""]","[6245,6246]"
3124,N2,2,1,"[""N2/f3124""]","[6247,6248]"
3125,N2,2,1,"[""N2/f3125""]","[6249,6250]"
3126,N2,2,1,"[""N2/f3126""]","[6251,6252]"
3127,N2,2,1,"[""N2/f3127""]","[6253,6254]"
3128,N2,2,1,"[""N2/f3128""]","[6255,6256]"
3129,N2,2,1,"[""N2/f3129""]","[6257,6258]"
3130,N2,2,1,"[""N2/f3130""]","[6259,6260]"
3131,N2,2,1,"[""N2/f3131""]","[6261,6262]"
3132,N2,2,1,"[""N2/f3132""]","[6263,6264]"
3133,N2,2,1,"[""N2/f3133""]","[6265,6266]"
3134,N2,2,1,"[""N2/f3134""]","[6267,6268]"
3135,N2,2,1,"[""N2/f3135""]","[6269,6270]"
3136,N2,2,1,"[""N2/f3136""]","[6271,6272]"
3137,N2,2,1,"[""N2/f3137""]","[6273,6274]"
3138,N2,2,1,"[""N2/f3138""]","[6275,6276]"
3139,N2,2,1,"[""N2/f3139""]","[6277,6278]"
3140,N2,2,1,"[""N2/f3140""]","[6279,6280]"
3141,N2,2,1,"[""N2/f3141""]","[6281,6282]"
3142,N2,2,1,"[""N2/f3142""]","[6283,6284]"
3143,N2,2,1,"[""N2/f3143""]","[6285,6286]"
3144,N2,2,1,"[""N2/f3144""]","[6287,6288]"
3145,N2,2,1,"[""N2/f3145""]","[6289,6290]"
3146,N2,2,1,"[""N2/f3146""]","[6291,6292]"
3147,N2,2,1,"[""N2/f3147""]","[6293,6294]"
3148,N2,2,1,"[""N2/f3148""]","[6295,6296]"
3149,N2,2,1,"[""N2/f3149""]","[6297,6298]"
3150,N2,2,1,"[""N2/f3150""]","[6299,6300]"
3151,N2,2,1,"[""N2/f3151""]","[6301,6302]"
3152,N2,2,1,"[""N2/f3152""]","[6303,6304]"
3153,N2,2,1,"[""N2/f3153""]","[6305,6306]"
3154,N2,2,1,"[""N2/f3154""]","[6307,6308]"
3155,N2,2,1,"[""N2/f3155""]","[6309,6310]"
3156,N2,2,1,"[""N2/f3156""]","[6311,6312]"
3157,N2,2,1,"[""N2/f3157""]","[6313,6314]"
3158,N2,2,1,"[""N2/f3158""]","[6315,6316]"
3159,N2,2,1,"[""N2/f3159""]","[6317,6318]"
3160,N2,2,1,"[""N2/f3160""]","[6319,6320]"
3161,N2,2,1,"[""N2/f3161""]","[6321,6322]"
3162,N2,2,1,"[""N2/f3162""]","[6323,6324]"
3163,N2,2,1,"[""N2/f3163""]","[6325,6326]"
3164,N2,2,1,"[""N2/f3164""]","[6327,6328]"
3165,N2,2,1,"[""N2/f3165""]","[6329,6330]"
3166,N2,2,1,"[""N2/f3166""]","[6331,6332]"
3167,N2,2,1,"[""N2/f3167""]","[6333,6334]"
3168,N2,2,1,"[""N2/f3168""]","[6335,6336]"
3169,N2,2,1,"[""N2/f3169""]","[6337,6338]"
3170,N2,2,1,"[""N2/f3170""]","[6339,6340]"
3171,N2,2,1,"[""N2/f3171""]","[6341,6342]"
3172,N2,2,1,"[""N2/f3172""]","[6343,6344]"
3173,N2,2,1,"[""N2/f3173""]","[6345,6346]"
3174,N2,2,1,"[""N2/f3174""]","[6347,6348]"
3175,N2,2,1,"[""N2/f3175""]","[6349,6350]"
3176,N2,2,1,"[""N2/f3176""]","[6351,6352]"
3177,N2,2,1,"[""N2/f3177""]","[6353,6354]"
3178,N2,2,1,"[""N2/f3178""]","[6355,6356]"
3179,N2,2,1,"[""N2/f3179""]","[6357,6358]"
3180,N2,2,1,"[""N2/f3180""]","[6359,6360]"
3181,N2,2,1,"[""N2/f3181""]","[6361,6362]"
3182,N2,2,1,"[""N2/f3182""]","[6363,6364]"
3183,N2,2,1,"[""N2/f3183""]","[6365,6366]"
3184,N2,2,1,"[""N2/f3184""]","[6367,6368]"
3185,N2,2,1,"[""N2/f3185""]","[6369,6370]"
3186,N2,2,1,"[""N2/f3186""]","[6371,6372]"
3187,N2,2,1,"[""N2/f3187""]","[6373,6374]"
3188,N2,2,1,"[""N2/f3188""]","[6375,6376]"
3189,N2,2,1,"[""N2/f3189""]","[6377,6378]"
3190,N2,2,1,"[""N2/f3190""]","[6379,6380]"
3191,N2,2,1,"[""N2/f3191""]","[6381,6382]"
3192,N2,2,1,"[""N2/f3192""]","[6383,6384]"
3193,N2,2,1,"[""N2/f3193""]","[6385,6386]"
3194,N2,2,1,"[""N2/f3194""]","[6387,6388]"
3195,N2,2,1,"[""N2/f3195""]","[6389,6390]"
3196,N2,2,1,"[""N2/f3196""]","[6391,6392]"
3197,N2,2,1,"[""N2/f3197""]","[6393,6394]"
3198,N2,2,1,"[""N2/f3198""]","[6395,6396]"
3199,N2,2,1,"[""N2/f3199""]","[6397,6398]"
3200,N2,2,1,"[""N2/f3200""]","[6399,6400]"
3201,N2,2,1,"[""N2/f3201""]","[6401,6402]"
3202,N2,2,1,"[""N2/f3202""]","[6403,6404]"
3203,N2,2,1,"[""N2/f3203""]","[6405,6406]"
3204,N2,2,1,"[""N2/f3204""]","[6407,6408]"
3205,N2,2,1,"[""N2/f3205""]","[6409,6410]"
3206,N2,2,1,"[""N2/f3206""]","[6411,6412]"
3207,N2,2,1,"[""N2/f3207""]","[6413,6414]"
3208,N2,2,1,"[""N2/f3208""]","[6415,6416]"
3209,N2,2,1,"[""N2/f3209""]","[6417,6418]"
3210,N2,2,1,"[""N2/f3210""]","[6419,6420]"
3211,N2,2,1,"[""N2/f3211""]","[6421,6422]"
3212,N2,2,1,"[""N2/f3212""]","[6423,6424]"
3213,N2,2,1,"[""N2/f3213""]","[6425,6426]"
3214,N2,2,1,"[""N2/f3214""]","[6427,6428]"
3215,N2,2,1,"[""N2/f3215""]","[6429,6430]"
3216,N2,2,1,"[""N2/f3216""]","[6431,6432]"
3217,N2,2,1,"[""N2/f3217""]","[6433,6434]"
3218,N2,2,1,"[""N2/f3218""]","[6435,6436]"
3219,N2,2,1,"[""N2/f3219""]","[6437,6438]"
3220,N2,2,1,"[""N2/f3220""]","[6439,6440]"
3221,N2,2,1,"[""N2/f3221""]","[6441,6442]"
3222,N2,2,1,"[""N2/f3222""]","[6443,6444]"
3223,N2,2,1,"[""N2/f3223""]","[6445,6446]"
3224,N2,2,1,"[""N2/f3224""]","[6447,6448]"
3225,N2,2,1,"[""N2/f3225""]","[6449,6450]"
3226,N2,2,1,"[""N2/f3226""]","[6451,6452]"
3227,N2,2,1,"[""N2/f3227""]","[6453,6454]"
3228,N2,2,1,"[""N2/f3228""]","[6455,6456]"
3229,N2,2,1,"[""N2/f3229""]","[6457,6458]"
3230,N2,2,1,"[""N2/f3230""]","[6459,6460]"
3231,N2,2,1,"[""N2/f3231""]","[6461,6462]"
3232,N2,2,1,"[""N2/f3232""]","[6463,6464]"
3233,N2,2,1,"[""N2/f3233""]","[6465,6466]"
3234,N2,2,1,"[""N2/f3234""]","[6467,6468]"
3235,N2,2,1,"[""N2/f3235""]","[6469,6470]"
3236,N2,2,1,"[""N2/f3236""]","[6471,6472]"
3237,N2,2,1,"[""N2/f3237""]","[6473,6474]"
3238,N2,2,1,"[""N2/f3238""]","[6475,6476]"
3239,N2,2,1,"[""N2/f3239""]","[6477,6478]"
3240,N2,2,1,"[""N2/f3240""]","[6479,6480]"
3241,N2,2,1,"[""N2/f3241""]","[6481,6482]"
3242,N2,2,1,"[""N2/f3242""]","[6483,6484]"
3243,N2,2,1,"[""N2/f3243""]","[6485,6486]"
3244,N2,2,1,"[""N2/f3244""]","[6487,6488]"
3245,N2,2,1,"[""N2/f3245""]","[6489,6490]"
3246,N2,2,1,"[""N2/f3246""]","[6491,6492]"
3247,N2,2,1,"[""N2/f3247""]","[6493,6494]"
3248,N2,2,1,"[""N2/f3248""]","[6495,6496]"
3249,N2,2,1,"[""N2/f3249""]","[6497,6498]"
3250,N2,2,1,"[""N2/f3250""]","[6499,6500]"
3251,N2,2,1,"[""N2/f3251""]","[6501,6502]"
3252,N2,2,1,"[""N2/f3252""]","[6503,6504]"
3253,N2,2,1,"[""N2/f3253""]","[6505,6506]"
3254,N2,2,1,"[""N2/f3254""]","[6507,6508]"
3255,N2,2,1,"[""N2/f3255""]","[6509,6510]"
3256,N2,2,1,"[""N2/f3256""]","[6511,6512]"
3257,N2,2,1,"[""N2/f3257""]","[6513,6514]"
3258,N2,2,1,"[""N2/f3258""]","[6515,6516]"
3259,N2,2,1,"[""N2/f3259""]","[6517,6518]"
3260,N2,2,1,"[""N2/f3260""]","[6519,6520]"
3261,N2,2,1,"[""N2/f3261""]","[6521,6522]"
3262,N2,2,1,"[""N2/f3262""]","[6523,6524]"
3263,N2,2,1,"[""N2/f3263""]","[6525,6526]"
3264,N2,2,1,"[""N2/f3264""]","[6527,6528]"
3265,N2,2,1,"[""N2/f3265""]","[6529,6530]"
3266,N2,2,1,"[""N2/f3266""]","[6531,6532]"
3267,N2,2,1,"[""N2/f3267""]","[6533,6534]"
3268,N2,2,1,"[""N2/f3268""]","[6535,6536]"
3269,N2,2,1,"[""N2/f3269""]","[6537,6538]"
3270,N2,2,1,"[""N2/f3270""]","[6539,6540]"
3271,N2,2,1,"[""N2/f3271""]","[6541,6542]"
3272,N2,2,1,"[""N2/f3272""]","[6543,6544]"
3273,N2,2,1,"[""N2/f3273""]","[6545,6546]"
3274,N2,2,1,"[""N2/f3274""]","[6547,6548]"
3275,N2,2,1,"[""N2/f3275""]","[6549,6550]"
3276,N2,2,1,"[""N2/f3276""]","[6551,6552]"
3277,N2,2,1,"[""N2/f3277""]","[6553,6554]"
3278,N2,2,1,"[""N2/f3278""]","[6555,6556]"
3279,N2,2,1,"[""N2/f3279""]","[6557,6558]"
3280,N2,2,1,"[""N2/f3280""]","[6559,6560]"
3281,N2,2,1,"[""N2/f3281""]","[6561,6562]"
3282,N2,2,1,"[""N2/f3282""]","[6563,6564]"
3283,N2,2,1,"[""N2/f3283""]","[6565,6566]"
3284,N2,2,1,"[""N2/f3284""]","[6567,6568]"
3285,N2,2,1,"[""N2/f3285""]","[6569,6570]"
3286,N2,2,1,"[""N2/f3286""]","[6571,6572]"
3287,N2,2,1,"[""N2/f3287""]","[6573,6574]"
3288,N2,2,1,"[""N2/f3288""]","[6575,6576]"
3289,N2,2,1,"[""N2/f3289""]","[6577,6578]"
3290,N2,2,1,"[""N2/f3290""]","[6579,6580]"
3291,N2,2,1,"[""N2/f3291""]","[6581,6582]"
3292,N2,2,1,"[""N2/f3292""]","[6583,6584]"
3293,N2,2,1,"[""N2/f3293""]","[6585,6586]"
3294,N2,2,1,"[""N2/f3294""]","[6587,6588]"
3295,N2,2,1,"[""N2/f3295""]","[6589,6590]"
3296,N2,2,1,"[""N2/f3296""]","[6591,6592]"
3297,N2,2,1,"[""N2/f3297""]","[6593,6594]"
3298,N2,2,1,"[""N2/f3298""]","[6595,6596]"
3299,N2,2,1,"[""N2/f3299""]","[6597,6598]"
3300,N2,2,1,"[""N2/f3300""]","[6599,6600]"
3301,N2,2,1,"[""N2/f3301""]","[6601,6602]"
3302,N2,2,1,"[""N2/f3302""]","[6603,6604]"
3303,N2,2,1,"[""N2/f3303""]","[6605,6606]"
3304,N2,2,1,"[""N2/f3304""]","[6607,6608]"
3305,N2,2,1,"[""N2/f3305""]","[6609,6610]"
3306,N2,2,1,"[""N2/f3306""]","[6611,6612]"
3307,N2,2,1,"[""N2/f3307""]","[6613,6614]"
3308,N2,2,1,"[""N2/f3308""]","[6615,6616]"
3309,N2,2,1,"[""N2/f3309""]","[6617,6618]"
3310,N2,2,1,"[""N2/f3310""]","[6619,6620]"
3311,N2,2,1,"[""N2/f3311""]","[6621,6622]"
3312,N2,2,1,"[""N2/f3312""]","[6623,6624]"
3313,N2,2,1,"[""N2/f3313""]","[6625,6626]"
3314,N2,2,1,"[""N2/f3314""]","[6627,6628]"
3315,N2,2,1,"[""N2/f3315""]","[6629,6630]"
3316,N2,2,1,"[""N2/f3316""]","[6631,6632]"
3317,N2,2,1,"[""N2/f3317""]","[6633,6634]"
3318,N2,2,1,"[""N2/f3318""]","[6635,6636]"
3319,N2,2,1,"[""N2/f3319""]","[6637,6638]"
3320,N2,2,1,"[""N2/f3320""]","[6639,6640]"
3321,N2,2,1,"[""N2/f3321""]","[6641,6642]"
3322,N2,2,1,"[""N2/f3322""]","[6643,6644]"
3323,N2,2,1,"[""N2/f3323""]","[6645,6646]"
3324,N2,2,1,"[""N2/f3324""]","[6647,6648]"
3325,N2,2,1,"[""N2/f3325""]","[6649,6650]"
3326,N2,2,1,"[""N2/f3326""]","[6651,6652]"
3327,N2,2,1,"[""N2/f3327""]","[6653,6654]"
3328,N2,2,1,"[""N2/f3328""]","[6655,6656]"
3329,N2,2,1,"[""N2/f3329""]","[6657,6658]"
3330,N2,2,1,"[""N2/f3330""]","[6659,6660]"
3331,N2,2,1,"[""N2/f3331""]","[6661,6662]"
3332,N2,2,1,"[""N2/f3332""]","[6663,6664]"
3333,N2,2,1,"[""N2/f3333""]","[6665,6666]"
3334,N2,2,1,"[""N2/f3334""]","[6667,6668]"
3335,N2,2,1,"[""N2/f3335""]","[6669,6670]"
3336,N2,2,1,"[""N2/f3336""]","[6671,6672]"
3337,N2,2,1,"[""N2/f3337""]","[6673,6674]"
3338,N2,2,1,"[""N2/f3338""]","[6675,6676]"
3339,N2,2,1,"[""N2/f3339""]","[6677,6678]"
3340,N2,2,1,"[""N2/f3340""]","[6679,6680]"
3341,N2,2,1,"[""N2/f3341""]","[6681,6682]"
3342,N2,2,1,"[""N2/f3342""]","[6683,6684]"
3343,N2,2,1,"[""N2/f3343""]","[6685,6686]"
3344,N2,2,1,"[""N2/f3344""]","[6687,6688]"
3345,N2,2,1,"[""N2/f3345""]","[6689,6690]"
3346,N2,2,1,"[""N2/f3346""]","[6691,6692]"
3347,N2,2,1,"[""N2/f3347""]","[6693,6694]"
3348,N2,2,1,"[""N2/f3348""]","[6695,6696]"
3349,N2,2,1,"[""N2/f3349""]","[6697,6698]"
3350,N2,2,1,"[""N2/f3350""]","[6699,6700]"
3351,N2,2,1,"[""N2/f3351""]","[6701,6702]"
3352,N2,2,1,"[""N2/f3352""]","[6703,6704]"
3353,N2,2,1,"[""N2/f3353""]","[6705,6706]"
3354,N2,2,1,"[""N2/f3354""]","[6707,6708]"
3355,N2,2,1,"[""N2/f3355""]","[6709,6710]"
3356,N2,2,1,"[""N2/f3356""]","[6711,6712]"
3357,N2,2,1,"[""N2/f3357""]","[6713,6714]"
3358,N2,2,1,"[""N2/f3358""]","[6715,6716]"
3359,N2,2,1,"[""N2/f3359""]","[6717,6718]"
3360,N2,2,1,"[""N2/f3360""]","[6719,6720]"
3361,N2,2,1,"[""N2/f3361""]","[6721,6722]"
3362,N2,2,1,"[""N2/f3362""]","[6723,6724]"
3363,N2,2,1,"[""N2/f3363""]","[6725,6726]"
3364,N2,2,1,"[""N2/f3364""]","[6727,6728]"
3365,N2,2,1,"[""N2/f3365""]","[6729,6730]"
3366,N2,2,1,"[""N2/f3366""]","[6731,6732]"
3367,N2,2,1,"[""N2/f3367""]","[6733,6734]"
3368,N2,2,1,"[""N2/f3368""]","[6735,6736]"
3369,N2,2,1,"[""N2/f3369""]","[6737,6738]"
3370,N2,2,1,"[""N2/f3370""]","[6739,6740]"
3371,N2,2,1,"[""N2/f3371""]","[6741,6742]"
3372,N2,2,1,"[""N2/f3372""]","[6743,6744]"
3373,N2,2,1,"[""N2/f3373""]","[6745,6746]"
3374,N2,2,1,"[""N2/f3374""]","[6747,6748]"
3375,N2,2,1,"[""N2/f3375""]","[6749,6750]"
3376,N2,2,1,"[""N2/f3376""]","[6751,6752]"
3377,N2,2,1,"[""N2/f3377""]","[6753,6754]"
3378,N2,2,1,"[""N2/f3378""]","[6755,6756]"
3379,N2,2,1,"[""N2/f3379""]","[6757,6758]"
3380,N2,2,1,"[""N2/f3380""]","[6759,6760]"
3381,N2,2,1,"[""N2/f3381""]","[6761,6762]"
3382,N2,2,1,"[""N2/f3382""]","[6763,6764]"
3383,N2,2,1,"[""N2/f3383""]","[6765,6766]"
3384,N2,2,1,"[""N2/f3384""]","[6767,6768]"
3385,N2,2,1,"[""N2/f3385""]","[6769,6770]"
3386,N2,2,1,"[""N2/f3386""]","[6771,6772]"
3387,N2,2,1,"[""N2/f3387""]","[6773,6774]"
3388,N2,2,1,"[""N2/f3388""]","[6775,6776]"
3389,N2,2,1,"[""N2/f3389""]","[6777,6778]"
3390,N2,2,1,"[""N2/f3390""]","[6779,6780]"
3391,N2,2,1,"[""N2/f3391""]","[6781,6782]"
3392,N2,2,1,"[""N2/f3392""]","[6783,6784]"
3393,N2,2,1,"[""N2/f3393""]","[6785,6786]"
3394,N2,2,1,"[""N2/f3394""]","[6787,6788]"
3395,N2,2,1,"[""N2/f3395""]","[6789,6790]"
3396,N2,2,1,"[""N2/f3396""]","[6791,6792]"
3397,N2,2,1,"[""N2/f3397""]","[6793,6794]"
3398,N2,2,1,"[""N2/f3398""]","[6795,6796]"
3399,N2,2,1,"[""N2/f3399""]","[6797,6798]"
3400,N2,2,1,"[""N2/f3400""]","[6799,6800]"
3401,N2,2,1,"[""N2/f3401""]","[6801,6802]"
3402,N2,2,1,"[""N2/f3402""]","[6803,6804]"
3403,N2,2,1,"[""N2/f3403""]","[6805,6806]"
3404,N2,2,1,"[""N2/f3404""]","[6807,6808]"
3405,N2,2,1,"[""N2/f3405""]","[6809,6810]"
3406,N2,2,1,"[""N2/f3406""]","[6811,6812]"
3407,N2,2,1,"[""N2/f3407""]","[6813,6814]"
3408,N2,2,1,"[""N2/f3408""]","[6815,6816]"
3409,N2,2,1,"[""N2/f3409""]","[6817,6818]"
3410,N2,2,1,"[""N2/f3410""]","[6819,6820]"
3411,N2,2,1,"[""N2/f3411""]","[6821,6822]"
3412,N2,2,1,"[""N2/f3412""]","[6823,6824]"
3413,N2,2,1,"[""N2/f3413""]","[6825,6826]"
3414,N2,2,1,"[""N2/f3414""]","[6827,6828]"
3415,N2,2,1,"[""N2/f3415""]","[6829,6830]"
3416,N2,2,1,"[""N2/f3416""]","[6831,6832]"
3417,N2,2,1,"[""N2/f3417""]","[6833,6834]"
3418,N2,2,1,"[""N2/f3418""]","[6835,6836]"
3419,N2,2,1,"[""N2/f3419""]","[6837,6838]"
3420,N2,2,1,"[""N2/f3420""]","[6839,6840]"
3421,N2,2,1,"[""N2/f3421""]","[6841,6842]"
3422,N2,2,1,"[""N2/f3422""]","[6843,6844]"
3423,N2,2,1,"[""N2/f3423""]","[6845,6846]"
3424,N2,2,1,"[""N2/f3424""]","[6847,6848]"
3425,N2,2,1,"[""N2/f3425""]","[6849,6850]"
3426,N2,2,1,"[""N2/f3426""]","[6851,6852]"
3427,N2,2,1,"[""N2/f3427""]","[6853,6854]"
3428,N2,2,1,"[""N2/f3428""]","[6855,6856]"
3429,N2,2,1,"[""N2/f3429""]","[6857,6858]"
3430,N2,2,1,"[""N2/f3430""]","[6859,6860]"
3431,N2,2,1,"[""N2/f3431""]","[6861,6862]"
3432,N2,2,1,"[""N2/f3432""]","[6863,6864]"
3433,N2,2,1,"[""N2/f3433""]","[6865,6866]"
3434,N2,2,1,"[""N2/f3434""]","[6867,6868]"
3435,N2,2,1,"[""N2/f3435""]","[6869,6870]"
3436,N2,2,1,"[""N2/f3436""]","[6871,6872]"
3437,N2,2,1,"[""N2/f3437""]","[6873,6874]"
3438,N2,2,1,"[""N2/f3438""]","[6875,6876]"
3439,N2,2,1,"[""N2/f3439""]","[6877,6878]"
3440,N2,2,1,"[""N2/f3440""]","[6879,6880]"
3441,N2,2,1,"[""N2/f3441""]","[6881,6882]"
3442,N2,2,1,"[""N2/f3442""]","[6883,6884]"
3443,N2,2,1,"[""N2/f3443""]","[6885,6886]"
3444,N2,2,1,"[""N2/f3444""]","[6887,6888]"
3445,N2,2,1,"[""N2/f3445""]","[6889,6890]"
3446,N2,2,1,"[""N2/f3446""]","[6891,6892]"
3447,N2,2,1,"[""N2/f3447""]","[6893,6894]"
3448,N2,2,1,"[""N2/f3448""]","[6895,6896]"
3449,N2,2,1,"[""N2/f3449""]","[6897,6898]"
3450,N2,2,1,"[""N2/f3450""]","[6899,6900]"
3451,N2,2,1,"[""N2/f3451""]","[6901,6902]"
3452,N2,2,1,"[""N2/f3452""]","[6903,6904]"
3453,N2,2,1,"[""N2/f3453""]","[6905,6906]"
3454,N2,2,1,"[""N2/f3454""]","[6907,6908]"
3455,N2,2,1,"[""N2/f3455""]","[6909,6910]"
3456,N2,2,1,"[""N2/f3456""]","[6911,6912]"
3457,N2,2,1,"[""N2/f3457""]","[6913,6914]"
3458,N2,2,1,"[""N2/f3458""]","[6915,6916]"
3459,N2,2,1,"[""N2/f3459""]","[6917,6918]"
3460,N2,2,1,"[""N2/f3460""]","[6919,6920]"
3461,N2,2,1,"[""N2/f3461""]","[6921,6922]"
3462,N2,2,1,"[""N2/f3462""]","[6923,6924]"
3463,N2,2,1,"[""N2/f3463""]","[6925,6926]"
3464,N2,2,1,"[""N2/f3464""]","[6927,6928]"
3465,N2,2,1,"[""N2/f3465""]","[6929,6930]"
3466,N2,2,1,"[""N2/f3466""]","[6931,6932]"
3467,N2,2,1,"[""N2/f3467""]","[6933,6934]"
3468,N2,2,1,"[""N2/f3468""]","[6935,6936]"
3469,N2,2,1,"[""N2/f3469""]","[6937,6938]"
3470,N2,2,1,"[""N2/f3470""]","[6939,6940]"
3471,N2,2,1,"[""N2/f3471""]","[6941,6942]"
3472,N2,2,1,"[""N2/f3472""]","[6943,6944]"
3473,N2,2,1,"[""N2/f3473""]","[6945,6946]"
3474,N2,2,1,"[""N2/f3474""]","[6947,6948]"
3475,N2,2,1,"[""N2/f3475""]","[6949,6950]"
3476,N2,2,1,"[""N2/f3476""]","[6951,6952]"
3477,N2,2,1,"[""N2/f3477""]","[6953,6954]"
3478,N2,2,1,"[""N2/f3478""]","[6955,6956]"
3479,N2,2,1,"[""N2/f3479""]","[6957,6958]"
3480,N2,2,1,"[""N2/f3480""]","[6959,6960]"
3481,N2,2,1,"[""N2/f3481""]","[6961,6962]"
3482,N2,2,1,"[""N2/f3482""]","[6963,6964]"
3483,N2,2,1,"[""N2/f3483""]","[6965,6966]"
3484,N2,2,1,"[""N2/f3484""]","[6967,6968]"
3485,N2,2,1,"[""N2/f3485""]","[6969,6970]"
3486,N2,2,1,"[""N2/f3486""]","[6971,6972]"
3487,N2,2,1,"[""N2/f3487""]","[6973,6974]"
3488,N2,2,1,"[""N2/f3488""]","[6975,6976]"
3489,N2,2,1,"[""N2/f3489""]","[6977,6978]"
3490,N2,2,1,"[""N2/f3490""]","[6979,6980]"
3491,N2,2,1,"[""N2/f3491""]","[6981,6982]"
3492,N2,2,1,"[""N2/f3492""]","[6983,6984]"
3493,N2,2,1,"[""N2/f3493""]","[6985,6986]"
3494,N2,2,1,"[""N2/f3494""]","[6987,6988]"
3495,N2,2,1,"[""N2/f3495""]","[6989,6990]"
3496,N2,2,1,"[""N2/f3496""]","[6991,6992]"
3497,N2,2,1,"[""N2/f3497""]","[6993,6994]"
3498,N2,2,1,"[""N2/f3498""]","[6995,6996]"
3499,N2,2,1,"[""N2/f3499""]","[6997,6998]"
3500,N2,2,1,"[""N2/f3500""]","[6999,7000]"
3501,N2,2,1,"[""N2/f3501""]","[7001,7002]"
3502,N2,2,1,"[""N2/f3502""]","[7003,7004]"
3503,N2,2,1,"[""N2/f3503""]","[7005,7006]"
3504,N2,2,1,"[""N2/f3504""]","[7007,7008]"
3505,N2,2,1,"[""N2/f3505""]","[7009,7010]"
3506,N2,2,1,"[""N2/f3506""]","[7011,7012]"
3507,N2,2,1,"[""N2/f3507""]","[7013,7014]"
3508,N2,2,1,"[""N2/f3508""]","[7015,7016]"
3509,N2,2,1,"[""N2/f3509""]","[7017,7018]"
3510,N2,2,1,"[""N2/f3510""]","[7019,7020]"
3511,N2,2,1,"[""N2/f3511""]","[7021,7022]"
3512,N2,2,1,"[""N2/f3512""]","[7023,7024]"
3513,N2,2,1,"[""N2/f3513""]","[7025,7026]"
3514,N2,2,1,"[""N2/f3514""]","[7027,7028]"
3515,N2,2,1,"[""N2/f3515""]","[7029,7030]"
3516,N2,2,1,"[""N2/f3516""]","[7031,7032]"
3517,N2,2,1,"[""N2/f3517""]","[7033,7034]"
3518,N2,2,1,"[""N2/f3518""]","[7035,7036]"
3519,N2,2,1,"[""N2/f3519""]","[7037,7038]"
3520,N2,2,1,"[""N2/f3520""]","[7039,7040]"
3521,N2,2,1,"[""N2/f3521""]","[7041,7042]"
3522,N2,2,1,"[""N2/f3522""]","[7043,7044]"
3523,N2,2,1,"[""N2/f3523""]","[7045,7046]"
3524,N2,2,1,"[""N2/f3524""]","[7047,7048]"
3525,N2,2,1,"[""N2/f3525""]","[7049,7050]"
3526,N2,2,1,"[""N2/f3526""]","[7051,7052]"
3527,N2,2,1,"[""N2/f3527""]","[7053,7054]"
3528,N2,2,1,"[""N2/f3528""]","[7055,7056]"
3529,N2,2,1,"[""N2/f3529""]","[7057,7058]"
3530,N2,2,1,"[""N2/f3530""]","[7059,7060]"
3531,N2,2,1,"[""N2/f3531""]","[7061,7062]"
3532,N2,2,1,"[""N2/f3532""]","[7063,7064]"
3533,N2,2,1,"[""N2/f3533""]","[7065,7066]"
3534,N2,2,1,"[""N2/f3534""]","[7067,7068]"
3535,N2,2,1,"[""N2/f3535""]","[7069,7070]"
3536,N2,2,1,"[""N2/f3536""]","[7071,7072]"
3537,N2,2,1,"[""N2/f3537""]","[7073,7074]"
3538,N2,2,1,"[""N2/f3538""]","[7075,7076]"
3539,N2,2,1,"[""N2/f3539""]","[7077,7078]"
3540,N2,2,1,"[""N2/f3540""]","[7079,7080]"
3541,N2,2,1,"[""N2/f3541""]","[7081,7082]"
3542,N2,2,1,"[""N2/f3542""]","[7083,7084]"
3543,N2,2,1,"[""N2/f3543""]","[7085,7086]"
3544,N2,2,1,"[""N2/f3544""]","[7087,7088]"
3545,N2,2,1,"[""N2/f3545""]","[7089,7090]"
3546,N2,2,1,"[""N2/f3546""]","[7091,7092]"
3547,N2,2,1,"[""N2/f3547""]","[7093,7094]"
3548,N2,2,1,"[""N2/f3548""]","[7095,7096]"
3549,N2,2,1,"[""N2/f3549""]","[7097,7098]"
3550,N2,2,1,"[""N2/f3550""]","[7099,7100]"
3551,N2,2,1,"[""N2/f3551""]","[7101,7102]"
3552,N2,2,1,"[""N2/f3552""]","[7103,7104]"
3553,N2,2,1,"[""N2/f3553""]","[7105,7106]"
3554,N2,2,1,"[""N2/f3554""]","[7107,7108]"
3555,N2,2,1,"[""N2/f3555""]","[7109,7110]"
3556,N2,2,1,"[""N2/f3556""]","[7111,7112]"
3557,N2,2,1,"[""N2/f3557""]","[7113,7114]"
3558,N2,2,1,"[""N2/f3558""]","[7115,7116]"
3559,N2,2,1,"[""N2/f3559""]","[7117,7118]"
3560,N2,2,1,"[""N2/f3560""]","[7119,7120]"
3561,N2,2,1,"[""N2/f3561""]","[7121,7122]"
3562,N2,2,1,"[""N2/f3562""]","[7123,7124]"
3563,N2,2,1,"[""N2/f3563""]","[7125,7126]"
3564,N2,2,1,"[""N2/f3564""]","[7127,7128]"
3565,N2,2,1,"[""N2/f3565""]","[7129,7130]"
3566,N2,2,1,"[""N2/f3566""]","[7131,7132]"
3567,N2,2,1,"[""N2/f3567""]","[7133,7134]"
3568,N2,2,1,"[""N2/f3568""]","[7135,7136]"
3569,N2,2,1,"[""N2/f3569""]","[7137,7138]"
3570,N2,2,1,"[""N2/f3570""]","[7139,7140]"
3571,N2,2,1,"[""N2/f3571""]","[7141,7142]"
3572,N2,2,1,"[""N2/f3572""]","[7143,7144]"
3573,N2,2,1,"[""N2/f3573""]","[7145,7146]"
3574,N2,2,1,"[""N2/f3574""]","[7147,7148]"
3575,N2,2,1,"[""N2/f3575""]","[7149,7150]"
3576,N2,2,1,"[""N2/f3576""]","[7151,7152]"
3577,N2,2,1,"[""N2/f3577""]","[7153,7154]"
3578,N2,2,1,"[""N2/f3578""]","[7155,7156]"
3579,N2,2,1,"[""N2/f3579""]","[7157,7158]"
3580,N2,2,1,"[""N2/f3580""]","[7159,7160]"
3581,N2,2,1,"[""N2/f3581""]","[7161,7162]"
3582,N2,2,1,"[""N2/f3582""]","[7163,7164]"
3583,N2,2,1,"[""N2/f3583""]","[7165,7166]"
3584,N2,2,1,"[""N2/f3584""]","[7167,7168]"
3585,N2,2,1,"[""N2/f3585""]","[7169,7170]"
3586,N2,2,1,"[""N2/f3586""]","[7171,7172]"
3587,N2,2,1,"[""N2/f3587""]","[7173,7174]"
3588,N2,2,1,"[""N2/f3588""]","[7175,7176]"
3589,N2,2,1,"[""N2/f3589""]","[7177,7178]"
3590,N2,2,1,"[""N2/f3590""]","[7179,7180]"
3591,N2,2,1,"[""N2/f3591""]","[7181,7182]"
3592,N2,2,1,"[""N2/f3592""]","[7183,7184]"
3593,N2,2,1,"[""N2/f3593""]","[7185,7186]"
3594,N2,2,1,"[""N2/f3594""]","[7187,7188]"
3595,N2,2,1,"[""N2/f3595""]","[7189,7190]"
3596,N2,2,1,"[""N2/f3596""]","[7191,7192]"
3597,N2,2,1,"[""N2/f3597""]","[7193,7194]"
3598,N2,2,1,"[""N2/f3598""]","[7195,7196]"
3599,N2,2,1,"[""N2/f3599""]","[7197,7198]"
3600,N2,2,1,"[""N2/f3600""]","[7199,7200]"
3601,N2,2,1,"[""N2/f3601""]","[7201,7202]"
3602,N2,2,1,"[""N2/f3602""]","[7203,7204]"
3603,N2,2,1,"[""N2/f3603""]","[7205,7206]"
3604,N2,2,1,"[""N2/f3604""]","[7207,7208]"
3605,N2,2,1,"[""N2/f3605""]","[7209,7210]"
3606,N2,2,1,"[""N2/f3606""]","[7211,7212]"
3607,N2,2,1,"[""N2/f3607""]","[7213,7214]"
3608,N2,2,1,"[""N2/f3608""]","[7215,7216]"
3609,N2,2,1,"[""N2/f3609""]","[7217,7218]"
3610,N2,2,1,"[""N2/f3610""]","[7219,7220]"
3611,N2,2,1,"[""N2/f3611""]","[7221,7222]"
3612,N2,2,1,"[""N2/f3612""]","[7223,7224]"
3613,N2,2,1,"[""N2/f3613""]","[7225,7226]"
3614,N2,2,1,"[""N2/f3614""]","[7227,7228]"
3615,N2,2,1,"[""N2/f3615""]","[7229,7230]"
3616,N2,2,1,"[""N2/f3616""]","[7231,7232]"
3617,N2,2,1,"[""N2/f3617""]","[7233,7234]"
3618,N2,2,1,"[""N2/f3618""]","[7235,7236]"
3619,N2,2,1,"[""N2/f3619""]","[7237,7238]"
3620,N2,2,1,"[""N2/f3620""]","[7239,7240]"
3621,N2,2,1,"[""N2/f3621""]","[7241,7242]"
3622,N2,2,1,"[""N2/f3622""]","[7243,7244]"
3623,N2,2,1,"[""N2/f3623""]","[7245,7246]"
3624,N2,2,1,"[""N2/f3624""]","[7247,7248]"
3625,N2,2,1,"[""N2/f3625""]","[7249,7250]"
3626,N2,2,1,"[""N2/f3626""]","[7251,7252]"
3627,N2,2,1,"[""N2/f3627""]","[7253,7254]"
3628,N2,2,1,"[""N2/f3628""]","[7255,7256]"
3629,N2,2,1,"[""N2/f3629""]","[7257,7258]"
3630,N2,2,1,"[""N2/f3630""]","[7259,7260]"
3631,N2,2,1,"[""N2/f3631""]","[7261,7262]"
3632,N2,2,1,"[""N2/f3632""]","[7263,7264]"
3633,N2,2,1,"[""N2/f3633""]","[7265,7266]"
3634,N2,2,1,"[""N2/f3634""]","[7267,7268]"
3635,N2,2,1,"[""N2/f3635""]","[7269,7270]"
3636,N2,2,1,"[""N2/f3636""]","[7271,7272]"
3637,N2,2,1,"[""N2/f3637""]","[7273,7274]"
3638,N2,2,1,"[""N2/f3638""]","[7275,7276]"
3639,N2,2,1,"[""N2/f3639""]","[7277,7278]"
3640,N2,2,1,"[""N2/f3640""]","[7279,7280]"
3641,N2,2,1,"[""N2/f3641""]","[7281,7282]"
3642,N2,2,1,"[""N2/f3642""]","[7283,7284]"
3643,N2,2,1,"[""N2/f3643""]","[7285,7286]"
3644,N2,2,1,"[""N2/f3644""]","[7287,7288]"
3645,N2,2,1,"[""N2/f3645""]","[7289,7290]"
3646,N2,2,1,"[""N2/f3646""]","[7291,7292]"
3647,N2,2,1,"[""N2/f3647""]","[7293,7294]"
3648,N2,2,1,"[""N2/f3648""]","[7295,7296]"
3649,N2,2,1,"[""N2/f3649""]","[7297,7298]"
3650,N2,2,1,"[""N2/f3650""]","[7299,7300]"
3651,N2,2,1,"[""N2/f3651""]","[7301,7302]"
3652,N2,2,1,"[""N2/f3652""]","[7303,7304]"
3653,N2,2,1,"[""N2/f3653""]","[7305,7306]"
3654,N2,2,1,"[""N2/f3654""]","[7307,7308]"
3655,N2,2,1,"[""N2/f3655""]","[7309,7310]"
3656,N2,2,1,"[""N2/f3656""]","[7311,7312]"
3657,N2,2,1,"[""N2/f3657""]","[7313,7314]"
3658,N2,2,1,"[""N2/f3658""]","[7315,7316]"
3659,N2,2,1,"[""N2/f3659""]","[7317,7318]"
3660,N2,2,1,"[""N2/f3660""]","[7319,7320]"
3661,N2,2,1,"[""N2/f3661""]","[7321,7322]"
3662,N2,2,1,"[""N2/f3662""]","[7323,7324]"
3663,N2,2,1,"[""N2/f3663""]","[7325,7326]"
3664,N2,2,1,"[""N2/f3664""]","[7327,7328]"
3665,N2,2,1,"[""N2/f3665""]","[7329,7330]"
3666,N2,2,1,"[""N2/f3666""]","[7331,7332]"
3667,N2,2,1,"[""N2/f3667""]","[7333,7334]"
3668,N2,2,1,"[""N2/f3668""]","[7335,7336]"
3669,N2,2,1,"[""N2/f3669""]","[7337,7338]"
3670,N2,2,1,"[""N2/f3670""]","[7339,7340]"
3671,N2,2,1,"[""N2/f3671""]","[7341,7342]"
3672,N2,2,1,"[""N2/f3672""]","[7343,7344]"
3673,N2,2,1,"[""N2/f3673""]","[7345,7346]"
3674,N2,2,1,"[""N2/f3674""]","[7347,7348]"
3675,N2,2,1,"[""N2/f3675""]","[7349,7350]"
3676,N2,2,1,"[""N2/f3676""]","[7351,7352]"
3677,N2,2,1,"[""N2/f3677""]","[7353,7354]"
3678,N2,2,1,"[""N2/f3678""]","[7355,7356]"
3679,N2,2,1,"[""N2/f3679""]","[7357,7358]"
3680,N2,2,1,"[""N2/f3680""]","[7359,7360]"
3681,N2,2,1,"[""N2/f3681""]","[7361,7362]"
3682,N2,2,1,"[""N2/f3682""]","[7363,7364]"
3683,N2,2,1,"[""N2/f3683""]","[7365,7366]"
3684,N2,2,1,"[""N2/f3684""]","[7367,7368]"
3685,N2,2,1,"[""N2/f3685""]","[7369,7370]"
3686,N2,2,1,"[""N2/f3686""]","[7371,7372]"
3687,N2,2,1,"[""N2/f3687""]","[7373,7374]"
3688,N2,2,1,"[""N2/f3688""]","[7375,7376]"
3689,N2,2,1,"[""N2/f3689""]","[7377,7378]"
3690,N2,2,1,"[""N2/f3690""]","[7379,7380]"
3691,N2,2,1,"[""N2/f3691""]","[7381,7382]"
3692,N2,2,1,"[""N2/f3692""]","[7383,7384]"
3693,N2,2,1,"[""N2/f3693""]","[7385,7386]"
3694,N2,2,1,"[""N2/f3694""]","[7387,7388]"
3695,N2,2,1,"[""N2/f3695""]","[7389,7390]"
3696,N2,2,1,"[""N2/f3696""]","[7391,7392]"
3697,N2,2,1,"[""N2/f3697""]","[7393,7394]"
3698,N2,2,1,"[""N2/f3698""]","[7395,7396]"
3699,N2,2,1,"[""N2/f3699""]","[7397,7398]"
3700,N2,2,1,"[""N2/f3700""]","[7399,7400]"
3701,N2,2,1,"[""N2/f3701""]","[7401,7402]"
3702,N2,2,1,"[""N2/f3702""]","[7403,7404]"
3703,N2,2,1,"[""N2/f3703""]","[7405,7406]"
3704,N2,2,1,"[""N2/f3704""]","[7407,7408]"
3705,N2,2,1,"[""N2/f3705""]","[7409,7410]"
3706,N2,2,1,"[""N2/f3706""]","[7411,7412]"
3707,N2,2,1,"[""N2/f3707""]","[7413,7414]"
3708,N2,2,1,"[""N2/f3708""]","[7415,7416]"
3709,N2,2,1,"[""N2/f3709""]","[7417,7418]"
3710,N2,2,1,"[""N2/f3710""]","[7419,7420]"
3711,N2,2,1,"[""N2/f3711""]","[7421,7422]"
3712,N2,2,1,"[""N2/f3712""]","[7423,7424]"
3713,N2,2,1,"[""N2/f3713""]","[7425,7426]"
3714,N2,2,1,"[""N2/f3714""]","[7427,7428]"
3715,N2,2,1,"[""N2/f3715""]","[7429,7430]"
3716,N2,2,1,"[""N2/f3716""]","[7431,7432]"
3717,N2,2,1,"[""N2/f3717""]","[7433,7434]"
3718,N2,2,1,"[""N2/f3718""]","[7435,7436]"
3719,N2,2,1,"[""N2/f3719""]","[7437,7438]"
3720,N2,2,1,"[""N2/f3720""]","[7439,7440]"
3721,N2,2,1,"[""N2/f3721""]","[7441,7442]"
3722,N2,2,1,"[""N2/f3722""]","[7443,7444]"
3723,N2,2,1,"[""N2/f3723""]","[7445,7446]"
3724,N2,2,1,"[""N2/f3724""]","[7447,7448]"
3725,N2,2,1,"[""N2/f3725""]","[7449,7450]"
3726,N2,2,1,"[""N2/f3726""]","[7451,7452]"
3727,N2,2,1,"[""N2/f3727""]","[7453,7454]"
3728,N2,2,1,"[""N2/f3728""]","[7455,7456]"
3729,N2,2,1,"[""N2/f3729""]","[7457,7458]"
3730,N2,2,1,"[""N2/f3730""]","[7459,7460]"
3731,N2,2,1,"[""N2/f3731""]","[7461,7462]"
3732,N2,2,1,"[""N2/f3732""]","[7463,7464]"
3733,N2,2,1,"[""N2/f3733""]","[7465,7466]"
3734,N2,2,1,"[""N2/f3734""]","[7467,7468]"
3735,N2,2,1,"[""N2/f3735""]","[7469,7470]"
3736,N2,2,1,"[""N2/f3736""]","[7471,7472]"
3737,N2,2,1,"[""N2/f3737""]","[7473,7474]"
3738,N2,2,1,"[""N2/f3738""]","[7475,7476]"
3739,N2,2,1,"[""N2/f3739""]","[7477,7478]"
3740,N2,2,1,"[""N2/f3740""]","[7479,7480]"
3741,N2,2,1,"[""N2/f3741""]","[7481,7482]"
3742,N2,2,1,"[""N2/f3742""]","[7483,7484]"
3743,N2,2,1,"[""N2/f3743""]","[7485,7486]"
3744,N2,2,1,"[""N2/f3744""]","[7487,7488]"
3745,N2,2,1,"[""N2/f3745""]","[7489,7490]"
3746,N2,2,1,"[""N2/f3746""]","[7491,7492]"
3747,N2,2,1,"[""N2/f3747""]","[7493,7494]"
3748,N2,2,1,"[""N2/f3748""]","[7495,7496]"
3749,N2,2,1,"[""N2/f3749""]","[7497,7498]"
3750,N2,2,1,"[""N2/f3750""]","[7499,7500]"
3751,N2,2,1,"[""N2/f3751""]","[7501,7502]"
3752,N2,2,1,"[""N2/f3752""]","[7503,7504]"
3753,N2,2,1,"[""N2/f3753""]","[7505,7506]"
3754,N2,2,1,"[""N2/f3754""]","[7507,7508]"
3755,N2,2,1,"[""N2/f3755""]","[7509,7510]"
3756,N2,2,1,"[""N2/f3756""]","[7511,7512]"
3757,N2,2,1,"[""N2/f3757""]","[7513,7514]"
3758,N2,2,1,"[""N2/f3758""]","[7515,7516]"
3759,N2,2,1,"[""N2/f3759""]","[7517,7518]"
3760,N2,2,1,"[""N2/f3760""]","[7519,7520]"
3761,N2,2,1,"[""N2/f3761""]","[7521,7522]"
3762,N2,2,1,"[""N2/f3762""]","[7523,7524]"
3763,N2,2,1,"[""N2/f3763""]","[7525,7526]"
3764,N2,2,1,"[""N2/f3764""]","[7527,7528]"
3765,N2,2,1,"[""N2/f3765""]","[7529,7530]"
3766,N2,2,1,"[""N2/f3766""]","[7531,7532]"
3767,N2,2,1,"[""N2/f3767""]","[7533,7534]"
3768,N2,2,1,"[""N2/f3768""]","[7535,7536]"
3769,N2,2,1,"[""N2/f3769""]","[7537,7538]"
3770,N2,2,1,"[""N2/f3770""]","[7539,7540]"
3771,N2,2,1,"[""N2/f3771""]","[7541,7542]"
3772,N2,2,1,"[""N2/f3772""]","[7543,7544]"
3773,N2,2,1,"[""N2/f3773""]","[7545,7546]"
3774,N2,2,1,"[""N2/f3774""]","[7547,7548]"
3775,N2,2,1,"[""N2/f3775""]","[7549,7550]"
3776,N2,2,1,"[""N2/f3776""]","[7551,7552]"
3777,N2,2,1,"[""N2/f3777""]","[7553,7554]"
3778,N2,2,1,"[""N2/f3778""]","[7555,7556]"
3779,N2,2,1,"[""N2/f3779""]","[7557,7558]"
3780,N2,2,1,"[""N2/f3780""]","[7559,7560]"
3781,N2,2,1,"[""N2/f3781""]","[7561,7562]"
3782,N2,2,1,"[""N2/f3782""]","[7563,7564]"
3783,N2,2,1,"[""N2/f3783""]","[7565,7566]"
3784,N2,2,1,"[""N2/f3784""]","[7567,7568]"
3785,N2,2,1,"[""N2/f3785""]","[7569,7570]"
3786,N2,2,1,"[""N2/f3786""]","[7571,7572]"
3787,N2,2,1,"[""N2/f3787""]","[7573,7574]"
3788,N2,2,1,"[""N2/f3788""]","[7575,7576]"
3789,N2,2,1,"[""N2/f3789""]","[7577,7578]"
3790,N2,2,1,"[""N2/f3790""]","[7579,7580]"
3791,N2,2,1,"[""N2/f3791""]","[7581,7582]"
3792,N2,2,1,"[""N2/f3792""]","[7583,7584]"
3793,N2,2,1,"[""N2/f3793""]","[7585,7586]"
3794,N2,2,1,"[""N2/f3794""]","[7587,7588]"
3795,N2,2,1,"[""N2/f3795""]","[7589,7590]"
3796,N2,2,1,"[""N2/f3796""]","[7591,7592]"
3797,N2,2,1,"[""N2/f3797""]","[7593,7594]"
3798,N2,2,1,"[""N2/f3798""]","[7595,7596]"
3799,N2,2,1,"[""N2/f3799""]","[7597,7598]"
3800,N2,2,1,"[""N2/f3800""]","[7599,7600]"
3801,N2,2,1,"[""N2/f3801""]","[7601,7602]"
3802,N2,2,1,"[""N2/f3802""]","[7603,7604]"
3803,N2,2,1,"[""N2/f3803""]","[7605,7606]"
3804,N2,2,1,"[""N2/f3804""]","[7607,7608]"
3805,N2,2,1,"[""N2/f3805""]","[7609,7610]"
3806,N2,2,1,"[""N2/f3806""]","[7611,7612]"
3807,N2,2,1,"[""N2/f3807""]","[7613,7614]"
3808,N2,2,1,"[""N2/f3808""]","[7615,7616]"
3809,N2,2,1,"[""N2/f3809""]","[7617,7618]"
3810,N2,2,1,"[""N2/f3810""]","[7619,7620]"
3811,N2,2,1,"[""N2/f3811""]","[7621,7622]"
3812,N2,2,1,"[""N2/f3812""]","[7623,7624]"
3813,N2,2,1,"[""N2/f3813""]","[7625,7626]"
3814,N2,2,1,"[""N2/f3814""]","[7627,7628]"
3815,N2,2,1,"[""N2/f3815""]","[7629,7630]"
3816,N2,2,1,"[""N2/f3816""]","[7631,7632]"
3817,N2,2,1,"[""N2/f3817""]","[7633,7634]"
3818,N2,2,1,"[""N2/f3818""]","[7635,7636]"
3819,N2,2,1,"[""N2/f3819""]","[7637,7638]"
3820,N2,2,1,"[""N2/f3820""]","[7639,7640]"
3821,N2,2,1,"[""N2/f3821""]","[7641,7642]"
3822,N2,2,1,"[""N2/f3822""]","[7643,7644]"
3823,N2,2,1,"[""N2/f3823""]","[7645,7646]"
3824,N2,2,1,"[""N2/f3824""]","[7647,7648]"
3825,N2,2,1,"[""N2/f3825""]","[7649,7650]"
3826,N2,2,1,"[""N2/f3826""]","[7651,7652]"
3827,N2,2,1,"[""N2/f3827""]","[7653,7654]"
3828,N2,2,1,"[""N2/f3828""]","[7655,7656]"
3829,N2,2,1,"[""N2/f3829""]","[7657,7658]"
3830,N2,2,1,"[""N2/f3830""]","[7659,7660]"
3831,N2,2,1,"[""N2/f3831""]","[7661,7662]"
3832,N2,2,1,"[""N2/f3832""]","[7663,7664]"
3833,N2,2,1,"[""N2/f3833""]","[7665,7666]"
3834,N2,2,1,"[""N2/f3834""]","[7667,7668]"
3835,N2,2,1,"[""N2/f3835""]","[7669,7670]"
3836,N2,2,1,"[""N2/f3836""]","[7671,7672]"
3837,N2,2,1,"[""N2/f3837""]","[7673,7674]"
3838,N2,2,1,"[""N2/f3838""]","[7675,7676]"
3839,N2,2,1,"[""N2/f3839""]","[7677,7678]"
3840,N2,2,1,"[""N2/f3840""]","[7679,7680]"
3841,N2,2,1,"[""N2/f3841""]","[7681,7682]"
3842,N2,2,1,"[""N2/f3842""]","[7683,7684]"
3843,N2,2,1,"[""N2/f3843""]","[7685,7686]"
3844,N2,2,1,"[""N2/f3844""]","[7687,7688]"
3845,N2,2,1,"[""N2/f3845""]","[7689,7690]"
3846,N2,2,1,"[""N2/f3846""]","[7691,7692]"
3847,N2,2,1,"[""N2/f3847""]","[7693,7694]"
3848,N2,2,1,"[""N2/f3848""]","[7695,7696]"
3849,N2,2,1,"[""N2/f3849""]","[7697,7698]"
3850,N2,2,1,"[""N2/f3850""]","[7699,7700]"
3851,N2,2,1,"[""N2/f3851""]","[7701,7702]"
3852,N2,2,1,"[""N2/f3852""]","[7703,7704]"
3853,N2,2,1,"[""N2/f3853""]","[7705,7706]"
3854,N2,2,1,"[""N2/f3854""]","[7707,7708]"
3855,N2,2,1,"[""N2/f3855""]","[7709,7710]"
3856,N2,2,1,"[""N2/f3856""]","[7711,7712]"
3857,N2,2,1,"[""N2/f3857""]","[7713,7714]"
3858,N2,2,1,"[""N2/f3858""]","[7715,7716]"
3859,N2,2,1,"[""N2/f3859""]","[7717,7718]"
3860,N2,2,1,"[""N2/f3860""]","[7719,7720]"
3861,N2,2,1,"[""N2/f3861""]","[7721,7722]"
3862,N2,2,1,"[""N2/f3862""]","[7723,7724]"
3863,N2,2,1,"[""N2/f3863""]","[7725,7726]"
3864,N2,2,1,"[""N2/f3864""]","[7727,7728]"
3865,N2,2,1,"[""N2/f3865""]","[7729,7730]"
3866,N2,2,1,"[""N2/f3866""]","[7731,7732]"
3867,N2,2,1,"[""N2/f3867""]","[7733,7734]"
3868,N2,2,1,"[""N2/f3868""]","[7735,7736]"
3869,N2,2,1,"[""N2/f3869""]","[7737,7738]"
3870,N2,2,1,"[""N2/f3870""]","[7739,7740]"
3871,N2,2,1,"[""N2/f3871""]","[7741,7742]"
3872,N2,2,1,"[""N2/f3872""]","[7743,7744]"
3873,N2,2,1,"[""N2/f3873""]","[7745,7746]"
3874,N2,2,1,"[""N2/f3874""]","[7747,7748]"
3875,N2,2,1,"[""N2/f3875""]","[7749,7750]"
3876,N2,2,1,"[""N2/f3876""]","[7751,7752]"
3877,N2,2,1,"[""N2/f3877""]","[7753,7754]"
3878,N2,2,1,"[""N2/f3878""]","[7755,7756]"
3879,N2,2,1,"[""N2/f3879""]","[7757,7758]"
3880,N2,2,1,"[""N2/f3880""]","[7759,7760]"
3881,N2,2,1,"[""N2/f3881""]","[7761,7762]"
3882,N2,2,1,"[""N2/f3882""]","[7763,7764]"
3883,N2,2,1,"[""N2/f3883""]","[7765,7766]"
3884,N2,2,1,"[""N2/f3884""]","[7767,7768]"
3885,N2,2,1,"[""N2/f3885""]","[7769,7770]"
3886,N2,2,1,"[""N2/f3886""]","[7771,7772]"
3887,N2,2,1,"[""N2/f3887""]","[7773,7774]"
3888,N2,2,1,"[""N2/f3888""]","[7775,7776]"
3889,N2,2,1,"[""N2/f3889""]","[7777,7778]"
3890,N2,2,1,"[""N2/f3890""]","[7779,7780]"
3891,N2,2,1,"[""N2/f3891""]","[7781,7782]"
3892,N2,2,1,"[""N2/f3892""]","[7783,7784]"
3893,N2,2,1,"[""N2/f3893""]","[7785,7786]"
3894,N2,2,1,"[""N2/f3894""]","[7787,7788]"
3895,N2,2,1,"[""N2/f3895""]","[7789,7790]"
3896,N2,2,1,"[""N2/f3896""]","[7791,7792]"
3897,N2,2,1,"[""N2/f3897""]","[7793,7794]"
3898,N2,2,1,"[""N2/f3898""]","[7795,7796]"
3899,N2,2,1,"[""N2/f3899""]","[7797,7798]"
3900,N2,2,1,"[""N2/f3900""]","[7799,7800]"
3901,N2,2,1,"[""N2/f3901""]","[7801,7802]"
3902,N2,2,1,"[""N2/f3902""]","[7803,7804]"
3903,N2,2,1,"[""N2/f3903""]","[7805,7806]"
3904,N2,2,1,"[""N2/f3904""]","[7807,7808]"
3905,N2,2,1,"[""N2/f3905""]","[7809,7810]"
3906,N2,2,1,"[""N2/f3906""]","[7811,7812]"
3907,N2,2,1,"[""N2/f3907""]","[7813,7814]"
3908,N2,2,1,"[""N2/f3908""]","[7815,7816]"
3909,N2,2,1,"[""N2/f3909""]","[7817,7818]"
3910,N2,2,1,"[""N2/f3910""]","[7819,7820]"
3911,N2,2,1,"[""N2/f3911""]","[7821,7822]"
3912,N2,2,1,"[""N2/f3912""]","[7823,7824]"
3913,N2,2,1,"[""N2/f3913""]","[7825,7826]"
3914,N2,2,1,"[""N2/f3914""]","[7827,7828]"
3915,N2,2,1,"[""N2/f3915""]","[7829,7830]"
3916,N2,2,1,"[""N2/f3916""]","[7831,7832]"
3917,N2,2,1,"[""N2/f3917""]","[7833,7834]"
3918,N2,2,1,"[""N2/f3918""]","[7835,7836]"
3919,N2,2,1,"[""N2/f3919""]","[7837,7838]"
3920,N2,2,1,"[""N2/f3920""]","[7839,7840]"
3921,N2,2,1,"[""N2/f3921""]","[7841,7842]"
3922,N2,2,1,"[""N2/f3922""]","[7843,7844]"
3923,N2,2,1,"[""N2/f3923""]","[7845,7846]"
3924,N2,2,1,"[""N2/f3924""]","[7847,7848]"
3925,N2,2,1,"[""N2/f3925""]","[7849,7850]"
3926,N2,2,1,"[""N2/f3926""]","[7851,7852]"
3927,N2,2,1,"[""N2/f3927""]","[7853,7854]"
3928,N2,2,1,"[""N2/f3928""]","[7855,7856]"
3929,N2,2,1,"[""N2/f3929""]","[7857,7858]"
3930,N2,2,1,"[""N2/f3930""]","[7859,7860]"
3931,N2,2,1,"[""N2/f3931""]","[7861,7862]"
3932,N2,2,1,"[""N2/f3932""]","[7863,7864]"
3933,N2,2,1,"[""N2/f3933""]","[7865,7866]"
3934,N2,2,1,"[""N2/f3934""]","[7867,7868]"
3935,N2,2,1,"[""N2/f3935""]","[7869,7870]"
3936,N2,2,1,"[""N2/f3936""]","[7871,7872]"
3937,N2,2,1,"[""N2/f3937""]","[7873,7874]"
3938,N2,2,1,"[""N2/f3938""]","[7875,7876]"
3939,N2,2,1,"[""N2/f3939""]","[7877,7878]"
3940,N2,2,1,"[""N2/f3940""]","[7879,7880]"
3941,N2,2,1,"[""N2/f3941""]","[7881,7882]"
3942,N2,2,1,"[""N2/f3942""]","[7883,7884]"
3943,N2,2,1,"[""N2/f3943""]","[7885,7886]"
3944,N2,2,1,"[""N2/f3944""]","[7887,7888]"
3945,N2,2,1,"[""N2/f3945""]","[7889,7890]"
3946,N2,2,1,"[""N2/f3946""]","[7891,7892]"
3947,N2,2,1,"[""N2/f3947""]","[7893,7894]"
3948,N2,2,1,"[""N2/f3948""]","[7895,7896]"
3949,N2,2,1,"[""N2/f3949""]","[7897,7898]"
3950,N2,2,1,"[""N2/f3950""]","[7899,7900]"
3951,N2,2,1,"[""N2/f3951""]","[7901,7902]"
3952,N2,2,1,"[""N2/f3952""]","[7903,7904]"
3953,N2,2,1,"[""N2/f3953""]","[7905,7906]"
3954,N2,2,1,"[""N2/f3954""]","[7907,7908]"
3955,N2,2,1,"[""N2/f3955""]","[7909,7910]"
3956,N2,2,1,"[""N2/f3956""]","[7911,7912]"
3957,N2,2,1,"[""N2/f3957""]","[7913,7914]"
3958,N2,2,1,"[""N2/f3958""]","[7915,7916]"
3959,N2,2,1,"[""N2/f3959""]","[7917,7918]"
3960,N2,2,1,"[""N2/f3960""]","[7919,7920]"
3961,N2,2,1,"[""N2/f3961""]","[7921,7922]"
3962,N2,2,1,"[""N2/f3962""]","[7923,7924]"
3963,N2,2,1,"[""N2/f3963""]","[7925,7926]"
3964,N2,2,1,"[""N2/f3964""]","[7927,7928]"
3965,N2,2,1,"[""N2/f3965""]","[7929,7930]"
3966,N2,2,1,"[""N2/f3966""]","[7931,7932]"
3967,N2,2,1,"[""N2/f3967""]","[7933,7934]"
3968,N2,2,1,"[""N2/f3968""]","[7935,7936]"
3969,N2,2,1,"[""N2/f3969""]","[7937,7938]"
3970,N2,2,1,"[""N2/f3970""]","[7939,7940]"
3971,N2,2,1,"[""N2/f3971""]","[7941,7942]"
3972,N2,2,1,"[""N2/f3972""]","[7943,7944]"
3973,N2,2,1,"[""N2/f3973""]","[7945,7946]"
3974,N2,2,1,"[""N2/f3974""]","[7947,7948]"
3975,N2,2,1,"[""N2/f3975""]","[7949,7950]"
3976,N2,2,1,"[""N2/f3976""]","[7951,7952]"
3977,N2,2,1,"[""N2/f3977""]","[7953,7954]"
3978,N2,2,1,"[""N2/f3978""]","[7955,7956]"
3979,N2,2,1,"[""N2/f3979""]","[7957,7958]"
3980,N2,2,1,"[""N2/f3980""]","[7959,7960]"
3981,N2,2,1,"[""N2/f3981""]","[7961,7962]"
3982,N2,2,1,"[""N2/f3982""]","[7963,7964]"
3983,N2,2,1,"[""N2/f3983""]","[7965,7966]"
3984,N2,2,1,"[""N2/f3984""]","[7967,7968]"
3985,N2,2,1,"[""N2/f3985""]","[7969,7970]"
3986,N2,2,1,"[""N2/f3986""]","[7971,7972]"
3987,N2,2,1,"[""N2/f3987""]","[7973,7974]"
3988,N2,2,1,"[""N2/f3988""]","[7975,7976]"
3989,N2,2,1,"[""N2/f3989""]","[7977,7978]"
3990,N2,2,1,"[""N2/f3990""]","[7979,7980]"
3991,N2,2,1,"[""N2/f3991""]","[7981,7982]"
3992,N2,2,1,"[""N2/f3992""]","[7983,7984]"
3993,N2,2,1,"[""N2/f3993""]","[7985,7986]"
3994,N2,2,1,"[""N2/f3994""]","[7987,7988]"
3995,N2,2,1,"[""N2/f3995""]","[7989,7990]"
3996,N2,2,1,"[""N2/f3996""]","[7991,7992]"
3997,N2,2,1,"[""N2/f3997""]","[7993,7994]"
3998,N2,2,1,"[""N2/f3998""]","[7995,7996]"
3999,N2,2,1,"[""N2/f3999""]","[7997,7998]"
4000,N2,2,1,"[""N2/f4000""]","[7999,8000]"
4001,N2,2,1,"[""N2/f4001""]","[8001,8002]"
4002,N2,2,1,"[""N2/f4002""]","[8003,8004]"
4003,N2,2,1,"[""N2/f4003""]","[8005,8006]"
4004,N2,2,1,"[""N2/f4004""]","[8007,8008]"
4005,N2,2,1,"[""N2/f4005""]","[8009,8010]"
4006,N2,2,1,"[""N2/f4006""]","[8011,8012]"
4007,N2,2,1,"[""N2/f4007""]","[8013,8014]"
4008,N2,2,1,"[""N2/f4008""]","[8015,8016]"
4009,N2,2,1,"[""N2/f4009""]","[8017,8018]"
4010,N2,2,1,"[""N2/f4010""]","[8019,8020]"
4011,N2,2,1,"[""N2/f4011""]","[8021,8022]"
4012,N2,2,1,"[""N2/f4012""]","[8023,8024]"
4013,N2,2,1,"[""N2/f4013""]","[8025,8026]"
4014,N2,2,1,"[""N2/f4014""]","[8027,8028]"
4015,N2,2,1,"[""N2/f4015""]","[8029,8030]"
4016,N2,2,1,"[""N2/f4016""]","[8031,8032]"
4017,N2,2,1,"[""N2/f4017""]","[8033,8034]"
4018,N2,2,1,"[""N2/f4018""]","[8035,8036]"
4019,N2,2,1,"[""N2/f4019""]","[8037,8038]"
4020,N2,2,1,"[""N2/f4020""]","[8039,8040]"
4021,N2,2,1,"[""N2/f4021""]","[8041,8042]"
4022,N2,2,1,"[""N2/f4022""]","[8043,8044]"
4023,N2,2,1,"[""N2/f4023""]","[8045,8046]"
4024,N2,2,1,"[""N2/f4024""]","[8047,8048]"
4025,N2,2,1,"[""N2/f4025""]","[8049,8050]"
4026,N2,2,1,"[""N2/f4026""]","[8051,8052]"
4027,N2,2,1,"[""N2/f4027""]","[8053,8054]"
4028,N2,2,1,"[""N2/f4028""]","[8055,8056]"
4029,N2,2,1,"[""N2/f4029""]","[8057,8058]"
4030,N2,2,1,"[""N2/f4030""]","[8059,8060]"
4031,N2,2,1,"[""N2/f4031""]","[8061,8062]"
4032,N2,2,1,"[""N2/f4032""]","[8063,8064]"
4033,N2,2,1,"[""N2/f4033""]","[8065,8066]"
4034,N2,2,1,"[""N2/f4034""]","[8067,8068]"
4035,N2,2,1,"[""N2/f4035""]","[8069,8070]"
4036,N2,2,1,"[""N2/f4036""]","[8071,8072]"
4037,N2,2,1,"[""N2/f4037""]","[8073,8074]"
4038,N2,2,1,"[""N2/f4038""]","[8075,8076]"
4039,N2,2,1,"[""N2/f4039""]","[8077,8078]"
4040,N2,2,1,"[""N2/f4040""]","[8079,8080]"
4041,N2,2,1,"[""N2/f4041""]","[8081,8082]"
4042,N2,2,1,"[""N2/f4042""]","[8083,8084]"
4043,N2,2,1,"[""N2/f4043""]","[8085,8086]"
4044,N2,2,1,"[""N2/f4044""]","[8087,8088]"
4045,N2,2,1,"[""N2/f4045""]","[8089,8090]"
4046,N2,2,1,"[""N2/f4046""]","[8091,8092]"
4047,N2,2,1,"[""N2/f4047""]","[8093,8094]"
4048,N2,2,1,"[""N2/f4048""]","[8095,8096]"
4049,N2,2,1,"[""N2/f4049""]","[8097,8098]"
4050,N2,2,1,"[""N2/f4050""]","[8099,8100]"
4051,N2,2,1,"[""N2/f4051""]","[8101,8102]"
4052,N2,2,1,"[""N2/f4052""]","[8103,8104]"
4053,N2,2,1,"[""N2/f4053""]","[8105,8106]"
4054,N2,2,1,"[""N2/f4054""]","[8107,8108]"
4055,N2,2,1,"[""N2/f4055""]","[8109,8110]"
4056,N2,2,1,"[""N2/f4056""]","[8111,8112]"
4057,N2,2,1,"[""N2/f4057""]","[8113,8114]"
4058,N2,2,1,"[""N2/f4058""]","[8115,8116]"
4059,N2,2,1,"[""N2/f4059""]","[8117,8118]"
4060,N2,2,1,"[""N2/f4060""]","[8119,8120]"
4061,N2,2,1,"[""N2/f4061""]","[8121,8122]"
4062,N2,2,1,"[""N2/f4062""]","[8123,8124]"
4063,N2,2,1,"[""N2/f4063""]","[8125,8126]"
4064,N2,2,1,"[""N2/f4064""]","[8127,8128]"
4065,N2,2,1,"[""N2/f4065""]","[8129,8130]"
4066,N2,2,1,"[""N2/f4066""]","[8131,8132]"
4067,N2,2,1,"[""N2/f4067""]","[8133,8134]"
4068,N2,2,1,"[""N2/f4068""]","[8135,8136]"
4069,N2,2,1,"[""N2/f4069""]","[8137,8138]"
4070,N2,2,1,"[""N2/f4070""]","[8139,8140]"
4071,N2,2,1,"[""N2/f4071""]","[8141,8142]"
4072,N2,2,1,"[""N2/f4072""]","[8143,8144]"
4073,N2,2,1,"[""N2/f4073""]","[8145,8146]"
4074,N2,2,1,"[""N2/f4074""]","[8147,8148]"
4075,N2,2,1,"[""N2/f4075""]","[8149,8150]"
4076,N2,2,1,"[""N2/f4076""]","[8151,8152]"
4077,N2,2,1,"[""N2/f4077""]","[8153,8154]"
4078,N2,2,1,"[""N2/f4078""]","[8155,8156]"
4079,N2,2,1,"[""N2/f4079""]","[8157,8158]"
4080,N2,2,1,"[""N2/f4080""]","[8159,8160]"
4081,N2,2,1,"[""N2/f4081""]","[8161,8162]"
4082,N2,2,1,"[""N2/f4082""]","[8163,8164]"
4083,N2,2,1,"[""N2/f4083""]","[8165,8166]"
4084,N2,2,1,"[""N2/f4084""]","[8167,8168]"
4085,N2,2,1,"[""N2/f4085""]","[8169,8170]"
4086,N2,2,1,"[""N2/f4086""]","[8171,8172]"
4087,N2,2,1,"[""N2/f4087""]","[8173,8174]"
4088,N2,2,1,"[""N2/f4088""]","[8175,8176]"
4089,N2,2,1,"[""N2/f4089""]","[8177,8178]"
4090,N2,2,1,"[""N2/f4090""]","[8179,8180]"
4091,N2,2,1,"[""N2/f4091""]","[8181,8182]"
4092,N2,2,1,"[""N2/f4092""]","[8183,8184]"
4093,N2,2,1,"[""N2/f4093""]","[8185,8186]"
4094,N2,2,1,"[""N2/f4094""]","[8187,8188]"
4095,N2,2,1,"[""N2/f4095""]","[8189,8190]"
4096,N2,2,1,"[""N2/f4096""]","[8191,8192]"
4097,N2,2,1,"[""N2/f4097""]","[8193,8194]"
4098,N2,2,1,"[""N2/f4098""]","[8195,8196]"
4099,N2,2,1,"[""N2/f4099""]","[8197,8198]"
4100,N2,2,1,"[""N2/f4100""]","[8199,8200]"
4101,N2,2,1,"[""N2/f4101""]","[8201,8202]"
4102,N2,2,1,"[""N2/f4102""]","[8203,8204]"
4103,N2,2,1,"[""N2/f4103""]","[8205,8206]"
4104,N2,2,1,"[""N2/f4104""]","[8207,8208]"
4105,N2,2,1,"[""N2/f4105""]","[8209,8210]"
4106,N2,2,1,"[""N2/f4106""]","[8211,8212]"
4107,N2,2,1,"[""N2/f4107""]","[8213,8214]"
4108,N2,2,1,"[""N2/f4108""]","[8215,8216]"
4109,N2,2,1,"[""N2/f4109""]","[8217,8218]"
4110,N2,2,1,"[""N2/f4110""]","[8219,8220]"
4111,N2,2,1,"[""N2/f4111""]","[8221,8222]"
4112,N2,2,1,"[""N2/f4112""]","[8223,8224]"
4113,N2,2,1,"[""N2/f4113""]","[8225,8226]"
4114,N2,2,1,"[""N2/f4114""]","[8227,8228]"
4115,N2,2,1,"[""N2/f4115""]","[8229,8230]"
4116,N2,2,1,"[""N2/f4116""]","[8231,8232]"
4117,N2,2,1,"[""N2/f4117""]","[8233,8234]"
4118,N2,2,1,"[""N2/f4118""]","[8235,8236]"
4119,N2,2,1,"[""N2/f4119""]","[8237,8238]"
4120,N2,2,1,"[""N2/f4120""]","[8239,8240]"
4121,N2,2,1,"[""N2/f4121""]","[8241,8242]"
4122,N2,2,1,"[""N2/f4122""]","[8243,8244]"
4123,N2,2,1,"[""N2/f4123""]","[8245,8246]"
4124,N2,2,1,"[""N2/f4124""]","[8247,8248]"
4125,N2,2,1,"[""N2/f4125""]","[8249,8250]"
4126,N2,2,1,"[""N2/f4126""]","[8251,8252]"
4127,N2,2,1,"[""N2/f4127""]","[8253,8254]"
4128,N2,2,1,"[""N2/f4128""]","[8255,8256]"
4129,N2,2,1,"[""N2/f4129""]","[8257,8258]"
4130,N2,2,1,"[""N2/f4130""]","[8259,8260]"
4131,N2,2,1,"[""N2/f4131""]","[8261,8262]"
4132,N2,2,1,"[""N2/f4132""]","[8263,8264]"
4133,N2,2,1,"[""N2/f4133""]","[8265,8266]"
4134,N2,2,1,"[""N2/f4134""]","[8267,8268]"
4135,N2,2,1,"[""N2/f4135""]","[8269,8270]"
4136,N2,2,1,"[""N2/f4136""]","[8271,8272]"
4137,N2,2,1,"[""N2/f4137""]","[8273,8274]"
4138,N2,2,1,"[""N2/f4138""]","[8275,8276]"
4139,N2,2,1,"[""N2/f4139""]","[8277,8278]"
4140,N2,2,1,"[""N2/f4140""]","[8279,8280]"
4141,N2,2,1,"[""N2/f4141""]","[8281,8282]"
4142,N2,2,1,"[""N2/f4142""]","[8283,8284]"
4143,N2,2,1,"[""N2/f4143""]","[8285,8286]"
4144,N2,2,1,"[""N2/f4144""]","[8287,8288]"
4145,N2,2,1,"[""N2/f4145""]","[8289,8290]"
4146,N2,2,1,"[""N2/f4146""]","[8291,8292]"
4147,N2,2,1,"[""N2/f4147""]","[8293,8294]"
4148,N2,2,1,"[""N2/f4148""]","[8295,8296]"
4149,N2,2,1,"[""N2/f4149""]","[8297,8298]"
4150,N2,2,1,"[""N2/f4150""]","[8299,8300]"
4151,N2,2,1,"[""N2/f4151""]","[8301,8302]"
4152,N2,2,1,"[""N2/f4152""]","[8303,8304]"
4153,N2,2,1,"[""N2/f4153""]","[8305,8306]"
4154,N2,2,1,"[""N2/f4154""]","[8307,8308]"
4155,N2,2,1,"[""N2/f4155""]","[8309,8310]"
4156,N2,2,1,"[""N2/f4156""]","[8311,8312]"
4157,N2,2,1,"[""N2/f4157""]","[8313,8314]"
4158,N2,2,1,"[""N2/f4158""]","[8315,8316]"
4159,N2,2,1,"[""N2/f4159""]","[8317,8318]"
4160,N2,2,1,"[""N2/f4160""]","[8319,8320]"
4161,N2,2,1,"[""N2/f4161""]","[8321,8322]"
4162,N2,2,1,"[""N2/f4162""]","[8323,8324]"
4163,N2,2,1,"[""N2/f4163""]","[8325,8326]"
4164,N2,2,1,"[""N2/f4164""]","[8327,8328]"
4165,N2,2,1,"[""N2/f4165""]","[8329,8330]"
4166,N2,2,1,"[""N2/f4166""]","[8331,8332]"
4167,N2,2,1,"[""N2/f4167""]","[8333,8334]"
4168,N2,2,1,"[""N2/f4168""]","[8335,8336]"
4169,N2,2,1,"[""N2/f4169""]","[8337,8338]"
4170,N2,2,1,"[""N2/f4170""]","[8339,8340]"
4171,N2,2,1,"[""N2/f4171""]","[8341,8342]"
4172,N2,2,1,"[""N2/f4172""]","[8343,8344]"
4173,N2,2,1,"[""N2/f4173""]","[8345,8346]"
4174,N2,2,1,"[""N2/f4174""]","[8347,8348]"
4175,N2,2,1,"[""N2/f4175""]","[8349,8350]"
4176,N2,2,1,"[""N2/f4176""]","[8351,8352]"
4177,N2,2,1,"[""N2/f4177""]","[8353,8354]"
4178,N2,2,1,"[""N2/f4178""]","[8355,8356]"
4179,N2,2,1,"[""N2/f4179""]","[8357,8358]"
4180,N2,2,1,"[""N2/f4180""]","[8359,8360]"
4181,N2,2,1,"[""N2/f4181""]","[8361,8362]"
4182,N2,2,1,"[""N2/f4182""]","[8363,8364]"
4183,N2,2,1,"[""N2/f4183""]","[8365,8366]"
4184,N2,2,1,"[""N2/f4184""]","[8367,8368]"
4185,N2,2,1,"[""N2/f4185""]","[8369,8370]"
4186,N2,2,1,"[""N2/f4186""]","[8371,8372]"
4187,N2,2,1,"[""N2/f4187""]","[8373,8374]"
4188,N2,2,1,"[""N2/f4188""]","[8375,8376]"
4189,N2,2,1,"[""N2/f4189""]","[8377,8378]"
4190,N2,2,1,"[""N2/f4190""]","[8379,8380]"
4191,N2,2,1,"[""N2/f4191""]","[8381,8382]"
4192,N2,2,1,"[""N2/f4192""]","[8383,8384]"
4193,N2,2,1,"[""N2/f4193""]","[8385,8386]"
4194,N2,2,1,"[""N2/f4194""]","[8387,8388]"
4195,N2,2,1,"[""N2/f4195""]","[8389,8390]"
4196,N2,2,1,"[""N2/f4196""]","[8391,8392]"
4197,N2,2,1,"[""N2/f4197""]","[8393,8394]"
4198,N2,2,1,"[""N2/f4198""]","[8395,8396]"
4199,N2,2,1,"[""N2/f4199""]","[8397,8398]"
4200,N2,2,1,"[""N2/f4200""]","[8399,8400]"
4201,N2,2,1,"[""N2/f4201""]","[8401,8402]"
4202,N2,2,1,"[""N2/f4202""]","[8403,8404]"
4203,N2,2,1,"[""N2/f4203""]","[8405,8406]"
4204,N2,2,1,"[""N2/f4204""]","[8407,8408]"
4205,N2,2,1,"[""N2/f4205""]","[8409,8410]"
4206,N2,2,1,"[""N2/f4206""]","[8411,8412]"
4207,N2,2,1,"[""N2/f4207""]","[8413,8414]"
4208,N2,2,1,"[""N2/f4208""]","[8415,8416]"
4209,N2,2,1,"[""N2/f4209""]","[8417,8418]"
4210,N2,2,1,"[""N2/f4210""]","[8419,8420]"
4211,N2,2,1,"[""N2/f4211""]","[8421,8422]"
4212,N2,2,1,"[""N2/f4212""]","[8423,8424]"
4213,N2,2,1,"[""N2/f4213""]","[8425,8426]"
4214,N2,2,1,"[""N2/f4214""]","[8427,8428]"
4215,N2,2,1,"[""N2/f4215""]","[8429,8430]"
4216,N2,2,1,"[""N2/f4216""]","[8431,8432]"
4217,N2,2,1,"[""N2/f4217""]","[8433,8434]"
4218,N2,2,1,"[""N2/f4218""]","[8435,8436]"
4219,N2,2,1,"[""N2/f4219""]","[8437,8438]"
4220,N2,2,1,"[""N2/f4220""]","[8439,8440]"
4221,N2,2,1,"[""N2/f4221""]","[8441,8442]"
4222,N2,2,1,"[""N2/f4222""]","[8443,8444]"
4223,N2,2,1,"[""N2/f4223""]","[8445,8446]"
4224,N2,2,1,"[""N2/f4224""]","[8447,8448]"
4225,N2,2,1,"[""N2/f4225""]","[8449,8450]"
4226,N2,2,1,"[""N2/f4226""]","[8451,8452]"
4227,N2,2,1,"[""N2/f4227""]","[8453,8454]"
4228,N2,2,1,"[""N2/f4228""]","[8455,8456]"
4229,N2,2,1,"[""N2/f4229""]","[8457,8458]"
4230,N2,2,1,"[""N2/f4230""]","[8459,8460]"
4231,N2,2,1,"[""N2/f4231""]","[8461,8462]"
4232,N2,2,1,"[""N2/f4232""]","[8463,8464]"
4233,N2,2,1,"[""N2/f4233""]","[8465,8466]"
4234,N2,2,1,"[""N2/f4234""]","[8467,8468]"
4235,N2,2,1,"[""N2/f4235""]","[8469,8470]"
4236,N2,2,1,"[""N2/f4236""]","[8471,8472]"
4237,N2,2,1,"[""N2/f4237""]","[8473,8474]"
4238,N2,2,1,"[""N2/f4238""]","[8475,8476]"
4239,N2,2,1,"[""N2/f4239""]","[8477,8478]"
4240,N2,2,1,"[""N2/f4240""]","[8479,8480]"
4241,N2,2,1,"[""N2/f4241""]","[8481,8482]"
4242,N2,2,1,"[""N2/f4242""]","[8483,8484]"
4243,N2,2,1,"[""N2/f4243""]","[8485,8486]"
4244,N2,2,1,"[""N2/f4244""]","[8487,8488]"
4245,N2,2,1,"[""N2/f4245""]","[8489,8490]"
4246,N2,2,1,"[""N2/f4246""]","[8491,8492]"
4247,N2,2,1,"[""N2/f4247""]","[8493,8494]"
4248,N2,2,1,"[""N2/f4248""]","[8495,8496]"
4249,N2,2,1,"[""N2/f4249""]","[8497,8498]"
4250,N2,2,1,"[""N2/f4250""]","[8499,8500]"
4251,N2,2,1,"[""N2/f4251""]","[8501,8502]"
4252,N2,2,1,"[""N2/f4252""]","[8503,8504]"
4253,N2,2,1,"[""N2/f4253""]","[8505,8506]"
4254,N2,2,1,"[""N2/f4254""]","[8507,8508]"
4255,N2,2,1,"[""N2/f4255""]","[8509,8510]"
4256,N2,2,1,"[""N2/f4256""]","[8511,8512]"
4257,N2,2,1,"[""N2/f4257""]","[8513,8514]"
4258,N2,2,1,"[""N2/f4258""]","[8515,8516]"
4259,N2,2,1,"[""N2/f4259""]","[8517,8518]"
4260,N2,2,1,"[""N2/f4260""]","[8519,8520]"
4261,N2,2,1,"[""N2/f4261""]","[8521,8522]"
4262,N2,2,1,"[""N2/f4262""]","[8523,8524]"
4263,N2,2,1,"[""N2/f4263""]","[8525,8526]"
4264,N2,2,1,"[""N2/f4264""]","[8527,8528]"
4265,N2,2,1,"[""N2/f4265""]","[8529,8530]"
4266,N2,2,1,"[""N2/f4266""]","[8531,8532]"
4267,N2,2,1,"[""N2/f4267""]","[8533,8534]"
4268,N2,2,1,"[""N2/f4268""]","[8535,8536]"
4269,N2,2,1,"[""N2/f4269""]","[8537,8538]"
4270,N2,2,1,"[""N2/f4270""]","[8539,8540]"
4271,N2,2,1,"[""N2/f4271""]","[8541,8542]"
4272,N2,2,1,"[""N2/f4272""]","[8543,8544]"
4273,N2,2,1,"[""N2/f4273""]","[8545,8546]"
4274,N2,2,1,"[""N2/f4274""]","[8547,8548]"
4275,N2,2,1,"[""N2/f4275""]","[8549,8550]"
4276,N2,2,1,"[""N2/f4276""]","[8551,8552]"
4277,N2,2,1,"[""N2/f4277""]","[8553,8554]"
4278,N2,2,1,"[""N2/f4278""]","[8555,8556]"
4279,N2,2,1,"[""N2/f4279""]","[8557,8558]"
4280,N2,2,1,"[""N2/f4280""]","[8559,8560]"
4281,N2,2,1,"[""N2/f4281""]","[8561,8562]"
4282,N2,2,1,"[""N2/f4282""]","[8563,8564]"
4283,N2,2,1,"[""N2/f4283""]","[8565,8566]"
4284,N2,2,1,"[""N2/f4284""]","[8567,8568]"
4285,N2,2,1,"[""N2/f4285""]","[8569,8570]"
4286,N2,2,1,"[""N2/f4286""]","[8571,8572]"
4287,N2,2,1,"[""N2/f4287""]","[8573,8574]"
4288,N2,2,1,"[""N2/f4288""]","[8575,8576]"
4289,N2,2,1,"[""N2/f4289""]","[8577,8578]"
4290,N2,2,1,"[""N2/f4290""]","[8579,8580]"
4291,N2,2,1,"[""N2/f4291""]","[8581,8582]"
4292,N2,2,1,"[""N2/f4292""]","[8583,8584]"
4293,N2,2,1,"[""N2/f4293""]","[8585,8586]"
4294,N2,2,1,"[""N2/f4294""]","[8587,8588]"
4295,N2,2,1,"[""N2/f4295""]","[8589,8590]"
4296,N2,2,1,"[""N2/f4296""]","[8591,8592]"
4297,N2,2,1,"[""N2/f4297""]","[8593,8594]"
4298,N2,2,1,"[""N2/f4298""]","[8595,8596]"
4299,N2,2,1,"[""N2/f4299""]","[8597,8598]"
4300,N2,2,1,"[""N2/f4300""]","[8599,8600]"
4301,N2,2,1,"[""N2/f4301""]","[8601,8602]"
4302,N2,2,1,"[""N2/f4302""]","[8603,8604]"
4303,N2,2,1,"[""N2/f4303""]","[8605,8606]"
4304,N2,2,1,"[""N2/f4304""]","[8607,8608]"
4305,N2,2,1,"[""N2/f4305""]","[8609,8610]"
4306,N2,2,1,"[""N2/f4306""]","[8611,8612]"
4307,N2,2,1,"[""N2/f4307""]","[8613,8614]"
4308,N2,2,1,"[""N2/f4308""]","[8615,8616]"
4309,N2,2,1,"[""N2/f4309""]","[8617,8618]"
4310,N2,2,1,"[""N2/f4310""]","[8619,8620]"
4311,N2,2,1,"[""N2/f4311""]","[8621,8622]"
4312,N2,2,1,"[""N2/f4312""]","[8623,8624]"
4313,N2,2,1,"[""N2/f4313""]","[8625,8626]"
4314,N2,2,1,"[""N2/f4314""]","[8627,8628]"
4315,N2,2,1,"[""N2/f4315""]","[8629,8630]"
4316,N2,2,1,"[""N2/f4316""]","[8631,8632]"
4317,N2,2,1,"[""N2/f4317""]","[8633,8634]"
4318,N2,2,1,"[""N2/f4318""]","[8635,8636]"
4319,N2,2,1,"[""N2/f4319""]","[8637,8638]"
4320,N2,2,1,"[""N2/f4320""]","[8639,8640]"
4321,N2,2,1,"[""N2/f4321""]","[8641,8642]"
4322,N2,2,1,"[""N2/f4322""]","[8643,8644]"
4323,N2,2,1,"[""N2/f4323""]","[8645,8646]"
4324,N2,2,1,"[""N2/f4324""]","[8647,8648]"
4325,N2,2,1,"[""N2/f4325""]","[8649,8650]"
4326,N2,2,1,"[""N2/f4326""]","[8651,8652]"
4327,N2,2,1,"[""N2/f4327""]","[8653,8654]"
4328,N2,2,1,"[""N2/f4328""]","[8655,8656]"
4329,N2,2,1,"[""N2/f4329""]","[8657,8658]"
4330,N2,2,1,"[""N2/f4330""]","[8659,8660]"
4331,N2,2,1,"[""N2/f4331""]","[8661,8662]"
4332,N2,2,1,"[""N2/f4332""]","[8663,8664]"
4333,N2,2,1,"[""N2/f4333""]","[8665,8666]"
4334,N2,2,1,"[""N2/f4334""]","[8667,8668]"
4335,N2,2,1,"[""N2/f4335""]","[8669,8670]"
4336,N2,2,1,"[""N2/f4336""]","[8671,8672]"
4337,N2,2,1,"[""N2/f4337""]","[8673,8674]"
4338,N2,2,1,"[""N2/f4338""]","[8675,8676]"
4339,N2,2,1,"[""N2/f4339""]","[8677,8678]"
4340,N2,2,1,"[""N2/f4340""]","[8679,8680]"
4341,N2,2,1,"[""N2/f4341""]","[8681,8682]"
4342,N2,2,1,"[""N2/f4342""]","[8683,8684]"
4343,N2,2,1,"[""N2/f4343""]","[8685,8686]"
4344,N2,2,1,"[""N2/f4344""]","[8687,8688]"
4345,N2,2,1,"[""N2/f4345""]","[8689,8690]"
4346,N2,2,1,"[""N2/f4346""]","[8691,8692]"
4347,N2,2,1,"[""N2/f4347""]","[8693,8694]"
4348,N2,2,1,"[""N2/f4348""]","[8695,8696]"
4349,N2,2,1,"[""N2/f4349""]","[8697,8698]"
4350,N2,2,1,"[""N2/f4350""]","[8699,8700]"
4351,N2,2,1,"[""N2/f4351""]","[8701,8702]"
4352,N2,2,1,"[""N2/f4352""]","[8703,8704]"
4353,N2,2,1,"[""N2/f4353""]","[8705,8706]"
4354,N2,2,1,"[""N2/f4354""]","[8707,8708]"
4355,N2,2,1,"[""N2/f4355""]","[8709,8710]"
4356,N2,2,1,"[""N2/f4356""]","[8711,8712]"
4357,N2,2,1,"[""N2/f4357""]","[8713,8714]"
4358,N2,2,1,"[""N2/f4358""]","[8715,8716]"
4359,N2,2,1,"[""N2/f4359""]","[8717,8718]"
4360,N2,2,1,"[""N2/f4360""]","[8719,8720]"
4361,N2,2,1,"[""N2/f4361""]","[8721,8722]"
4362,N2,2,1,"[""N2/f4362""]","[8723,8724]"
4363,N2,2,1,"[""N2/f4363""]","[8725,8726]"
4364,N2,2,1,"[""N2/f4364""]","[8727,8728]"
4365,N2,2,1,"[""N2/f4365""]","[8729,8730]"
4366,N2,2,1,"[""N2/f4366""]","[8731,8732]"
4367,N2,2,1,"[""N2/f4367""]","[8733,8734]"
4368,N2,2,1,"[""N2/f4368""]","[8735,8736]"
4369,N2,2,1,"[""N2/f4369""]","[8737,8738]"
4370,N2,2,1,"[""N2/f4370""]","[8739,8740]"
4371,N2,2,1,"[""N2/f4371""]","[8741,8742]"
4372,N2,2,1,"[""N2/f4372""]","[8743,8744]"
4373,N2,2,1,"[""N2/f4373""]","[8745,8746]"
4374,N2,2,1,"[""N2/f4374""]","[8747,8748]"
4375,N2,2,1,"[""N2/f4375""]","[8749,8750]"
4376,N2,2,1,"[""N2/f4376""]","[8751,8752]"
4377,N2,2,1,"[""N2/f4377""]","[8753,8754]"
4378,N2,2,1,"[""N2/f4378""]","[8755,8756]"
4379,N2,2,1,"[""N2/f4379""]","[8757,8758]"
4380,N2,2,1,"[""N2/f4380""]","[8759,8760]"
4381,N2,2,1,"[""N2/f4381""]","[8761,8762]"
4382,N2,2,1,"[""N2/f4382""]","[8763,8764]"
4383,N2,2,1,"[""N2/f4383""]","[8765,8766]"
4384,N2,2,1,"[""N2/f4384""]","[8767,8768]"
4385,N2,2,1,"[""N2/f4385""]","[8769,8770]"
4386,N2,2,1,"[""N2/f4386""]","[8771,8772]"
4387,N2,2,1,"[""N2/f4387""]","[8773,8774]"
4388,N2,2,1,"[""N2/f4388""]","[8775,8776]"
4389,N2,2,1,"[""N2/f4389""]","[8777,8778]"
4390,N2,2,1,"[""N2/f4390""]","[8779,8780]"
4391,N2,2,1,"[""N2/f4391""]","[8781,8782]"
4392,N2,2,1,"[""N2/f4392""]","[8783,8784]"
4393,N2,2,1,"[""N2/f4393""]","[8785,8786]"
4394,N2,2,1,"[""N2/f4394""]","[8787,8788]"
4395,N2,2,1,"[""N2/f4395""]","[8789,8790]"
4396,N2,2,1,"[""N2/f4396""]","[8791,8792]"
4397,N2,2,1,"[""N2/f4397""]","[8793,8794]"
4398,N2,2,1,"[""N2/f4398""]","[8795,8796]"
4399,N2,2,1,"[""N2/f4399""]","[8797,8798]"
4400,N2,2,1,"[""N2/f4400""]","[8799,8800]"
4401,N2,2,1,"[""N2/f4401""]","[8801,8802]"
4402,N2,2,1,"[""N2/f4402""]","[8803,8804]"
4403,N2,2,1,"[""N2/f4403""]","[8805,8806]"
4404,N2,2,1,"[""N2/f4404""]","[8807,8808]"
4405,N2,2,1,"[""N2/f4405""]","[8809,8810]"
4406,N2,2,1,"[""N2/f4406""]","[8811,8812]"
4407,N2,2,1,"[""N2/f4407""]","[8813,8814]"
4408,N2,2,1,"[""N2/f4408""]","[8815,8816]"
4409,N2,2,1,"[""N2/f4409""]","[8817,8818]"
4410,N2,2,1,"[""N2/f4410""]","[8819,8820]"
4411,N2,2,1,"[""N2/f4411""]","[8821,8822]"
4412,N2,2,1,"[""N2/f4412""]","[8823,8824]"
4413,N2,2,1,"[""N2/f4413""]","[8825,8826]"
4414,N2,2,1,"[""N2/f4414""]","[8827,8828]"
4415,N2,2,1,"[""N2/f4415""]","[8829,8830]"
4416,N2,2,1,"[""N2/f4416""]","[8831,8832]"
4417,N2,2,1,"[""N2/f4417""]","[8833,8834]"
4418,N2,2,1,"[""N2/f4418""]","[8835,8836]"
4419,N2,2,1,"[""N2/f4419""]","[8837,8838]"
4420,N2,2,1,"[""N2/f4420""]","[8839,8840]"
4421,N2,2,1,"[""N2/f4421""]","[8841,8842]"
4422,N2,2,1,"[""N2/f4422""]","[8843,8844]"
4423,N2,2,1,"[""N2/f4423""]","[8845,8846]"
4424,N2,2,1,"[""N2/f4424""]","[8847,8848]"
4425,N2,2,1,"[""N2/f4425""]","[8849,8850]"
4426,N2,2,1,"[""N2/f4426""]","[8851,8852]"
4427,N2,2,1,"[""N2/f4427""]","[8853,8854]"
4428,N2,2,1,"[""N2/f4428""]","[8855,8856]"
4429,N2,2,1,"[""N2/f4429""]","[8857,8858]"
4430,N2,2,1,"[""N2/f4430""]","[8859,8860]"
4431,N2,2,1,"[""N2/f4431""]","[8861,8862]"
4432,N2,2,1,"[""N2/f4432""]","[8863,8864]"
4433,N2,2,1,"[""N2/f4433""]","[8865,8866]"
4434,N2,2,1,"[""N2/f4434""]","[8867,8868]"
4435,N2,2,1,"[""N2/f4435""]","[8869,8870]"
4436,N2,2,1,"[""N2/f4436""]","[8871,8872]"
4437,N2,2,1,"[""N2/f4437""]","[8873,8874]"
4438,N2,2,1,"[""N2/f4438""]","[8875,8876]"
4439,N2,2,1,"[""N2/f4439""]","[8877,8878]"
4440,N2,2,1,"[""N2/f4440""]","[8879,8880]"
4441,N2,2,1,"[""N2/f4441""]","[8881,8882]"
4442,N2,2,1,"[""N2/f4442""]","[8883,8884]"
4443,N2,2,1,"[""N2/f4443""]","[8885,8886]"
4444,N2,2,1,"[""N2/f4444""]","[8887,8888]"
4445,N2,2,1,"[""N2/f4445""]","[8889,8890]"
4446,N2,2,1,"[""N2/f4446""]","[8891,8892]"
4447,N2,2,1,"[""N2/f4447""]","[8893,8894]"
4448,N2,2,1,"[""N2/f4448""]","[8895,8896]"
4449,N2,2,1,"[""N2/f4449""]","[8897,8898]"
4450,N2,2,1,"[""N2/f4450""]","[8899,8900]"
4451,N2,2,1,"[""N2/f4451""]","[8901,8902]"
4452,N2,2,1,"[""N2/f4452""]","[8903,8904]"
4453,N2,2,1,"[""N2/f4453""]","[8905,8906]"
4454,N2,2,1,"[""N2/f4454""]","[8907,8908]"
4455,N2,2,1,"[""N2/f4455""]","[8909,8910]"
4456,N2,2,1,"[""N2/f4456""]","[8911,8912]"
4457,N2,2,1,"[""N2/f4457""]","[8913,8914]"
4458,N2,2,1,"[""N2/f4458""]","[8915,8916]"
4459,N2,2,1,"[""N2/f4459""]","[8917,8918]"
4460,N2,2,1,"[""N2/f4460""]","[8919,8920]"
4461,N2,2,1,"[""N2/f4461""]","[8921,8922]"
4462,N2,2,1,"[""N2/f4462""]","[8923,8924]"
4463,N2,2,1,"[""N2/f4463""]","[8925,8926]"
4464,N2,2,1,"[""N2/f4464""]","[8927,8928]"
4465,N2,2,1,"[""N2/f4465""]","[8929,8930]"
4466,N2,2,1,"[""N2/f4466""]","[8931,8932]"
4467,N2,2,1,"[""N2/f4467""]","[8933,8934]"
4468,N2,2,1,"[""N2/f4468""]","[8935,8936]"
4469,N2,2,1,"[""N2/f4469""]","[8937,8938]"
4470,N2,2,1,"[""N2/f4470""]","[8939,8940]"
4471,N2,2,1,"[""N2/f4471""]","[8941,8942]"
4472,N2,2,1,"[""N2/f4472""]","[8943,8944]"
4473,N2,2,1,"[""N2/f4473""]","[8945,8946]"
4474,N2,2,1,"[""N2/f4474""]","[8947,8948]"
4475,N2,2,1,"[""N2/f4475""]","[8949,8950]"
4476,N2,2,1,"[""N2/f4476""]","[8951,8952]"
4477,N2,2,1,"[""N2/f4477""]","[8953,8954]"
4478,N2,2,1,"[""N2/f4478""]","[8955,8956]"
4479,N2,2,1,"[""N2/f4479""]","[8957,8958]"
4480,N2,2,1,"[""N2/f4480""]","[8959,8960]"
4481,N2,2,1,"[""N2/f4481""]","[8961,8962]"
4482,N2,2,1,"[""N2/f4482""]","[8963,8964]"
4483,N2,2,1,"[""N2/f4483""]","[8965,8966]"
4484,N2,2,1,"[""N2/f4484""]","[8967,8968]"
4485,N2,2,1,"[""N2/f4485""]","[8969,8970]"
4486,N2,2,1,"[""N2/f4486""]","[8971,8972]"
4487,N2,2,1,"[""N2/f4487""]","[8973,8974]"
4488,N2,2,1,"[""N2/f4488""]","[8975,8976]"
4489,N2,2,1,"[""N2/f4489""]","[8977,8978]"
4490,N2,2,1,"[""N2/f4490""]","[8979,8980]"
4491,N2,2,1,"[""N2/f4491""]","[8981,8982]"
4492,N2,2,1,"[""N2/f4492""]","[8983,8984]"
4493,N2,2,1,"[""N2/f4493""]","[8985,8986]"
4494,N2,2,1,"[""N2/f4494""]","[8987,8988]"
4495,N2,2,1,"[""N2/f4495""]","[8989,8990]"
4496,N2,2,1,"[""N2/f4496""]","[8991,8992]"
4497,N2,2,1,"[""N2/f4497""]","[8993,8994]"
4498,N2,2,1,"[""N2/f4498""]","[8995,8996]"
4499,N2,2,1,"[""N2/f4499""]","[8997,8998]"
4500,N2,2,1,"[""N2/f4500""]","[8999,9000]"
4501,N2,2,1,"[""N2/f4501""]","[9001,9002]"
4502,N2,2,1,"[""N2/f4502""]","[9003,9004]"
4503,N2,2,1,"[""N2/f4503""]","[9005,9006]"
4504,N2,2,1,"[""N2/f4504""]","[9007,9008]"
4505,N2,2,1,"[""N2/f4505""]","[9009,9010]"
4506,N2,2,1,"[""N2/f4506""]","[9011,9012]"
4507,N2,2,1,"[""N2/f4507""]","[9013,9014]"
4508,N2,2,1,"[""N2/f4508""]","[9015,9016]"
4509,N2,2,1,"[""N2/f4509""]","[9017,9018]"
4510,N2,2,1,"[""N2/f4510""]","[9019,9020]"
4511,N2,2,1,"[""N2/f4511""]","[9021,9022]"
4512,N2,2,1,"[""N2/f4512""]","[9023,9024]"
4513,N2,2,1,"[""N2/f4513""]","[9025,9026]"
4514,N2,2,1,"[""N2/f4514""]","[9027,9028]"
4515,N2,2,1,"[""N2/f4515""]","[9029,9030]"
4516,N2,2,1,"[""N2/f4516""]","[9031,9032]"
4517,N2,2,1,"[""N2/f4517""]","[9033,9034]"
4518,N2,2,1,"[""N2/f4518""]","[9035,9036]"
4519,N2,2,1,"[""N2/f4519""]","[9037,9038]"
4520,N2,2,1,"[""N2/f4520""]","[9039,9040]"
4521,N2,2,1,"[""N2/f4521""]","[9041,9042]"
4522,N2,2,1,"[""N2/f4522""]","[9043,9044]"
4523,N2,2,1,"[""N2/f4523""]","[9045,9046]"
4524,N2,2,1,"[""N2/f4524""]","[9047,9048]"
4525,N2,2,1,"[""N2/f4525""]","[9049,9050]"
4526,N2,2,1,"[""N2/f4526""]","[9051,9052]"
4527,N2,2,1,"[""N2/f4527""]","[9053,9054]"
4528,N2,2,1,"[""N2/f4528""]","[9055,9056]"
4529,N2,2,1,"[""N2/f4529""]","[9057,9058]"
4530,N2,2,1,"[""N2/f4530""]","[9059,9060]"
4531,N2,2,1,"[""N2/f4531""]","[9061,9062]"
4532,N2,2,1,"[""N2/f4532""]","[9063,9064]"
4533,N2,2,1,"[""N2/f4533""]","[9065,9066]"
4534,N2,2,1,"[""N2/f4534""]","[9067,9068]"
4535,N2,2,1,"[""N2/f4535""]","[9069,9070]"
4536,N2,2,1,"[""N2/f4536""]","[9071,9072]"
4537,N2,2,1,"[""N2/f4537""]","[9073,9074]"
4538,N2,2,1,"[""N2/f4538""]","[9075,9076]"
4539,N2,2,1,"[""N2/f4539""]","[9077,9078]"
4540,N2,2,1,"[""N2/f4540""]","[9079,9080]"
4541,N2,2,1,"[""N2/f4541""]","[9081,9082]"
4542,N2,2,1,"[""N2/f4542""]","[9083,9084]"
4543,N2,2,1,"[""N2/f4543""]","[9085,9086]"
4544,N2,2,1,"[""N2/f4544""]","[9087,9088]"
4545,N2,2,1,"[""N2/f4545""]","[9089,9090]"
4546,N2,2,1,"[""N2/f4546""]","[9091,9092]"
4547,N2,2,1,"[""N2/f4547""]","[9093,9094]"
4548,N2,2,1,"[""N2/f4548""]","[9095,9096]"
4549,N2,2,1,"[""N2/f4549""]","[9097,9098]"
4550,N2,2,1,"[""N2/f4550""]","[9099,9100]"
4551,N2,2,1,"[""N2/f4551""]","[9101,9102]"
4552,N2,2,1,"[""N2/f4552""]","[9103,9104]"
4553,N2,2,1,"[""N2/f4553""]","[9105,9106]"
4554,N2,2,1,"[""N2/f4554""]","[9107,9108]"
4555,N2,2,1,"[""N2/f4555""]","[9109,9110]"
4556,N2,2,1,"[""N2/f4556""]","[9111,9112]"
4557,N2,2,1,"[""N2/f4557""]","[9113,9114]"
4558,N2,2,1,"[""N2/f4558""]","[9115,9116]"
4559,N2,2,1,"[""N2/f4559""]","[9117,9118]"
4560,N2,2,1,"[""N2/f4560""]","[9119,9120]"
4561,N2,2,1,"[""N2/f4561""]","[9121,9122]"
4562,N2,2,1,"[""N2/f4562""]","[9123,9124]"
4563,N2,2,1,"[""N2/f4563""]","[9125,9126]"
4564,N2,2,1,"[""N2/f4564""]","[9127,9128]"
4565,N2,2,1,"[""N2/f4565""]","[9129,9130]"
4566,N2,2,1,"[""N2/f4566""]","[9131,9132]"
4567,N2,2,1,"[""N2/f4567""]","[9133,9134]"
4568,N2,2,1,"[""N2/f4568""]","[9135,9136]"
4569,N2,2,1,"[""N2/f4569""]","[9137,9138]"
4570,N2,2,1,"[""N2/f4570""]","[9139,9140]"
4571,N2,2,1,"[""N2/f4571""]","[9141,9142]"
4572,N2,2,1,"[""N2/f4572""]","[9143,9144]"
4573,N2,2,1,"[""N2/f4573""]","[9145,9146]"
4574,N2,2,1,"[""N2/f4574""]","[9147,9148]"
4575,N2,2,1,"[""N2/f4575""]","[9149,9150]"
4576,N2,2,1,"[""N2/f4576""]","[9151,9152]"
4577,N2,2,1,"[""N2/f4577""]","[9153,9154]"
4578,N2,2,1,"[""N2/f4578""]","[9155,9156]"
4579,N2,2,1,"[""N2/f4579""]","[9157,9158]"
4580,N2,2,1,"[""N2/f4580""]","[9159,9160]"
4581,N2,2,1,"[""N2/f4581""]","[9161,9162]"
4582,N2,2,1,"[""N2/f4582""]","[9163,9164]"
4583,N2,2,1,"[""N2/f4583""]","[9165,9166]"
4584,N2,2,1,"[""N2/f4584""]","[9167,9168]"
4585,N2,2,1,"[""N2/f4585""]","[9169,9170]"
4586,N2,2,1,"[""N2/f4586""]","[9171,9172]"
4587,N2,2,1,"[""N2/f4587""]","[9173,9174]"
4588,N2,2,1,"[""N2/f4588""]","[9175,9176]"
4589,N2,2,1,"[""N2/f4589""]","[9177,9178]"
4590,N2,2,1,"[""N2/f4590""]","[9179,9180]"
4591,N2,2,1,"[""N2/f4591""]","[9181,9182]"
4592,N2,2,1,"[""N2/f4592""]","[9183,9184]"
4593,N2,2,1,"[""N2/f4593""]","[9185,9186]"
4594,N2,2,1,"[""N2/f4594""]","[9187,9188]"
4595,N2,2,1,"[""N2/f4595""]","[9189,9190]"
4596,N2,2,1,"[""N2/f4596""]","[9191,9192]"
4597,N2,2,1,"[""N2/f4597""]","[9193,9194]"
4598,N2,2,1,"[""N2/f4598""]","[9195,9196]"
4599,N2,2,1,"[""N2/f4599""]","[9197,9198]"
4600,N2,2,1,"[""N2/f4600""]","[9199,9200]"
4601,N2,2,1,"[""N2/f4601""]","[9201,9202]"
4602,N2,2,1,"[""N2/f4602""]","[9203,9204]"
4603,N2,2,1,"[""N2/f4603""]","[9205,9206]"
4604,N2,2,1,"[""N2/f4604""]","[9207,9208]"
4605,N2,2,1,"[""N2/f4605""]","[9209,9210]"
4606,N2,2,1,"[""N2/f4606""]","[9211,9212]"
4607,N2,2,1,"[""N2/f4607""]","[9213,9214]"
4608,N2,2,1,"[""N2/f4608""]","[9215,9216]"
4609,N2,2,1,"[""N2/f4609""]","[9217,9218]"
4610,N2,2,1,"[""N2/f4610""]","[9219,9220]"
4611,N2,2,1,"[""N2/f4611""]","[9221,9222]"
4612,N2,2,1,"[""N2/f4612""]","[9223,9224]"
4613,N2,2,1,"[""N2/f4613""]","[9225,9226]"
4614,N2,2,1,"[""N2/f4614""]","[9227,9228]"
4615,N2,2,1,"[""N2/f4615""]","[9229,9230]"
4616,N2,2,1,"[""N2/f4616""]","[9231,9232]"
4617,N2,2,1,"[""N2/f4617""]","[9233,9234]"
4618,N2,2,1,"[""N2/f4618""]","[9235,9236]"
4619,N2,2,1,"[""N2/f4619""]","[9237,9238]"
4620,N2,2,1,"[""N2/f4620""]","[9239,9240]"
4621,N2,2,1,"[""N2/f4621""]","[9241,9242]"
4622,N2,2,1,"[""N2/f4622""]","[9243,9244]"
4623,N2,2,1,"[""N2/f4623""]","[9245,9246]"
4624,N2,2,1,"[""N2/f4624""]","[9247,9248]"
4625,N2,2,1,"[""N2/f4625""]","[9249,9250]"
4626,N2,2,1,"[""N2/f4626""]","[9251,9252]"
4627,N2,2,1,"[""N2/f4627""]","[9253,9254]"
4628,N2,2,1,"[""N2/f4628""]","[9255,9256]"
4629,N2,2,1,"[""N2/f4629""]","[9257,9258]"
4630,N2,2,1,"[""N2/f4630""]","[9259,9260]"
4631,N2,2,1,"[""N2/f4631""]","[9261,9262]"
4632,N2,2,1,"[""N2/f4632""]","[9263,9264]"
4633,N2,2,1,"[""N2/f4633""]","[9265,9266]"
4634,N2,2,1,"[""N2/f4634""]","[9267,9268]"
4635,N2,2,1,"[""N2/f4635""]","[9269,9270]"
4636,N2,2,1,"[""N2/f4636""]","[9271,9272]"
4637,N2,2,1,"[""N2/f4637""]","[9273,9274]"
4638,N2,2,1,"[""N2/f4638""]","[9275,9276]"
4639,N2,2,1,"[""N2/f4639""]","[9277,9278]"
4640,N2,2,1,"[""N2/f4640""]","[9279,9280]"
4641,N2,2,1,"[""N2/f4641""]","[9281,9282]"
4642,N2,2,1,"[""N2/f4642""]","[9283,9284]"
4643,N2,2,1,"[""N2/f4643""]","[9285,9286]"
4644,N2,2,1,"[""N2/f4644""]","[9287,9288]"
4645,N2,2,1,"[""N2/f4645""]","[9289,9290]"
4646,N2,2,1,"[""N2/f4646""]","[9291,9292]"
4647,N2,2,1,"[""N2/f4647""]","[9293,9294]"
4648,N2,2,1,"[""N2/f4648""]","[9295,9296]"
4649,N2,2,1,"[""N2/f4649""]","[9297,9298]"
4650,N2,2,1,"[""N2/f4650""]","[9299,9300]"
4651,N2,2,1,"[""N2/f4651""]","[9301,9302]"
4652,N2,2,1,"[""N2/f4652""]","[9303,9304]"
4653,N2,2,1,"[""N2/f4653""]","[9305,9306]"
4654,N2,2,1,"[""N2/f4654""]","[9307,9308]"
4655,N2,2,1,"[""N2/f4655""]","[9309,9310]"
4656,N2,2,1,"[""N2/f4656""]","[9311,9312]"
4657,N2,2,1,"[""N2/f4657""]","[9313,9314]"
4658,N2,2,1,"[""N2/f4658""]","[9315,9316]"
4659,N2,2,1,"[""N2/f4659""]","[9317,9318]"
4660,N2,2,1,"[""N2/f4660""]","[9319,9320]"
4661,N2,2,1,"[""N2/f4661""]","[9321,9322]"
4662,N2,2,1,"[""N2/f4662""]","[9323,9324]"
4663,N2,2,1,"[""N2/f4663""]","[9325,9326]"
4664,N2,2,1,"[""N2/f4664""]","[9327,9328]"
4665,N2,2,1,"[""N2/f4665""]","[9329,9330]"
4666,N2,2,1,"[""N2/f4666""]","[9331,9332]"
4667,N2,2,1,"[""N2/f4667""]","[9333,9334]"
4668,N2,2,1,"[""N2/f4668""]","[9335,9336]"
4669,N2,2,1,"[""N2/f4669""]","[9337,9338]"
4670,N2,2,1,"[""N2/f4670""]","[9339,9340]"
4671,N2,2,1,"[""N2/f4671""]","[9341,9342]"
4672,N2,2,1,"[""N2/f4672""]","[9343,9344]"
4673,N2,2,1,"[""N2/f4673""]","[9345,9346]"
4674,N2,2,1,"[""N2/f4674""]","[9347,9348]"
4675,N2,2,1,"[""N2/f4675""]","[9349,9350]"
4676,N2,2,1,"[""N2/f4676""]","[9351,9352]"
4677,N2,2,1,"[""N2/f4677""]","[9353,9354]"
4678,N2,2,1,"[""N2/f4678""]","[9355,9356]"
4679,N2,2,1,"[""N2/f4679""]","[9357,9358]"
4680,N2,2,1,"[""N2/f4680""]","[9359,9360]"
4681,N2,2,1,"[""N2/f4681""]","[9361,9362]"
4682,N2,2,1,"[""N2/f4682""]","[9363,9364]"
4683,N2,2,1,"[""N2/f4683""]","[9365,9366]"
4684,N2,2,1,"[""N2/f4684""]","[9367,9368]"
4685,N2,2,1,"[""N2/f4685""]","[9369,9370]"
4686,N2,2,1,"[""N2/f4686""]","[9371,9372]"
4687,N2,2,1,"[""N2/f4687""]","[9373,9374]"
4688,N2,2,1,"[""N2/f4688""]","[9375,9376]"
4689,N2,2,1,"[""N2/f4689""]","[9377,9378]"
4690,N2,2,1,"[""N2/f4690""]","[9379,9380]"
4691,N2,2,1,"[""N2/f4691""]","[9381,9382]"
4692,N2,2,1,"[""N2/f4692""]","[9383,9384]"
4693,N2,2,1,"[""N2/f4693""]","[9385,9386]"
4694,N2,2,1,"[""N2/f4694""]","[9387,9388]"
4695,N2,2,1,"[""N2/f4695""]","[9389,9390]"
4696,N2,2,1,"[""N2/f4696""]","[9391,9392]"
4697,N2,2,1,"[""N2/f4697""]","[9393,9394]"
4698,N2,2,1,"[""N2/f4698""]","[9395,9396]"
4699,N2,2,1,"[""N2/f4699""]","[9397,9398]"
4700,N2,2,1,"[""N2/f4700""]","[9399,9400]"
4701,N2,2,1,"[""N2/f4701""]","[9401,9402]"
4702,N2,2,1,"[""N2/f4702""]","[9403,9404]"
4703,N2,2,1,"[""N2/f4703""]","[9405,9406]"
4704,N2,2,1,"[""N2/f4704""]","[9407,9408]"
4705,N2,2,1,"[""N2/f4705""]","[9409,9410]"
4706,N2,2,1,"[""N2/f4706""]","[9411,9412]"
4707,N2,2,1,"[""N2/f4707""]","[9413,9414]"
4708,N2,2,1,"[""N2/f4708""]","[9415,9416]"
4709,N2,2,1,"[""N2/f4709""]","[9417,9418]"
4710,N2,2,1,"[""N2/f4710""]","[9419,9420]"
4711,N2,2,1,"[""N2/f4711""]","[9421,9422]"
4712,N2,2,1,"[""N2/f4712""]","[9423,9424]"
4713,N2,2,1,"[""N2/f4713""]","[9425,9426]"
4714,N2,2,1,"[""N2/f4714""]","[9427,9428]"
4715,N2,2,1,"[""N2/f4715""]","[9429,9430]"
4716,N2,2,1,"[""N2/f4716""]","[9431,9432]"
4717,N2,2,1,"[""N2/f4717""]","[9433,9434]"
4718,N2,2,1,"[""N2/f4718""]","[9435,9436]"
4719,N2,2,1,"[""N2/f4719""]","[9437,9438]"
4720,N2,2,1,"[""N2/f4720""]","[9439,9440]"
4721,N2,2,1,"[""N2/f4721""]","[9441,9442]"
4722,N2,2,1,"[""N2/f4722""]","[9443,9444]"
4723,N2,2,1,"[""N2/f4723""]","[9445,9446]"
4724,N2,2,1,"[""N2/f4724""]","[9447,9448]"
4725,N2,2,1,"[""N2/f4725""]","[9449,9450]"
4726,N2,2,1,"[""N2/f4726""]","[9451,9452]"
4727,N2,2,1,"[""N2/f4727""]","[9453,9454]"
4728,N2,2,1,"[""N2/f4728""]","[9455,9456]"
4729,N2,2,1,"[""N2/f4729""]","[9457,9458]"
4730,N2,2,1,"[""N2/f4730""]","[9459,9460]"
4731,N2,2,1,"[""N2/f4731""]","[9461,9462]"
4732,N2,2,1,"[""N2/f4732""]","[9463,9464]"
4733,N2,2,1,"[""N2/f4733""]","[9465,9466]"
4734,N2,2,1,"[""N2/f4734""]","[9467,9468]"
4735,N2,2,1,"[""N2/f4735""]","[9469,9470]"
4736,N2,2,1,"[""N2/f4736""]","[9471,9472]"
4737,N2,2,1,"[""N2/f4737""]","[9473,9474]"
4738,N2,2,1,"[""N2/f4738""]","[9475,9476]"
4739,N2,2,1,"[""N2/f4739""]","[9477,9478]"
4740,N2,2,1,"[""N2/f4740""]","[9479,9480]"
4741,N2,2,1,"[""N2/f4741""]","[9481,9482]"
4742,N2,2,1,"[""N2/f4742""]","[9483,9484]"
4743,N2,2,1,"[""N2/f4743""]","[9485,9486]"
4744,N2,2,1,"[""N2/f4744""]","[9487,9488]"
4745,N2,2,1,"[""N2/f4745""]","[9489,9490]"
4746,N2,2,1,"[""N2/f4746""]","[9491,9492]"
4747,N2,2,1,"[""N2/f4747""]","[9493,9494]"
4748,N2,2,1,"[""N2/f4748""]","[9495,9496]"
4749,N2,2,1,"[""N2/f4749""]","[9497,9498]"
4750,N2,2,1,"[""N2/f4750""]","[9499,9500]"
4751,N2,2,1,"[""N2/f4751""]","[9501,9502]"
4752,N2,2,1,"[""N2/f4752""]","[9503,9504]"
4753,N2,2,1,"[""N2/f4753""]","[9505,9506]"
4754,N2,2,1,"[""N2/f4754""]","[9507,9508]"
4755,N2,2,1,"[""N2/f4755""]","[9509,9510]"
4756,N2,2,1,"[""N2/f4756""]","[9511,9512]"
4757,N2,2,1,"[""N2/f4757""]","[9513,9514]"
4758,N2,2,1,"[""N2/f4758""]","[9515,9516]"
4759,N2,2,1,"[""N2/f4759""]","[9517,9518]"
4760,N2,2,1,"[""N2/f4760""]","[9519,9520]"
4761,N2,2,1,"[""N2/f4761""]","[9521,9522]"
4762,N2,2,1,"[""N2/f4762""]","[9523,9524]"
4763,N2,2,1,"[""N2/f4763""]","[9525,9526]"
4764,N2,2,1,"[""N2/f4764""]","[9527,9528]"
4765,N2,2,1,"[""N2/f4765""]","[9529,9530]"
4766,N2,2,1,"[""N2/f4766""]","[9531,9532]"
4767,N2,2,1,"[""N2/f4767""]","[9533,9534]"
4768,N2,2,1,"[""N2/f4768""]","[9535,9536]"
4769,N2,2,1,"[""N2/f4769""]","[9537,9538]"
4770,N2,2,1,"[""N2/f4770""]","[9539,9540]"
4771,N2,2,1,"[""N2/f4771""]","[9541,9542]"
4772,N2,2,1,"[""N2/f4772""]","[9543,9544]"
4773,N2,2,1,"[""N2/f4773""]","[9545,9546]"
4774,N2,2,1,"[""N2/f4774""]","[9547,9548]"
4775,N2,2,1,"[""N2/f4775""]","[9549,9550]"
4776,N2,2,1,"[""N2/f4776""]","[9551,9552]"
4777,N2,2,1,"[""N2/f4777""]","[9553,9554]"
4778,N2,2,1,"[""N2/f4778""]","[9555,9556]"
4779,N2,2,1,"[""N2/f4779""]","[9557,9558]"
4780,N2,2,1,"[""N2/f4780""]","[9559,9560]"
4781,N2,2,1,"[""N2/f4781""]","[9561,9562]"
4782,N2,2,1,"[""N2/f4782""]","[9563,9564]"
4783,N2,2,1,"[""N2/f4783""]","[9565,9566]"
4784,N2,2,1,"[""N2/f4784""]","[9567,9568]"
4785,N2,2,1,"[""N2/f4785""]","[9569,9570]"
4786,N2,2,1,"[""N2/f4786""]","[9571,9572]"
4787,N2,2,1,"[""N2/f4787""]","[9573,9574]"
4788,N2,2,1,"[""N2/f4788""]","[9575,9576]"
4789,N2,2,1,"[""N2/f4789""]","[9577,9578]"
4790,N2,2,1,"[""N2/f4790""]","[9579,9580]"
4791,N2,2,1,"[""N2/f4791""]","[9581,9582]"
4792,N2,2,1,"[""N2/f4792""]","[9583,9584]"
4793,N2,2,1,"[""N2/f4793""]","[9585,9586]"
4794,N2,2,1,"[""N2/f4794""]","[9587,9588]"
4795,N2,2,1,"[""N2/f4795""]","[9589,9590]"
4796,N2,2,1,"[""N2/f4796""]","[9591,9592]"
4797,N2,2,1,"[""N2/f4797""]","[9593,9594]"
4798,N2,2,1,"[""N2/f4798""]","[9595,9596]"
4799,N2,2,1,"[""N2/f4799""]","[9597,9598]"
4800,N2,2,1,"[""N2/f4800""]","[9599,9600]"
4801,N2,2,1,"[""N2/f4801""]","[9601,9602]"
4802,N2,2,1,"[""N2/f4802""]","[9603,9604]"
4803,N2,2,1,"[""N2/f4803""]","[9605,9606]"
4804,N2,2,1,"[""N2/f4804""]","[9607,9608]"
4805,N2,2,1,"[""N2/f4805""]","[9609,9610]"
4806,N2,2,1,"[""N2/f4806""]","[9611,9612]"
4807,N2,2,1,"[""N2/f4807""]","[9613,9614]"
4808,N2,2,1,"[""N2/f4808""]","[9615,9616]"
4809,N2,2,1,"[""N2/f4809""]","[9617,9618]"
4810,N2,2,1,"[""N2/f4810""]","[9619,9620]"
4811,N2,2,1,"[""N2/f4811""]","[9621,9622]"
4812,N2,2,1,"[""N2/f4812""]","[9623,9624]"
4813,N2,2,1,"[""N2/f4813""]","[9625,9626]"
4814,N2,2,1,"[""N2/f4814""]","[9627,9628]"
4815,N2,2,1,"[""N2/f4815""]","[9629,9630]"
4816,N2,2,1,"[""N2/f4816""]","[9631,9632]"
4817,N2,2,1,"[""N2/f4817""]","[9633,9634]"
4818,N2,2,1,"[""N2/f4818""]","[9635,9636]"
4819,N2,2,1,"[""N2/f4819""]","[9637,9638]"
4820,N2,2,1,"[""N2/f4820""]","[9639,9640]"
4821,N2,2,1,"[""N2/f4821""]","[9641,9642]"
4822,N2,2,1,"[""N2/f4822""]","[9643,9644]"
4823,N2,2,1,"[""N2/f4823""]","[9645,9646]"
4824,N2,2,1,"[""N2/f4824""]","[9647,9648]"
4825,N2,2,1,"[""N2/f4825""]","[9649,9650]"
4826,N2,2,1,"[""N2/f4826""]","[9651,9652]"
4827,N2,2,1,"[""N2/f4827""]","[9653,9654]"
4828,N2,2,1,"[""N2/f4828""]","[9655,9656]"
4829,N2,2,1,"[""N2/f4829""]","[9657,9658]"
4830,N2,2,1,"[""N2/f4830""]","[9659,9660]"
4831,N2,2,1,"[""N2/f4831""]","[9661,9662]"
4832,N2,2,1,"[""N2/f4832""]","[9663,9664]"
4833,N2,2,1,"[""N2/f4833""]","[9665,9666]"
4834,N2,2,1,"[""N2/f4834""]","[9667,9668]"
4835,N2,2,1,"[""N2/f4835""]","[9669,9670]"
4836,N2,2,1,"[""N2/f4836""]","[9671,9672]"
4837,N2,2,1,"[""N2/f4837""]","[9673,9674]"
4838,N2,2,1,"[""N2/f4838""]","[9675,9676]"
4839,N2,2,1,"[""N2/f4839""]","[9677,9678]"
4840,N2,2,1,"[""N2/f4840""]","[9679,9680]"
4841,N2,2,1,"[""N2/f4841""]","[9681,9682]"
4842,N2,2,1,"[""N2/f4842""]","[9683,9684]"
4843,N2,2,1,"[""N2/f4843""]","[9685,9686]"
4844,N2,2,1,"[""N2/f4844""]","[9687,9688]"
4845,N2,2,1,"[""N2/f4845""]","[9689,9690]"
4846,N2,2,1,"[""N2/f4846""]","[9691,9692]"
4847,N2,2,1,"[""N2/f4847""]","[9693,9694]"
4848,N2,2,1,"[""N2/f4848""]","[9695,9696]"
4849,N2,2,1,"[""N2/f4849""]","[9697,9698]"
4850,N2,2,1,"[""N2/f4850""]","[9699,9700]"
4851,N2,2,1,"[""N2/f4851""]","[9701,9702]"
4852,N2,2,1,"[""N2/f4852""]","[9703,9704]"
4853,N2,2,1,"[""N2/f4853""]","[9705,9706]"
4854,N2,2,1,"[""N2/f4854""]","[9707,9708]"
4855,N2,2,1,"[""N2/f4855""]","[9709,9710]"
4856,N2,2,1,"[""N2/f4856""]","[9711,9712]"
4857,N2,2,1,"[""N2/f4857""]","[9713,9714]"
4858,N2,2,1,"[""N2/f4858""]","[9715,9716]"
4859,N2,2,1,"[""N2/f4859""]","[9717,9718]"
4860,N2,2,1,"[""N2/f4860""]","[9719,9720]"
4861,N2,2,1,"[""N2/f4861""]","[9721,9722]"
4862,N2,2,1,"[""N2/f4862""]","[9723,9724]"
4863,N2,2,1,"[""N2/f4863""]","[9725,9726]"
4864,N2,2,1,"[""N2/f4864""]","[9727,9728]"
4865,N2,2,1,"[""N2/f4865""]","[9729,9730]"
4866,N2,2,1,"[""N2/f4866""]","[9731,9732]"
4867,N2,2,1,"[""N2/f4867""]","[9733,9734]"
4868,N2,2,1,"[""N2/f4868""]","[9735,9736]"
4869,N2,2,1,"[""N2/f4869""]","[9737,9738]"
4870,N2,2,1,"[""N2/f4870""]","[9739,9740]"
4871,N2,2,1,"[""N2/f4871""]","[9741,9742]"
4872,N2,2,1,"[""N2/f4872""]","[9743,9744]"
4873,N2,2,1,"[""N2/f4873""]","[9745,9746]"
4874,N2,2,1,"[""N2/f4874""]","[9747,9748]"
4875,N2,2,1,"[""N2/f4875""]","[9749,9750]"
4876,N2,2,1,"[""N2/f4876""]","[9751,9752]"
4877,N2,2,1,"[""N2/f4877""]","[9753,9754]"
4878,N2,2,1,"[""N2/f4878""]","[9755,9756]"
4879,N2,2,1,"[""N2/f4879""]","[9757,9758]"
4880,N2,2,1,"[""N2/f4880""]","[9759,9760]"
4881,N2,2,1,"[""N2/f4881""]","[9761,9762]"
4882,N2,2,1,"[""N2/f4882""]","[9763,9764]"
4883,N2,2,1,"[""N2/f4883""]","[9765,9766]"
4884,N2,2,1,"[""N2/f4884""]","[9767,9768]"
4885,N2,2,1,"[""N2/f4885""]","[9769,9770]"
4886,N2,2,1,"[""N2/f4886""]","[9771,9772]"
4887,N2,2,1,"[""N2/f4887""]","[9773,9774]"
4888,N2,2,1,"[""N2/f4888""]","[9775,9776]"
4889,N2,2,1,"[""N2/f4889""]","[9777,9778]"
4890,N2,2,1,"[""N2/f4890""]","[9779,9780]"
4891,N2,2,1,"[""N2/f4891""]","[9781,9782]"
4892,N2,2,1,"[""N2/f4892""]","[9783,9784]"
4893,N2,2,1,"[""N2/f4893""]","[9785,9786]"
4894,N2,2,1,"[""N2/f4894""]","[9787,9788]"
4895,N2,2,1,"[""N2/f4895""]","[9789,9790]"
4896,N2,2,1,"[""N2/f4896""]","[9791,9792]"
4897,N2,2,1,"[""N2/f4897""]","[9793,9794]"
4898,N2,2,1,"[""N2/f4898""]","[9795,9796]"
4899,N2,2,1,"[""N2/f4899""]","[9797,9798]"
4900,N2,2,1,"[""N2/f4900""]","[9799,9800]"
4901,N2,2,1,"[""N2/f4901""]","[9801,9802]"
4902,N2,2,1,"[""N2/f4902""]","[9803,9804]"
4903,N2,2,1,"[""N2/f4903""]","[9805,9806]"
4904,N2,2,1,"[""N2/f4904""]","[9807,9808]"
4905,N2,2,1,"[""N2/f4905""]","[9809,9810]"
4906,N2,2,1,"[""N2/f4906""]","[9811,9812]"
4907,N2,2,1,"[""N2/f4907""]","[9813,9814]"
4908,N2,2,1,"[""N2/f4908""]","[9815,9816]"
4909,N2,2,1,"[""N2/f4909""]","[9817,9818]"
4910,N2,2,1,"[""N2/f4910""]","[9819,9820]"
4911,N2,2,1,"[""N2/f4911""]","[9821,9822]"
4912,N2,2,1,"[""N2/f4912""]","[9823,9824]"
4913,N2,2,1,"[""N2/f4913""]","[9825,9826]"
4914,N2,2,1,"[""N2/f4914""]","[9827,9828]"
4915,N2,2,1,"[""N2/f4915""]","[9829,9830]"
4916,N2,2,1,"[""N2/f4916""]","[9831,9832]"
4917,N2,2,1,"[""N2/f4917""]","[9833,9834]"
4918,N2,2,1,"[""N2/f4918""]","[9835,9836]"
4919,N2,2,1,"[""N2/f4919""]","[9837,9838]"
4920,N2,2,1,"[""N2/f4920""]","[9839,9840]"
4921,N2,2,1,"[""N2/f4921""]","[9841,9842]"
4922,N2,2,1,"[""N2/f4922""]","[9843,9844]"
4923,N2,2,1,"[""N2/f4923""]","[9845,9846]"
4924,N2,2,1,"[""N2/f4924""]","[9847,9848]"
4925,N2,2,1,"[""N2/f4925""]","[9849,9850]"
4926,N2,2,1,"[""N2/f4926""]","[9851,9852]"
4927,N2,2,1,"[""N2/f4927""]","[9853,9854]"
4928,N2,2,1,"[""N2/f4928""]","[9855,9856]"
4929,N2,2,1,"[""N2/f4929""]","[9857,9858]"
4930,N2,2,1,"[""N2/f4930""]","[9859,9860]"
4931,N2,2,1,"[""N2/f4931""]","[9861,9862]"
4932,N2,2,1,"[""N2/f4932""]","[9863,9864]"
4933,N2,2,1,"[""N2/f4933""]","[9865,9866]"
4934,N2,2,1,"[""N2/f4934""]","[9867,9868]"
4935,N2,2,1,"[""N2/f4935""]","[9869,9870]"
4936,N2,2,1,"[""N2/f4936""]","[9871,9872]"
4937,N2,2,1,"[""N2/f4937""]","[9873,9874]"
4938,N2,2,1,"[""N2/f4938""]","[9875,9876]"
4939,N2,2,1,"[""N2/f4939""]","[9877,9878]"
4940,N2,2,1,"[""N2/f4940""]","[9879,9880]"
4941,N2,2,1,"[""N2/f4941""]","[9881,9882]"
4942,N2,2,1,"[""N2/f4942""]","[9883,9884]"
4943,N2,2,1,"[""N2/f4943""]","[9885,9886]"
4944,N2,2,1,"[""N2/f4944""]","[9887,9888]"
4945,N2,2,1,"[""N2/f4945""]","[9889,9890]"
4946,N2,2,1,"[""N2/f4946""]","[9891,9892]"
4947,N2,2,1,"[""N2/f4947""]","[9893,9894]"
4948,N2,2,1,"[""N2/f4948""]","[9895,9896]"
4949,N2,2,1,"[""N2/f4949""]","[9897,9898]"
4950,N2,2,1,"[""N2/f4950""]","[9899,9900]"
4951,N2,2,1,"[""N2/f4951""]","[9901,9902]"
4952,N2,2,1,"[""N2/f4952""]","[9903,9904]"
4953,N2,2,1,"[""N2/f4953""]","[9905,9906]"
4954,N2,2,1,"[""N2/f4954""]","[9907,9908]"
4955,N2,2,1,"[""N2/f4955""]","[9909,9910]"
4956,N2,2,1,"[""N2/f4956""]","[9911,9912]"
4957,N2,2,1,"[""N2/f4957""]","[9913,9914]"
4958,N2,2,1,"[""N2/f4958""]","[9915,9916]"
4959,N2,2,1,"[""N2/f4959""]","[9917,9918]"
4960,N2,2,1,"[""N2/f4960""]","[9919,9920]"
4961,N2,2,1,"[""N2/f4961""]","[9921,9922]"
4962,N2,2,1,"[""N2/f4962""]","[9923,9924]"
4963,N2,2,1,"[""N2/f4963""]","[9925,9926]"
4964,N2,2,1,"[""N2/f4964""]","[9927,9928]"
4965,N2,2,1,"[""N2/f4965""]","[9929,9930]"
4966,N2,2,1,"[""N2/f4966""]","[9931,9932]"
4967,N2,2,1,"[""N2/f4967""]","[9933,9934]"
4968,N2,2,1,"[""N2/f4968""]","[9935,9936]"
4969,N2,2,1,"[""N2/f4969""]","[9937,9938]"
4970,N2,2,1,"[""N2/f4970""]","[9939,9940]"
4971,N2,2,1,"[""N2/f4971""]","[9941,9942]"
4972,N2,2,1,"[""N2/f4972""]","[9943,9944]"
4973,N2,2,1,"[""N2/f4973""]","[9945,9946]"
4974,N2,2,1,"[""N2/f4974""]","[9947,9948]"
4975,N2,2,1,"[""N2/f4975""]","[9949,9950]"
4976,N2,2,1,"[""N2/f4976""]","[9951,9952]"
4977,N2,2,1,"[""N2/f4977""]","[9953,9954]"
4978,N2,2,1,"[""N2/f4978""]","[9955,9956]"
4979,N2,2,1,"[""N2/f4979""]","[9957,9958]"
4980,N2,2,1,"[""N2/f4980""]","[9959,9960]"
4981,N2,2,1,"[""N2/f4981""]","[9961,9962]"
4982,N2,2,1,"[""N2/f4982""]","[9963,9964]"
4983,N2,2,1,"[""N2/f4983""]","[9965,9966]"
4984,N2,2,1,"[""N2/f4984""]","[9967,9968]"
4985,N2,2,1,"[""N2/f4985""]","[9969,9970]"
4986,N2,2,1,"[""N2/f4986""]","[9971,9972]"
4987,N2,2,1,"[""N2/f4987""]","[9973,9974]"
4988,N2,2,1,"[""N2/f4988""]","[9975,9976]"
4989,N2,2,1,"[""N2/f4989""]","[9977,9978]"
4990,N2,2,1,"[""N2/f4990""]","[9979,9980]"
4991,N2,2,1,"[""N2/f4991""]","[9981,9982]"
4992,N2,2,1,"[""N2/f4992""]","[9983,9984]"
4993,N2,2,1,"[""N2/f4993""]","[9985,9986]"
4994,N2,2,1,"[""N2/f4994""]","[9987,9988]"
4995,N2,2,1,"[""N2/f4995""]","[9989,9990]"
4996,N2,2,1,"[""N2/f4996""]","[9991,9992]"
4997,N2,2,1,"[""N2/f4997""]","[9993,9994]"
4998,N2,2,1,"[""N2/f4998""]","[9995,9996]"
4999,N2,2,1,"[""N2/f4999""]","[9997,9998]"
5000,N2,2,1,"[""N2/f5000""]","[9999,10000]"
5001,N2,2,1,"[""N2/f5001""]","[10001,10002]"
5002,N2,2,1,"[""N2/f5002""]","[10003,10004]"
5003,N2,2,1,"[""N2/f5003""]","[10005,10006]"
5004,N2,2,1,"[""N2/f5004""]","[10007,10008]"
5005,N2,2,1,"[""N2/f5005""]","[10009,10010]"
5006,N2,2,1,"[""N2/f5006""]","[10011,10012]"
5007,N2,2,1,"[""N2/f5007""]","[10013,10014]"
5008,N2,2,1,"[""N2/f5008""]","[10015,10016]"
5009,N2,2,1,"[""N2/f5009""]","[10017,10018]"
5010,N2,2,1,"[""N2/f5010""]","[10019,10020]"
5011,N2,2,1,"[""N2/f5011""]","[10021,10022]"
5012,N2,2,1,"[""N2/f5012""]","[10023,10024]"
5013,N2,2,1,"[""N2/f5013""]","[10025,10026]"
5014,N2,2,1,"[""N2/f5014""]","[10027,10028]"
5015,N2,2,1,"[""N2/f5015""]","[10029,10030]"
5016,N2,2,1,"[""N2/f5016""]","[10031,10032]"
5017,N2,2,1,"[""N2/f5017""]","[10033,10034]"
5018,N2,2,1,"[""N2/f5018""]","[10035,10036]"
5019,N2,2,1,"[""N2/f5019""]","[10037,10038]"
5020,N2,2,1,"[""N2/f5020""]","[10039,10040]"
5021,N2,2,1,"[""N2/f5021""]","[10041,10042]"
5022,N2,2,1,"[""N2/f5022""]","[10043,10044]"
5023,N2,2,1,"[""N2/f5023""]","[10045,10046]"
5024,N2,2,1,"[""N2/f5024""]","[10047,10048]"
5025,N2,2,1,"[""N2/f5025""]","[10049,10050]"
5026,N2,2,1,"[""N2/f5026""]","[10051,10052]"
5027,N2,2,1,"[""N2/f5027""]","[10053,10054]"
5028,N2,2,1,"[""N2/f5028""]","[10055,10056]"
5029,N2,2,1,"[""N2/f5029""]","[10057,10058]"
5030,N2,2,1,"[""N2/f5030""]","[10059,10060]"
5031,N2,2,1,"[""N2/f5031""]","[10061,10062]"
5032,N2,2,1,"[""N2/f5032""]","[10063,10064]"
5033,N2,2,1,"[""N2/f5033""]","[10065,10066]"
5034,N2,2,1,"[""N2/f5034""]","[10067,10068]"
5035,N2,2,1,"[""N2/f5035""]","[10069,10070]"
5036,N2,2,1,"[""N2/f5036""]","[10071,10072]"
5037,N2,2,1,"[""N2/f5037""]","[10073,10074]"
5038,N2,2,1,"[""N2/f5038""]","[10075,10076]"
5039,N2,2,1,"[""N2/f5039""]","[10077,10078]"
5040,N2,2,1,"[""N2/f5040""]","[10079,10080]"
5041,N2,2,1,"[""N2/f5041""]","[10081,10082]"
5042,N2,2,1,"[""N2/f5042""]","[10083,10084]"
5043,N2,2,1,"[""N2/f5043""]","[10085,10086]"
5044,N2,2,1,"[""N2/f5044""]","[10087,10088]"
5045,N2,2,1,"[""N2/f5045""]","[10089,10090]"
5046,N2,2,1,"[""N2/f5046""]","[10091,10092]"
5047,N2,2,1,"[""N2/f5047""]","[10093,10094]"
5048,N2,2,1,"[""N2/f5048""]","[10095,10096]"
5049,N2,2,1,"[""N2/f5049""]","[10097,10098]"
5050,N2,2,1,"[""N2/f5050""]","[10099,10100]"
5051,N2,2,1,"[""N2/f5051""]","[10101,10102]"
5052,N2,2,1,"[""N2/f5052""]","[10103,10104]"
5053,N2,2,1,"[""N2/f5053""]","[10105,10106]"
5054,N2,2,1,"[""N2/f5054""]","[10107,10108]"
5055,N2,2,1,"[""N2/f5055""]","[10109,10110]"
5056,N2,2,1,"[""N2/f5056""]","[10111,10112]"
5057,N2,2,1,"[""N2/f5057""]","[10113,10114]"
5058,N2,2,1,"[""N2/f5058""]","[10115,10116]"
5059,N2,2,1,"[""N2/f5059""]","[10117,10118]"
5060,N2,2,1,"[""N2/f5060""]","[10119,10120]"
5061,N2,2,1,"[""N2/f5061""]","[10121,10122]"
5062,N2,2,1,"[""N2/f5062""]","[10123,10124]"
5063,N2,2,1,"[""N2/f5063""]","[10125,10126]"
5064,N2,2,1,"[""N2/f5064""]","[10127,10128]"
5065,N2,2,1,"[""N2/f5065""]","[10129,10130]"
5066,N2,2,1,"[""N2/f5066""]","[10131,10132]"
5067,N2,2,1,"[""N2/f5067""]","[10133,10134]"
5068,N2,2,1,"[""N2/f5068""]","[10135,10136]"
5069,N2,2,1,"[""N2/f5069""]","[10137,10138]"
5070,N2,2,1,"[""N2/f5070""]","[10139,10140]"
5071,N2,2,1,"[""N2/f5071""]","[10141,10142]"
5072,N2,2,1,"[""N2/f5072""]","[10143,10144]"
5073,N2,2,1,"[""N2/f5073""]","[10145,10146]"
5074,N2,2,1,"[""N2/f5074""]","[10147,10148]"
5075,N2,2,1,"[""N2/f5075""]","[10149,10150]"
5076,N2,2,1,"[""N2/f5076""]","[10151,10152]"
5077,N2,2,1,"[""N2/f5077""]","[10153,10154]"
5078,N2,2,1,"[""N2/f5078""]","[10155,10156]"
5079,N2,2,1,"[""N2/f5079""]","[10157,10158]"
5080,N2,2,1,"[""N2/f5080""]","[10159,10160]"
5081,N2,2,1,"[""N2/f5081""]","[10161,10162]"
5082,N2,2,1,"[""N2/f5082""]","[10163,10164]"
5083,N2,2,1,"[""N2/f5083""]","[10165,10166]"
5084,N2,2,1,"[""N2/f5084""]","[10167,10168]"
5085,N2,2,1,"[""N2/f5085""]","[10169,10170]"
5086,N2,2,1,"[""N2/f5086""]","[10171,10172]"
5087,N2,2,1,"[""N2/f5087""]","[10173,10174]"
5088,N2,2,1,"[""N2/f5088""]","[10175,10176]"
5089,N2,2,1,"[""N2/f5089""]","[10177,10178]"
5090,N2,2,1,"[""N2/f5090""]","[10179,10180]"
5091,N2,2,1,"[""N2/f5091""]","[10181,10182]"
5092,N2,2,1,"[""N2/f5092""]","[10183,10184]"
5093,N2,2,1,"[""N2/f5093""]","[10185,10186]"
5094,N2,2,1,"[""N2/f5094""]","[10187,10188]"
5095,N2,2,1,"[""N2/f5095""]","[10189,10190]"
5096,N2,2,1,"[""N2/f5096""]","[10191,10192]"
5097,N2,2,1,"[""N2/f5097""]","[10193,10194]"
5098,N2,2,1,"[""N2/f5098""]","[10195,10196]"
5099,N2,2,1,"[""N2/f5099""]","[10197,10198]"
5100,N2,2,1,"[""N2/f5100""]","[10199,10200]"
5101,N2,2,1,"[""N2/f5101""]","[10201,10202]"
5102,N2,2,1,"[""N2/f5102""]","[10203,10204]"
5103,N2,2,1,"[""N2/f5103""]","[10205,10206]"
5104,N2,2,1,"[""N2/f5104""]","[10207,10208]"
5105,N2,2,1,"[""N2/f5105""]","[10209,10210]"
5106,N2,2,1,"[""N2/f5106""]","[10211,10212]"
5107,N2,2,1,"[""N2/f5107""]","[10213,10214]"
5108,N2,2,1,"[""N2/f5108""]","[10215,10216]"
5109,N2,2,1,"[""N2/f5109""]","[10217,10218]"
5110,N2,2,1,"[""N2/f5110""]","[10219,10220]"
5111,N2,2,1,"[""N2/f5111""]","[10221,10222]"
5112,N2,2,1,"[""N2/f5112""]","[10223,10224]"
5113,N2,2,1,"[""N2/f5113""]","[10225,10226]"
5114,N2,2,1,"[""N2/f5114""]","[10227,10228]"
5115,N2,2,1,"[""N2/f5115""]","[10229,10230]"
5116,N2,2,1,"[""N2/f5116""]","[10231,10232]"
5117,N2,2,1,"[""N2/f5117""]","[10233,10234]"
5118,N2,2,1,"[""N2/f5118""]","[10235,10236]"
5119,N2,2,1,"[""N2/f5119""]","[10237,10238]"
5120,N2,2,1,"[""N2/f5120""]","[10239,10240]"
5121,N2,2,1,"[""N2/f5121""]","[10241,10242]"
5122,N2,2,1,"[""N2/f5122""]","[10243,10244]"
5123,N2,2,1,"[""N2/f5123""]","[10245,10246]"
5124,N2,2,1,"[""N2/f5124""]","[10247,10248]"
5125,N2,2,1,"[""N2/f5125""]","[10249,10250]"
5126,N2,2,1,"[""N2/f5126""]","[10251,10252]"
5127,N2,2,1,"[""N2/f5127""]","[10253,10254]"
5128,N2,2,1,"[""N2/f5128""]","[10255,10256]"
5129,N2,2,1,"[""N2/f5129""]","[10257,10258]"
5130,N2,2,1,"[""N2/f5130""]","[10259,10260]"
5131,N2,2,1,"[""N2/f5131""]","[10261,10262]"
5132,N2,2,1,"[""N2/f5132""]","[10263,10264]"
5133,N2,2,1,"[""N2/f5133""]","[10265,10266]"
5134,N2,2,1,"[""N2/f5134""]","[10267,10268]"
5135,N2,2,1,"[""N2/f5135""]","[10269,10270]"
5136,N2,2,1,"[""N2/f5136""]","[10271,10272]"
5137,N2,2,1,"[""N2/f5137""]","[10273,10274]"
5138,N2,2,1,"[""N2/f5138""]","[10275,10276]"
5139,N2,2,1,"[""N2/f5139""]","[10277,10278]"
5140,N2,2,1,"[""N2/f5140""]","[10279,10280]"
5141,N2,2,1,"[""N2/f5141""]","[10281,10282]"
5142,N2,2,1,"[""N2/f5142""]","[10283,10284]"
5143,N2,2,1,"[""N2/f5143""]","[10285,10286]"
5144,N2,2,1,"[""N2/f5144""]","[10287,10288]"
5145,N2,2,1,"[""N2/f5145""]","[10289,10290]"
5146,N2,2,1,"[""N2/f5146""]","[10291,10292]"
5147,N2,2,1,"[""N2/f5147""]","[10293,10294]"
5148,N2,2,1,"[""N2/f5148""]","[10295,10296]"
5149,N2,2,1,"[""N2/f5149""]","[10297,10298]"
5150,N2,2,1,"[""N2/f5150""]","[10299,10300]"
5151,N2,2,1,"[""N2/f5151""]","[10301,10302]"
5152,N2,2,1,"[""N2/f5152""]","[10303,10304]"
5153,N2,2,1,"[""N2/f5153""]","[10305,10306]"
5154,N2,2,1,"[""N2/f5154""]","[10307,10308]"
5155,N2,2,1,"[""N2/f5155""]","[10309,10310]"
5156,N2,2,1,"[""N2/f5156""]","[10311,10312]"
5157,N2,2,1,"[""N2/f5157""]","[10313,10314]"
5158,N2,2,1,"[""N2/f5158""]","[10315,10316]"
5159,N2,2,1,"[""N2/f5159""]","[10317,10318]"
5160,N2,2,1,"[""N2/f5160""]","[10319,10320]"
5161,N2,2,1,"[""N2/f5161""]","[10321,10322]"
5162,N2,2,1,"[""N2/f5162""]","[10323,10324]"
5163,N2,2,1,"[""N2/f5163""]","[10325,10326]"
5164,N2,2,1,"[""N2/f5164""]","[10327,10328]"
5165,N2,2,1,"[""N2/f5165""]","[10329,10330]"
5166,N2,2,1,"[""N2/f5166""]","[10331,10332]"
5167,N2,2,1,"[""N2/f5167""]","[10333,10334]"
5168,N2,2,1,"[""N2/f5168""]","[10335,10336]"
5169,N2,2,1,"[""N2/f5169""]","[10337,10338]"
5170,N2,2,1,"[""N2/f5170""]","[10339,10340]"
5171,N2,2,1,"[""N2/f5171""]","[10341,10342]"
5172,N2,2,1,"[""N2/f5172""]","[10343,10344]"
5173,N2,2,1,"[""N2/f5173""]","[10345,10346]"
5174,N2,2,1,"[""N2/f5174""]","[10347,10348]"
5175,N2,2,1,"[""N2/f5175""]","[10349,10350]"
5176,N2,2,1,"[""N2/f5176""]","[10351,10352]"
5177,N2,2,1,"[""N2/f5177""]","[10353,10354]"
5178,N2,2,1,"[""N2/f5178""]","[10355,10356]"
5179,N2,2,1,"[""N2/f5179""]","[10357,10358]"
5180,N2,2,1,"[""N2/f5180""]","[10359,10360]"
5181,N2,2,1,"[""N2/f5181""]","[10361,10362]"
5182,N2,2,1,"[""N2/f5182""]","[10363,10364]"
5183,N2,2,1,"[""N2/f5183""]","[10365,10366]"
5184,N2,2,1,"[""N2/f5184""]","[10367,10368]"
5185,N2,2,1,"[""N2/f5185""]","[10369,10370]"
5186,N2,2,1,"[""N2/f5186""]","[10371,10372]"
5187,N2,2,1,"[""N2/f5187""]","[10373,10374]"
5188,N2,2,1,"[""N2/f5188""]","[10375,10376]"
5189,N2,2,1,"[""N2/f5189""]","[10377,10378]"
5190,N2,2,1,"[""N2/f5190""]","[10379,10380]"
5191,N2,2,1,"[""N2/f5191""]","[10381,10382]"
5192,N2,2,1,"[""N2/f5192""]","[10383,10384]"
5193,N2,2,1,"[""N2/f5193""]","[10385,10386]"
5194,N2,2,1,"[""N2/f5194""]","[10387,10388]"
5195,N2,2,1,"[""N2/f5195""]","[10389,10390]"
5196,N2,2,1,"[""N2/f5196""]","[10391,10392]"
5197,N2,2,1,"[""N2/f5197""]","[10393,10394]"
5198,N2,2,1,"[""N2/f5198""]","[10395,10396]"
5199,N2,2,1,"[""N2/f5199""]","[10397,10398]"
5200,N2,2,1,"[""N2/f5200""]","[10399,10400]"
5201,N2,2,1,"[""N2/f5201""]","[10401,10402]"
5202,N2,2,1,"[""N2/f5202""]","[10403,10404]"
5203,N2,2,1,"[""N2/f5203""]","[10405,10406]"
5204,N2,2,1,"[""N2/f5204""]","[10407,10408]"
5205,N2,2,1,"[""N2/f5205""]","[10409,10410]"
5206,N2,2,1,"[""N2/f5206""]","[10411,10412]"
5207,N2,2,1,"[""N2/f5207""]","[10413,10414]"
5208,N2,2,1,"[""N2/f5208""]","[10415,10416]"
5209,N2,2,1,"[""N2/f5209""]","[10417,10418]"
5210,N2,2,1,"[""N2/f5210""]","[10419,10420]"
5211,N2,2,1,"[""N2/f5211""]","[10421,10422]"
5212,N2,2,1,"[""N2/f5212""]","[10423,10424]"
5213,N2,2,1,"[""N2/f5213""]","[10425,10426]"
5214,N2,2,1,"[""N2/f5214""]","[10427,10428]"
5215,N2,2,1,"[""N2/f5215""]","[10429,10430]"
5216,N2,2,1,"[""N2/f5216""]","[10431,10432]"
5217,N2,2,1,"[""N2/f5217""]","[10433,10434]"
5218,N2,2,1,"[""N2/f5218""]","[10435,10436]"
5219,N2,2,1,"[""N2/f5219""]","[10437,10438]"
5220,N2,2,1,"[""N2/f5220""]","[10439,10440]"
5221,N2,2,1,"[""N2/f5221""]","[10441,10442]"
5222,N2,2,1,"[""N2/f5222""]","[10443,10444]"
5223,N2,2,1,"[""N2/f5223""]","[10445,10446]"
5224,N2,2,1,"[""N2/f5224""]","[10447,10448]"
5225,N2,2,1,"[""N2/f5225""]","[10449,10450]"
5226,N2,2,1,"[""N2/f5226""]","[10451,10452]"
5227,N2,2,1,"[""N2/f5227""]","[10453,10454]"
5228,N2,2,1,"[""N2/f5228""]","[10455,10456]"
5229,N2,2,1,"[""N2/f5229""]","[10457,10458]"
5230,N2,2,1,"[""N2/f5230""]","[10459,10460]"
5231,N2,2,1,"[""N2/f5231""]","[10461,10462]"
5232,N2,2,1,"[""N2/f5232""]","[10463,10464]"
5233,N2,2,1,"[""N2/f5233""]","[10465,10466]"
5234,N2,2,1,"[""N2/f5234""]","[10467,10468]"
5235,N2,2,1,"[""N2/f5235""]","[10469,10470]"
5236,N2,2,1,"[""N2/f5236""]","[10471,10472]"
5237,N2,2,1,"[""N2/f5237""]","[10473,10474]"
5238,N2,2,1,"[""N2/f5238""]","[10475,10476]"
5239,N2,2,1,"[""N2/f5239""]","[10477,10478]"
5240,N2,2,1,"[""N2/f5240""]","[10479,10480]"
5241,N2,2,1,"[""N2/f5241""]","[10481,10482]"
5242,N2,2,1,"[""N2/f5242""]","[10483,10484]"
5243,N2,2,1,"[""N2/f5243""]","[10485,10486]"
5244,N2,2,1,"[""N2/f5244""]","[10487,10488]"
5245,N2,2,1,"[""N2/f5245""]","[10489,10490]"
5246,N2,2,1,"[""N2/f5246""]","[10491,10492]"
5247,N2,2,1,"[""N2/f5247""]","[10493,10494]"
5248,N2,2,1,"[""N2/f5248""]","[10495,10496]"
5249,N2,2,1,"[""N2/f5249""]","[10497,10498]"
5250,N2,2,1,"[""N2/f5250""]","[10499,10500]"
5251,N2,2,1,"[""N2/f5251""]","[10501,10502]"
5252,N2,2,1,"[""N2/f5252""]","[10503,10504]"
5253,N2,2,1,"[""N2/f5253""]","[10505,10506]"
5254,N2,2,1,"[""N2/f5254""]","[10507,10508]"
5255,N2,2,1,"[""N2/f5255""]","[10509,10510]"
5256,N2,2,1,"[""N2/f5256""]","[10511,10512]"
5257,N2,2,1,"[""N2/f5257""]","[10513,10514]"
5258,N2,2,1,"[""N2/f5258""]","[10515,10516]"
5259,N2,2,1,"[""N2/f5259""]","[10517,10518]"
5260,N2,2,1,"[""N2/f5260""]","[10519,10520]"
5261,N2,2,1,"[""N2/f5261""]","[10521,10522]"
5262,N2,2,1,"[""N2/f5262""]","[10523,10524]"
5263,N2,2,1,"[""N2/f5263""]","[10525,10526]"
5264,N2,2,1,"[""N2/f5264""]","[10527,10528]"
5265,N2,2,1,"[""N2/f5265""]","[10529,10530]"
5266,N2,2,1,"[""N2/f5266""]","[10531,10532]"
5267,N2,2,1,"[""N2/f5267""]","[10533,10534]"
5268,N2,2,1,"[""N2/f5268""]","[10535,10536]"
5269,N2,2,1,"[""N2/f5269""]","[10537,10538]"
5270,N2,2,1,"[""N2/f5270""]","[10539,10540]"
5271,N2,2,1,"[""N2/f5271""]","[10541,10542]"
5272,N2,2,1,"[""N2/f5272""]","[10543,10544]"
5273,N2,2,1,"[""N2/f5273""]","[10545,10546]"
5274,N2,2,1,"[""N2/f5274""]","[10547,10548]"
5275,N2,2,1,"[""N2/f5275""]","[10549,10550]"
5276,N2,2,1,"[""N2/f5276""]","[10551,10552]"
5277,N2,2,1,"[""N2/f5277""]","[10553,10554]"
5278,N2,2,1,"[""N2/f5278""]","[10555,10556]"
5279,N2,2,1,"[""N2/f5279""]","[10557,10558]"
5280,N2,2,1,"[""N2/f5280""]","[10559,10560]"
5281,N2,2,1,"[""N2/f5281""]","[10561,10562]"
5282,N2,2,1,"[""N2/f5282""]","[10563,10564]"
5283,N2,2,1,"[""N2/f5283""]","[10565,10566]"
5284,N2,2,1,"[""N2/f5284""]","[10567,10568]"
5285,N2,2,1,"[""N2/f5285""]","[10569,10570]"
5286,N2,2,1,"[""N2/f5286""]","[10571,10572]"
5287,N2,2,1,"[""N2/f5287""]","[10573,10574]"
5288,N2,2,1,"[""N2/f5288""]","[10575,10576]"
5289,N2,2,1,"[""N2/f5289""]","[10577,10578]"
5290,N2,2,1,"[""N2/f5290""]","[10579,10580]"
5291,N2,2,1,"[""N2/f5291""]","[10581,10582]"
5292,N2,2,1,"[""N2/f5292""]","[10583,10584]"
5293,N2,2,1,"[""N2/f5293""]","[10585,10586]"
5294,N2,2,1,"[""N2/f5294""]","[10587,10588]"
5295,N2,2,1,"[""N2/f5295""]","[10589,10590]"
5296,N2,2,1,"[""N2/f5296""]","[10591,10592]"
5297,N2,2,1,"[""N2/f5297""]","[10593,10594]"
5298,N2,2,1,"[""N2/f5298""]","[10595,10596]"
5299,N2,2,1,"[""N2/f5299""]","[10597,10598]"
5300,N2,2,1,"[""N2/f5300""]","[10599,10600]"
5301,N2,2,1,"[""N2/f5301""]","[10601,10602]"
5302,N2,2,1,"[""N2/f5302""]","[10603,10604]"
5303,N2,2,1,"[""N2/f5303""]","[10605,10606]"
5304,N2,2,1,"[""N2/f5304""]","[10607,10608]"
5305,N2,2,1,"[""N2/f5305""]","[10609,10610]"
5306,N2,2,1,"[""N2/f5306""]","[10611,10612]"
5307,N2,2,1,"[""N2/f5307""]","[10613,10614]"
5308,N2,2,1,"[""N2/f5308""]","[10615,10616]"
5309,N2,2,1,"[""N2/f5309""]","[10617,10618]"
5310,N2,2,1,"[""N2/f5310""]","[10619,10620]"
5311,N2,2,1,"[""N2/f5311""]","[10621,10622]"
5312,N2,2,1,"[""N2/f5312""]","[10623,10624]"
5313,N2,2,1,"[""N2/f5313""]","[10625,10626]"
5314,N2,2,1,"[""N2/f5314""]","[10627,10628]"
5315,N2,2,1,"[""N2/f5315""]","[10629,10630]"
5316,N2,2,1,"[""N2/f5316""]","[10631,10632]"
5317,N2,2,1,"[""N2/f5317""]","[10633,10634]"
5318,N2,2,1,"[""N2/f5318""]","[10635,10636]"
5319,N2,2,1,"[""N2/f5319""]","[10637,10638]"
5320,N2,2,1,"[""N2/f5320""]","[10639,10640]"
5321,N2,2,1,"[""N2/f5321""]","[10641,10642]"
5322,N2,2,1,"[""N2/f5322""]","[10643,10644]"
5323,N2,2,1,"[""N2/f5323""]","[10645,10646]"
5324,N2,2,1,"[""N2/f5324""]","[10647,10648]"
5325,N2,2,1,"[""N2/f5325""]","[10649,10650]"
5326,N2,2,1,"[""N2/f5326""]","[10651,10652]"
5327,N2,2,1,"[""N2/f5327""]","[10653,10654]"
5328,N2,2,1,"[""N2/f5328""]","[10655,10656]"
5329,N2,2,1,"[""N2/f5329""]","[10657,10658]"
5330,N2,2,1,"[""N2/f5330""]","[10659,10660]"
5331,N2,2,1,"[""N2/f5331""]","[10661,10662]"
5332,N2,2,1,"[""N2/f5332""]","[10663,10664]"
5333,N2,2,1,"[""N2/f5333""]","[10665,10666]"
5334,N2,2,1,"[""N2/f5334""]","[10667,10668]"
5335,N2,2,1,"[""N2/f5335""]","[10669,10670]"
5336,N2,2,1,"[""N2/f5336""]","[10671,10672]"
5337,N2,2,1,"[""N2/f5337""]","[10673,10674]"
5338,N2,2,1,"[""N2/f5338""]","[10675,10676]"
5339,N2,2,1,"[""N2/f5339""]","[10677,10678]"
5340,N2,2,1,"[""N2/f5340""]","[10679,10680]"
5341,N2,2,1,"[""N2/f5341""]","[10681,10682]"
5342,N2,2,1,"[""N2/f5342""]","[10683,10684]"
5343,N2,2,1,"[""N2/f5343""]","[10685,10686]"
5344,N2,2,1,"[""N2/f5344""]","[10687,10688]"
5345,N2,2,1,"[""N2/f5345""]","[10689,10690]"
5346,N2,2,1,"[""N2/f5346""]","[10691,10692]"
5347,N2,2,1,"[""N2/f5347""]","[10693,10694]"
5348,N2,2,1,"[""N2/f5348""]","[10695,10696]"
5349,N2,2,1,"[""N2/f5349""]","[10697,10698]"
5350,N2,2,1,"[""N2/f5350""]","[10699,10700]"
5351,N2,2,1,"[""N2/f5351""]","[10701,10702]"
5352,N2,2,1,"[""N2/f5352""]","[10703,10704]"
5353,N2,2,1,"[""N2/f5353""]","[10705,10706]"
5354,N2,2,1,"[""N2/f5354""]","[10707,10708]"
5355,N2,2,1,"[""N2/f5355""]","[10709,10710]"
5356,N2,2,1,"[""N2/f5356""]","[10711,10712]"
5357,N2,2,1,"[""N2/f5357""]","[10713,10714]"
5358,N2,2,1,"[""N2/f5358""]","[10715,10716]"
5359,N2,2,1,"[""N2/f5359""]","[10717,10718]"
5360,N2,2,1,"[""N2/f5360""]","[10719,10720]"
5361,N2,2,1,"[""N2/f5361""]","[10721,10722]"
5362,N2,2,1,"[""N2/f5362""]","[10723,10724]"
5363,N2,2,1,"[""N2/f5363""]","[10725,10726]"
5364,N2,2,1,"[""N2/f5364""]","[10727,10728]"
5365,N2,2,1,"[""N2/f5365""]","[10729,10730]"
5366,N2,2,1,"[""N2/f5366""]","[10731,10732]"
5367,N2,2,1,"[""N2/f5367""]","[10733,10734]"
5368,N2,2,1,"[""N2/f5368""]","[10735,10736]"
5369,N2,2,1,"[""N2/f5369""]","[10737,10738]"
5370,N2,2,1,"[""N2/f5370""]","[10739,10740]"
5371,N2,2,1,"[""N2/f5371""]","[10741,10742]"
5372,N2,2,1,"[""N2/f5372""]","[10743,10744]"
5373,N2,2,1,"[""N2/f5373""]","[10745,10746]"
5374,N2,2,1,"[""N2/f5374""]","[10747,10748]"
5375,N2,2,1,"[""N2/f5375""]","[10749,10750]"
5376,N2,2,1,"[""N2/f5376""]","[10751,10752]"
5377,N2,2,1,"[""N2/f5377""]","[10753,10754]"
5378,N2,2,1,"[""N2/f5378""]","[10755,10756]"
5379,N2,2,1,"[""N2/f5379""]","[10757,10758]"
5380,N2,2,1,"[""N2/f5380""]","[10759,10760]"
5381,N2,2,1,"[""N2/f5381""]","[10761,10762]"
5382,N2,2,1,"[""N2/f5382""]","[10763,10764]"
5383,N2,2,1,"[""N2/f5383""]","[10765,10766]"
5384,N2,2,1,"[""N2/f5384""]","[10767,10768]"
5385,N2,2,1,"[""N2/f5385""]","[10769,10770]"
5386,N2,2,1,"[""N2/f5386""]","[10771,10772]"
5387,N2,2,1,"[""N2/f5387""]","[10773,10774]"
5388,N2,2,1,"[""N2/f5388""]","[10775,10776]"
5389,N2,2,1,"[""N2/f5389""]","[10777,10778]"
5390,N2,2,1,"[""N2/f5390""]","[10779,10780]"
5391,N2,2,1,"[""N2/f5391""]","[10781,10782]"
5392,N2,2,1,"[""N2/f5392""]","[10783,10784]"
5393,N2,2,1,"[""N2/f5393""]","[10785,10786]"
5394,N2,2,1,"[""N2/f5394""]","[10787,10788]"
5395,N2,2,1,"[""N2/f5395""]","[10789,10790]"
5396,N2,2,1,"[""N2/f5396""]","[10791,10792]"
5397,N2,2,1,"[""N2/f5397""]","[10793,10794]"
5398,N2,2,1,"[""N2/f5398""]","[10795,10796]"
5399,N2,2,1,"[""N2/f5399""]","[10797,10798]"
5400,N2,2,1,"[""N2/f5400""]","[10799,10800]"
5401,N2,2,1,"[""N2/f5401""]","[10801,10802]"
5402,N2,2,1,"[""N2/f5402""]","[10803,10804]"
5403,N2,2,1,"[""N2/f5403""]","[10805,10806]"
5404,N2,2,1,"[""N2/f5404""]","[10807,10808]"
5405,N2,2,1,"[""N2/f5405""]","[10809,10810]"
5406,N2,2,1,"[""N2/f5406""]","[10811,10812]"
5407,N2,2,1,"[""N2/f5407""]","[10813,10814]"
5408,N2,2,1,"[""N2/f5408""]","[10815,10816]"
5409,N2,2,1,"[""N2/f5409""]","[10817,10818]"
5410,N2,2,1,"[""N2/f5410""]","[10819,10820]"
5411,N2,2,1,"[""N2/f5411""]","[10821,10822]"
5412,N2,2,1,"[""N2/f5412""]","[10823,10824]"
5413,N2,2,1,"[""N2/f5413""]","[10825,10826]"
5414,N2,2,1,"[""N2/f5414""]","[10827,10828]"
5415,N2,2,1,"[""N2/f5415""]","[10829,10830]"
5416,N2,2,1,"[""N2/f5416""]","[10831,10832]"
5417,N2,2,1,"[""N2/f5417""]","[10833,10834]"
5418,N2,2,1,"[""N2/f5418""]","[10835,10836]"
5419,N2,2,1,"[""N2/f5419""]","[10837,10838]"
5420,N2,2,1,"[""N2/f5420""]","[10839,10840]"
5421,N2,2,1,"[""N2/f5421""]","[10841,10842]"
5422,N2,2,1,"[""N2/f5422""]","[10843,10844]"
5423,N2,2,1,"[""N2/f5423""]","[10845,10846]"
5424,N2,2,1,"[""N2/f5424""]","[10847,10848]"
5425,N2,2,1,"[""N2/f5425""]","[10849,10850]"
5426,N2,2,1,"[""N2/f5426""]","[10851,10852]"
5427,N2,2,1,"[""N2/f5427""]","[10853,10854]"
5428,N2,2,1,"[""N2/f5428""]","[10855,10856]"
5429,N2,2,1,"[""N2/f5429""]","[10857,10858]"
5430,N2,2,1,"[""N2/f5430""]","[10859,10860]"
5431,N2,2,1,"[""N2/f5431""]","[10861,10862]"
5432,N2,2,1,"[""N2/f5432""]","[10863,10864]"
5433,N2,2,1,"[""N2/f5433""]","[10865,10866]"
5434,N2,2,1,"[""N2/f5434""]","[10867,10868]"
5435,N2,2,1,"[""N2/f5435""]","[10869,10870]"
5436,N2,2,1,"[""N2/f5436""]","[10871,10872]"
5437,N2,2,1,"[""N2/f5437""]","[10873,10874]"
5438,N2,2,1,"[""N2/f5438""]","[10875,10876]"
5439,N2,2,1,"[""N2/f5439""]","[10877,10878]"
5440,N2,2,1,"[""N2/f5440""]","[10879,10880]"
5441,N2,2,1,"[""N2/f5441""]","[10881,10882]"
5442,N2,2,1,"[""N2/f5442""]","[10883,10884]"
5443,N2,2,1,"[""N2/f5443""]","[10885,10886]"
5444,N2,2,1,"[""N2/f5444""]","[10887,10888]"
5445,N2,2,1,"[""N2/f5445""]","[10889,10890]"
5446,N2,2,1,"[""N2/f5446""]","[10891,10892]"
5447,N2,2,1,"[""N2/f5447""]","[10893,10894]"
5448,N2,2,1,"[""N2/f5448""]","[10895,10896]"
5449,N2,2,1,"[""N2/f5449""]","[10897,10898]"
5450,N2,2,1,"[""N2/f5450""]","[10899,10900]"
5451,N2,2,1,"[""N2/f5451""]","[10901,10902]"
5452,N2,2,1,"[""N2/f5452""]","[10903,10904]"
5453,N2,2,1,"[""N2/f5453""]","[10905,10906]"
5454,N2,2,1,"[""N2/f5454""]","[10907,10908]"
5455,N2,2,1,"[""N2/f5455""]","[10909,10910]"
5456,N2,2,1,"[""N2/f5456""]","[10911,10912]"
5457,N2,2,1,"[""N2/f5457""]","[10913,10914]"
5458,N2,2,1,"[""N2/f5458""]","[10915,10916]"
5459,N2,2,1,"[""N2/f5459""]","[10917,10918]"
5460,N2,2,1,"[""N2/f5460""]","[10919,10920]"
5461,N2,2,1,"[""N2/f5461""]","[10921,10922]"
5462,N2,2,1,"[""N2/f5462""]","[10923,10924]"
5463,N2,2,1,"[""N2/f5463""]","[10925,10926]"
5464,N2,2,1,"[""N2/f5464""]","[10927,10928]"
5465,N2,2,1,"[""N2/f5465""]","[10929,10930]"
5466,N2,2,1,"[""N2/f5466""]","[10931,10932]"
5467,N2,2,1,"[""N2/f5467""]","[10933,10934]"
5468,N2,2,1,"[""N2/f5468""]","[10935,10936]"
5469,N2,2,1,"[""N2/f5469""]","[10937,10938]"
5470,N2,2,1,"[""N2/f5470""]","[10939,10940]"
5471,N2,2,1,"[""N2/f5471""]","[10941,10942]"
5472,N2,2,1,"[""N2/f5472""]","[10943,10944]"
5473,N2,2,1,"[""N2/f5473""]","[10945,10946]"
5474,N2,2,1,"[""N2/f5474""]","[10947,10948]"
5475,N2,2,1,"[""N2/f5475""]","[10949,10950]"
5476,N2,2,1,"[""N2/f5476""]","[10951,10952]"
5477,N2,2,1,"[""N2/f5477""]","[10953,10954]"
5478,N2,2,1,"[""N2/f5478""]","[10955,10956]"
5479,N2,2,1,"[""N2/f5479""]","[10957,10958]"
5480,N2,2,1,"[""N2/f5480""]","[10959,10960]"
5481,N2,2,1,"[""N2/f5481""]","[10961,10962]"
5482,N2,2,1,"[""N2/f5482""]","[10963,10964]"
5483,N2,2,1,"[""N2/f5483""]","[10965,10966]"
5484,N2,2,1,"[""N2/f5484""]","[10967,10968]"
5485,N2,2,1,"[""N2/f5485""]","[10969,10970]"
5486,N2,2,1,"[""N2/f5486""]","[10971,10972]"
5487,N2,2,1,"[""N2/f5487""]","[10973,10974]"
5488,N2,2,1,"[""N2/f5488""]","[10975,10976]"
5489,N2,2,1,"[""N2/f5489""]","[10977,10978]"
5490,N2,2,1,"[""N2/f5490""]","[10979,10980]"
5491,N2,2,1,"[""N2/f5491""]","[10981,10982]"
5492,N2,2,1,"[""N2/f5492""]","[10983,10984]"
5493,N2,2,1,"[""N2/f5493""]","[10985,10986]"
5494,N2,2,1,"[""N2/f5494""]","[10987,10988]"
5495,N2,2,1,"[""N2/f5495""]","[10989,10990]"
5496,N2,2,1,"[""N2/f5496""]","[10991,10992]"
5497,N2,2,1,"[""N2/f5497""]","[10993,10994]"
5498,N2,2,1,"[""N2/f5498""]","[10995,10996]"
5499,N2,2,1,"[""N2/f5499""]","[10997,10998]"
5500,N2,2,1,"[""N2/f5500""]","[10999,11000]"
5501,N2,2,1,"[""N2/f5501""]","[11001,11002]"
5502,N2,2,1,"[""N2/f5502""]","[11003,11004]"
5503,N2,2,1,"[""N2/f5503""]","[11005,11006]"
5504,N2,2,1,"[""N2/f5504""]","[11007,11008]"
5505,N2,2,1,"[""N2/f5505""]","[11009,11010]"
5506,N2,2,1,"[""N2/f5506""]","[11011,11012]"
5507,N2,2,1,"[""N2/f5507""]","[11013,11014]"
5508,N2,2,1,"[""N2/f5508""]","[11015,11016]"
5509,N2,2,1,"[""N2/f5509""]","[11017,11018]"
5510,N2,2,1,"[""N2/f5510""]","[11019,11020]"
5511,N2,2,1,"[""N2/f5511""]","[11021,11022]"
5512,N2,2,1,"[""N2/f5512""]","[11023,11024]"
5513,N2,2,1,"[""N2/f5513""]","[11025,11026]"
5514,N2,2,1,"[""N2/f5514""]","[11027,11028]"
5515,N2,2,1,"[""N2/f5515""]","[11029,11030]"
5516,N2,2,1,"[""N2/f5516""]","[11031,11032]"
5517,N2,2,1,"[""N2/f5517""]","[11033,11034]"
5518,N2,2,1,"[""N2/f5518""]","[11035,11036]"
5519,N2,2,1,"[""N2/f5519""]","[11037,11038]"
5520,N2,2,1,"[""N2/f5520""]","[11039,11040]"
5521,N2,2,1,"[""N2/f5521""]","[11041,11042]"
5522,N2,2,1,"[""N2/f5522""]","[11043,11044]"
5523,N2,2,1,"[""N2/f5523""]","[11045,11046]"
5524,N2,2,1,"[""N2/f5524""]","[11047,11048]"
5525,N2,2,1,"[""N2/f5525""]","[11049,11050]"
5526,N2,2,1,"[""N2/f5526""]","[11051,11052]"
5527,N2,2,1,"[""N2/f5527""]","[11053,11054]"
5528,N2,2,1,"[""N2/f5528""]","[11055,11056]"
5529,N2,2,1,"[""N2/f5529""]","[11057,11058]"
5530,N2,2,1,"[""N2/f5530""]","[11059,11060]"
5531,N2,2,1,"[""N2/f5531""]","[11061,11062]"
5532,N2,2,1,"[""N2/f5532""]","[11063,11064]"
5533,N2,2,1,"[""N2/f5533""]","[11065,11066]"
5534,N2,2,1,"[""N2/f5534""]","[11067,11068]"
5535,N2,2,1,"[""N2/f5535""]","[11069,11070]"
5536,N2,2,1,"[""N2/f5536""]","[11071,11072]"
5537,N2,2,1,"[""N2/f5537""]","[11073,11074]"
5538,N2,2,1,"[""N2/f5538""]","[11075,11076]"
5539,N2,2,1,"[""N2/f5539""]","[11077,11078]"
5540,N2,2,1,"[""N2/f5540""]","[11079,11080]"
5541,N2,2,1,"[""N2/f5541""]","[11081,11082]"
5542,N2,2,1,"[""N2/f5542""]","[11083,11084]"
5543,N2,2,1,"[""N2/f5543""]","[11085,11086]"
5544,N2,2,1,"[""N2/f5544""]","[11087,11088]"
5545,N2,2,1,"[""N2/f5545""]","[11089,11090]"
5546,N2,2,1,"[""N2/f5546""]","[11091,11092]"
5547,N2,2,1,"[""N2/f5547""]","[11093,11094]"
5548,N2,2,1,"[""N2/f5548""]","[11095,11096]"
5549,N2,2,1,"[""N2/f5549""]","[11097,11098]"
5550,N2,2,1,"[""N2/f5550""]","[11099,11100]"
5551,N2,2,1,"[""N2/f5551""]","[11101,11102]"
5552,N2,2,1,"[""N2/f5552""]","[11103,11104]"
5553,N2,2,1,"[""N2/f5553""]","[11105,11106]"
5554,N2,2,1,"[""N2/f5554""]","[11107,11108]"
5555,N2,2,1,"[""N2/f5555""]","[11109,11110]"
5556,N2,2,1,"[""N2/f5556""]","[11111,11112]"
5557,N2,2,1,"[""N2/f5557""]","[11113,11114]"
5558,N2,2,1,"[""N2/f5558""]","[11115,11116]"
5559,N2,2,1,"[""N2/f5559""]","[11117,11118]"
5560,N2,2,1,"[""N2/f5560""]","[11119,11120]"
5561,N2,2,1,"[""N2/f5561""]","[11121,11122]"
5562,N2,2,1,"[""N2/f5562""]","[11123,11124]"
5563,N2,2,1,"[""N2/f5563""]","[11125,11126]"
5564,N2,2,1,"[""N2/f5564""]","[11127,11128]"
5565,N2,2,1,"[""N2/f5565""]","[11129,11130]"
5566,N2,2,1,"[""N2/f5566""]","[11131,11132]"
5567,N2,2,1,"[""N2/f5567""]","[11133,11134]"
5568,N2,2,1,"[""N2/f5568""]","[11135,11136]"
5569,N2,2,1,"[""N2/f5569""]","[11137,11138]"
5570,N2,2,1,"[""N2/f5570""]","[11139,11140]"
5571,N2,2,1,"[""N2/f5571""]","[11141,11142]"
5572,N2,2,1,"[""N2/f5572""]","[11143,11144]"
5573,N2,2,1,"[""N2/f5573""]","[11145,11146]"
5574,N2,2,1,"[""N2/f5574""]","[11147,11148]"
5575,N2,2,1,"[""N2/f5575""]","[11149,11150]"
5576,N2,2,1,"[""N2/f5576""]","[11151,11152]"
5577,N2,2,1,"[""N2/f5577""]","[11153,11154]"
5578,N2,2,1,"[""N2/f5578""]","[11155,11156]"
5579,N2,2,1,"[""N2/f5579""]","[11157,11158]"
5580,N2,2,1,"[""N2/f5580""]","[11159,11160]"
5581,N2,2,1,"[""N2/f5581""]","[11161,11162]"
5582,N2,2,1,"[""N2/f5582""]","[11163,11164]"
5583,N2,2,1,"[""N2/f5583""]","[11165,11166]"
5584,N2,2,1,"[""N2/f5584""]","[11167,11168]"
5585,N2,2,1,"[""N2/f5585""]","[11169,11170]"
5586,N2,2,1,"[""N2/f5586""]","[11171,11172]"
5587,N2,2,1,"[""N2/f5587""]","[11173,11174]"
5588,N2,2,1,"[""N2/f5588""]","[11175,11176]"
5589,N2,2,1,"[""N2/f5589""]","[11177,11178]"
5590,N2,2,1,"[""N2/f5590""]","[11179,11180]"
5591,N2,2,1,"[""N2/f5591""]","[11181,11182]"
5592,N2,2,1,"[""N2/f5592""]","[11183,11184]"
5593,N2,2,1,"[""N2/f5593""]","[11185,11186]"
5594,N2,2,1,"[""N2/f5594""]","[11187,11188]"
5595,N2,2,1,"[""N2/f5595""]","[11189,11190]"
5596,N2,2,1,"[""N2/f5596""]","[11191,11192]"
5597,N2,2,1,"[""N2/f5597""]","[11193,11194]"
5598,N2,2,1,"[""N2/f5598""]","[11195,11196]"
5599,N2,2,1,"[""N2/f5599""]","[11197,11198]"
5600,N2,2,1,"[""N2/f5600""]","[11199,11200]"
5601,N2,2,1,"[""N2/f5601""]","[11201,11202]"
5602,N2,2,1,"[""N2/f5602""]","[11203,11204]"
5603,N2,2,1,"[""N2/f5603""]","[11205,11206]"
5604,N2,2,1,"[""N2/f5604""]","[11207,11208]"
5605,N2,2,1,"[""N2/f5605""]","[11209,11210]"
5606,N2,2,1,"[""N2/f5606""]","[11211,11212]"
5607,N2,2,1,"[""N2/f5607""]","[11213,11214]"
5608,N2,2,1,"[""N2/f5608""]","[11215,11216]"
5609,N2,2,1,"[""N2/f5609""]","[11217,11218]"
5610,N2,2,1,"[""N2/f5610""]","[11219,11220]"
5611,N2,2,1,"[""N2/f5611""]","[11221,11222]"
5612,N2,2,1,"[""N2/f5612""]","[11223,11224]"
5613,N2,2,1,"[""N2/f5613""]","[11225,11226]"
5614,N2,2,1,"[""N2/f5614""]","[11227,11228]"
5615,N2,2,1,"[""N2/f5615""]","[11229,11230]"
5616,N2,2,1,"[""N2/f5616""]","[11231,11232]"
5617,N2,2,1,"[""N2/f5617""]","[11233,11234]"
5618,N2,2,1,"[""N2/f5618""]","[11235,11236]"
5619,N2,2,1,"[""N2/f5619""]","[11237,11238]"
5620,N2,2,1,"[""N2/f5620""]","[11239,11240]"
5621,N2,2,1,"[""N2/f5621""]","[11241,11242]"
5622,N2,2,1,"[""N2/f5622""]","[11243,11244]"
5623,N2,2,1,"[""N2/f5623""]","[11245,11246]"
5624,N2,2,1,"[""N2/f5624""]","[11247,11248]"
5625,N2,2,1,"[""N2/f5625""]","[11249,11250]"
5626,N2,2,1,"[""N2/f5626""]","[11251,11252]"
5627,N2,2,1,"[""N2/f5627""]","[11253,11254]"
5628,N2,2,1,"[""N2/f5628""]","[11255,11256]"
5629,N2,2,1,"[""N2/f5629""]","[11257,11258]"
5630,N2,2,1,"[""N2/f5630""]","[11259,11260]"
5631,N2,2,1,"[""N2/f5631""]","[11261,11262]"
5632,N2,2,1,"[""N2/f5632""]","[11263,11264]"
5633,N2,2,1,"[""N2/f5633""]","[11265,11266]"
5634,N2,2,1,"[""N2/f5634""]","[11267,11268]"
5635,N2,2,1,"[""N2/f5635""]","[11269,11270]"
5636,N2,2,1,"[""N2/f5636""]","[11271,11272]"
5637,N2,2,1,"[""N2/f5637""]","[11273,11274]"
5638,N2,2,1,"[""N2/f5638""]","[11275,11276]"
5639,N2,2,1,"[""N2/f5639""]","[11277,11278]"
5640,N2,2,1,"[""N2/f5640""]","[11279,11280]"
5641,N2,2,1,"[""N2/f5641""]","[11281,11282]"
5642,N2,2,1,"[""N2/f5642""]","[11283,11284]"
5643,N2,2,1,"[""N2/f5643""]","[11285,11286]"
5644,N2,2,1,"[""N2/f5644""]","[11287,11288]"
5645,N2,2,1,"[""N2/f5645""]","[11289,11290]"
5646,N2,2,1,"[""N2/f5646""]","[11291,11292]"
5647,N2,2,1,"[""N2/f5647""]","[11293,11294]"
5648,N2,2,1,"[""N2/f5648""]","[11295,11296]"
5649,N2,2,1,"[""N2/f5649""]","[11297,11298]"
5650,N2,2,1,"[""N2/f5650""]","[11299,11300]"
5651,N2,2,1,"[""N2/f5651""]","[11301,11302]"
5652,N2,2,1,"[""N2/f5652""]","[11303,11304]"
5653,N2,2,1,"[""N2/f5653""]","[11305,11306]"
5654,N2,2,1,"[""N2/f5654""]","[11307,11308]"
5655,N2,2,1,"[""N2/f5655""]","[11309,11310]"
5656,N2,2,1,"[""N2/f5656""]","[11311,11312]"
5657,N2,2,1,"[""N2/f5657""]","[11313,11314]"
5658,N2,2,1,"[""N2/f5658""]","[11315,11316]"
5659,N2,2,1,"[""N2/f5659""]","[11317,11318]"
5660,N2,2,1,"[""N2/f5660""]","[11319,11320]"
5661,N2,2,1,"[""N2/f5661""]","[11321,11322]"
5662,N2,2,1,"[""N2/f5662""]","[11323,11324]"
5663,N2,2,1,"[""N2/f5663""]","[11325,11326]"
5664,N2,2,1,"[""N2/f5664""]","[11327,11328]"
5665,N2,2,1,"[""N2/f5665""]","[11329,11330]"
5666,N2,2,1,"[""N2/f5666""]","[11331,11332]"
5667,N2,2,1,"[""N2/f5667""]","[11333,11334]"
5668,N2,2,1,"[""N2/f5668""]","[11335,11336]"
5669,N2,2,1,"[""N2/f5669""]","[11337,11338]"
5670,N2,2,1,"[""N2/f5670""]","[11339,11340]"
5671,N2,2,1,"[""N2/f5671""]","[11341,11342]"
5672,N2,2,1,"[""N2/f5672""]","[11343,11344]"
5673,N2,2,1,"[""N2/f5673""]","[11345,11346]"
5674,N2,2,1,"[""N2/f5674""]","[11347,11348]"
5675,N2,2,1,"[""N2/f5675""]","[11349,11350]"
5676,N2,2,1,"[""N2/f5676""]","[11351,11352]"
5677,N2,2,1,"[""N2/f5677""]","[11353,11354]"
5678,N2,2,1,"[""N2/f5678""]","[11355,11356]"
5679,N2,2,1,"[""N2/f5679""]","[11357,11358]"
5680,N2,2,1,"[""N2/f5680""]","[11359,11360]"
5681,N2,2,1,"[""N2/f5681""]","[11361,11362]"
5682,N2,2,1,"[""N2/f5682""]","[11363,11364]"
5683,N2,2,1,"[""N2/f5683""]","[11365,11366]"
5684,N2,2,1,"[""N2/f5684""]","[11367,11368]"
5685,N2,2,1,"[""N2/f5685""]","[11369,11370]"
5686,N2,2,1,"[""N2/f5686""]","[11371,11372]"
5687,N2,2,1,"[""N2/f5687""]","[11373,11374]"
5688,N2,2,1,"[""N2/f5688""]","[11375,11376]"
5689,N2,2,1,"[""N2/f5689""]","[11377,11378]"
5690,N2,2,1,"[""N2/f5690""]","[11379,11380]"
5691,N2,2,1,"[""N2/f5691""]","[11381,11382]"
5692,N2,2,1,"[""N2/f5692""]","[11383,11384]"
5693,N2,2,1,"[""N2/f5693""]","[11385,11386]"
5694,N2,2,1,"[""N2/f5694""]","[11387,11388]"
5695,N2,2,1,"[""N2/f5695""]","[11389,11390]"
5696,N2,2,1,"[""N2/f5696""]","[11391,11392]"
5697,N2,2,1,"[""N2/f5697""]","[11393,11394]"
5698,N2,2,1,"[""N2/f5698""]","[11395,11396]"
5699,N2,2,1,"[""N2/f5699""]","[11397,11398]"
5700,N2,2,1,"[""N2/f5700""]","[11399,11400]"
5701,N2,2,1,"[""N2/f5701""]","[11401,11402]"
5702,N2,2,1,"[""N2/f5702""]","[11403,11404]"
5703,N2,2,1,"[""N2/f5703""]","[11405,11406]"
5704,N2,2,1,"[""N2/f5704""]","[11407,11408]"
5705,N2,2,1,"[""N2/f5705""]","[11409,11410]"
5706,N2,2,1,"[""N2/f5706""]","[11411,11412]"
5707,N2,2,1,"[""N2/f5707""]","[11413,11414]"
5708,N2,2,1,"[""N2/f5708""]","[11415,11416]"
5709,N2,2,1,"[""N2/f5709""]","[11417,11418]"
5710,N2,2,1,"[""N2/f5710""]","[11419,11420]"
5711,N2,2,1,"[""N2/f5711""]","[11421,11422]"
5712,N2,2,1,"[""N2/f5712""]","[11423,11424]"
5713,N2,2,1,"[""N2/f5713""]","[11425,11426]"
5714,N2,2,1,"[""N2/f5714""]","[11427,11428]"
5715,N2,2,1,"[""N2/f5715""]","[11429,11430]"
5716,N2,2,1,"[""N2/f5716""]","[11431,11432]"
5717,N2,2,1,"[""N2/f5717""]","[11433,11434]"
5718,N2,2,1,"[""N2/f5718""]","[11435,11436]"
5719,N2,2,1,"[""N2/f5719""]","[11437,11438]"
5720,N2,2,1,"[""N2/f5720""]","[11439,11440]"
5721,N2,2,1,"[""N2/f5721""]","[11441,11442]"
5722,N2,2,1,"[""N2/f5722""]","[11443,11444]"
5723,N2,2,1,"[""N2/f5723""]","[11445,11446]"
5724,N2,2,1,"[""N2/f5724""]","[11447,11448]"
5725,N2,2,1,"[""N2/f5725""]","[11449,11450]"
5726,N2,2,1,"[""N2/f5726""]","[11451,11452]"
5727,N2,2,1,"[""N2/f5727""]","[11453,11454]"
5728,N2,2,1,"[""N2/f5728""]","[11455,11456]"
5729,N2,2,1,"[""N2/f5729""]","[11457,11458]"
5730,N2,2,1,"[""N2/f5730""]","[11459,11460]"
5731,N2,2,1,"[""N2/f5731""]","[11461,11462]"
5732,N2,2,1,"[""N2/f5732""]","[11463,11464]"
5733,N2,2,1,"[""N2/f5733""]","[11465,11466]"
5734,N2,2,1,"[""N2/f5734""]","[11467,11468]"
5735,N2,2,1,"[""N2/f5735""]","[11469,11470]"
5736,N2,2,1,"[""N2/f5736""]","[11471,11472]"
5737,N2,2,1,"[""N2/f5737""]","[11473,11474]"
5738,N2,2,1,"[""N2/f5738""]","[11475,11476]"
5739,N2,2,1,"[""N2/f5739""]","[11477,11478]"
5740,N2,2,1,"[""N2/f5740""]","[11479,11480]"
5741,N2,2,1,"[""N2/f5741""]","[11481,11482]"
5742,N2,2,1,"[""N2/f5742""]","[11483,11484]"
5743,N2,2,1,"[""N2/f5743""]","[11485,11486]"
5744,N2,2,1,"[""N2/f5744""]","[11487,11488]"
5745,N2,2,1,"[""N2/f5745""]","[11489,11490]"
5746,N2,2,1,"[""N2/f5746""]","[11491,11492]"
5747,N2,2,1,"[""N2/f5747""]","[11493,11494]"
5748,N2,2,1,"[""N2/f5748""]","[11495,11496]"
5749,N2,2,1,"[""N2/f5749""]","[11497,11498]"
5750,N2,2,1,"[""N2/f5750""]","[11499,11500]"
5751,N2,2,1,"[""N2/f5751""]","[11501,11502]"
5752,N2,2,1,"[""N2/f5752""]","[11503,11504]"
5753,N2,2,1,"[""N2/f5753""]","[11505,11506]"
5754,N2,2,1,"[""N2/f5754""]","[11507,11508]"
5755,N2,2,1,"[""N2/f5755""]","[11509,11510]"
5756,N2,2,1,"[""N2/f5756""]","[11511,11512]"
5757,N2,2,1,"[""N2/f5757""]","[11513,11514]"
5758,N2,2,1,"[""N2/f5758""]","[11515,11516]"
5759,N2,2,1,"[""N2/f5759""]","[11517,11518]"
5760,N2,2,1,"[""N2/f5760""]","[11519,11520]"
5761,N2,2,1,"[""N2/f5761""]","[11521,11522]"
5762,N2,2,1,"[""N2/f5762""]","[11523,11524]"
5763,N2,2,1,"[""N2/f5763""]","[11525,11526]"
5764,N2,2,1,"[""N2/f5764""]","[11527,11528]"
5765,N2,2,1,"[""N2/f5765""]","[11529,11530]"
5766,N2,2,1,"[""N2/f5766""]","[11531,11532]"
5767,N2,2,1,"[""N2/f5767""]","[11533,11534]"
5768,N2,2,1,"[""N2/f5768""]","[11535,11536]"
5769,N2,2,1,"[""N2/f5769""]","[11537,11538]"
5770,N2,2,1,"[""N2/f5770""]","[11539,11540]"
5771,N2,2,1,"[""N2/f5771""]","[11541,11542]"
5772,N2,2,1,"[""N2/f5772""]","[11543,11544]"
5773,N2,2,1,"[""N2/f5773""]","[11545,11546]"
5774,N2,2,1,"[""N2/f5774""]","[11547,11548]"
5775,N2,2,1,"[""N2/f5775""]","[11549,11550]"
5776,N2,2,1,"[""N2/f5776""]","[11551,11552]"
5777,N2,2,1,"[""N2/f5777""]","[11553,11554]"
5778,N2,2,1,"[""N2/f5778""]","[11555,11556]"
5779,N2,2,1,"[""N2/f5779""]","[11557,11558]"
5780,N2,2,1,"[""N2/f5780""]","[11559,11560]"
5781,N2,2,1,"[""N2/f5781""]","[11561,11562]"
5782,N2,2,1,"[""N2/f5782""]","[11563,11564]"
5783,N2,2,1,"[""N2/f5783""]","[11565,11566]"
5784,N2,2,1,"[""N2/f5784""]","[11567,11568]"
5785,N2,2,1,"[""N2/f5785""]","[11569,11570]"
5786,N2,2,1,"[""N2/f5786""]","[11571,11572]"
5787,N2,2,1,"[""N2/f5787""]","[11573,11574]"
5788,N2,2,1,"[""N2/f5788""]","[11575,11576]"
5789,N2,2,1,"[""N2/f5789""]","[11577,11578]"
5790,N2,2,1,"[""N2/f5790""]","[11579,11580]"
5791,N2,2,1,"[""N2/f5791""]","[11581,11582]"
5792,N2,2,1,"[""N2/f5792""]","[11583,11584]"
5793,N2,2,1,"[""N2/f5793""]","[11585,11586]"
5794,N2,2,1,"[""N2/f5794""]","[11587,11588]"
5795,N2,2,1,"[""N2/f5795""]","[11589,11590]"
5796,N2,2,1,"[""N2/f5796""]","[11591,11592]"
5797,N2,2,1,"[""N2/f5797""]","[11593,11594]"
5798,N2,2,1,"[""N2/f5798""]","[11595,11596]"
5799,N2,2,1,"[""N2/f5799""]","[11597,11598]"
5800,N2,2,1,"[""N2/f5800""]","[11599,11600]"
5801,N2,2,1,"[""N2/f5801""]","[11601,11602]"
5802,N2,2,1,"[""N2/f5802""]","[11603,11604]"
5803,N2,2,1,"[""N2/f5803""]","[11605,11606]"
5804,N2,2,1,"[""N2/f5804""]","[11607,11608]"
5805,N2,2,1,"[""N2/f5805""]","[11609,11610]"
5806,N2,2,1,"[""N2/f5806""]","[11611,11612]"
5807,N2,2,1,"[""N2/f5807""]","[11613,11614]"
5808,N2,2,1,"[""N2/f5808""]","[11615,11616]"
5809,N2,2,1,"[""N2/f5809""]","[11617,11618]"
5810,N2,2,1,"[""N2/f5810""]","[11619,11620]"
5811,N2,2,1,"[""N2/f5811""]","[11621,11622]"
5812,N2,2,1,"[""N2/f5812""]","[11623,11624]"
5813,N2,2,1,"[""N2/f5813""]","[11625,11626]"
5814,N2,2,1,"[""N2/f5814""]","[11627,11628]"
5815,N2,2,1,"[""N2/f5815""]","[11629,11630]"
5816,N2,2,1,"[""N2/f5816""]","[11631,11632]"
5817,N2,2,1,"[""N2/f5817""]","[11633,11634]"
5818,N2,2,1,"[""N2/f5818""]","[11635,11636]"
5819,N2,2,1,"[""N2/f5819""]","[11637,11638]"
5820,N2,2,1,"[""N2/f5820""]","[11639,11640]"
5821,N2,2,1,"[""N2/f5821""]","[11641,11642]"
5822,N2,2,1,"[""N2/f5822""]","[11643,11644]"
5823,N2,2,1,"[""N2/f5823""]","[11645,11646]"
5824,N2,2,1,"[""N2/f5824""]","[11647,11648]"
5825,N2,2,1,"[""N2/f5825""]","[11649,11650]"
5826,N2,2,1,"[""N2/f5826""]","[11651,11652]"
5827,N2,2,1,"[""N2/f5827""]","[11653,11654]"
5828,N2,2,1,"[""N2/f5828""]","[11655,11656]"
5829,N2,2,1,"[""N2/f5829""]","[11657,11658]"
5830,N2,2,1,"[""N2/f5830""]","[11659,11660]"
5831,N2,2,1,"[""N2/f5831""]","[11661,11662]"
5832,N2,2,1,"[""N2/f5832""]","[11663,11664]"
5833,N2,2,1,"[""N2/f5833""]","[11665,11666]"
5834,N2,2,1,"[""N2/f5834""]","[11667,11668]"
5835,N2,2,1,"[""N2/f5835""]","[11669,11670]"
5836,N2,2,1,"[""N2/f5836""]","[11671,11672]"
5837,N2,2,1,"[""N2/f5837""]","[11673,11674]"
5838,N2,2,1,"[""N2/f5838""]","[11675,11676]"
5839,N2,2,1,"[""N2/f5839""]","[11677,11678]"
5840,N2,2,1,"[""N2/f5840""]","[11679,11680]"
5841,N2,2,1,"[""N2/f5841""]","[11681,11682]"
5842,N2,2,1,"[""N2/f5842""]","[11683,11684]"
5843,N2,2,1,"[""N2/f5843""]","[11685,11686]"
5844,N2,2,1,"[""N2/f5844""]","[11687,11688]"
5845,N2,2,1,"[""N2/f5845""]","[11689,11690]"
5846,N2,2,1,"[""N2/f5846""]","[11691,11692]"
5847,N2,2,1,"[""N2/f5847""]","[11693,11694]"
5848,N2,2,1,"[""N2/f5848""]","[11695,11696]"
5849,N2,2,1,"[""N2/f5849""]","[11697,11698]"
5850,N2,2,1,"[""N2/f5850""]","[11699,11700]"
5851,N2,2,1,"[""N2/f5851""]","[11701,11702]"
5852,N2,2,1,"[""N2/f5852""]","[11703,11704]"
5853,N2,2,1,"[""N2/f5853""]","[11705,11706]"
5854,N2,2,1,"[""N2/f5854""]","[11707,11708]"
5855,N2,2,1,"[""N2/f5855""]","[11709,11710]"
5856,N2,2,1,"[""N2/f5856""]","[11711,11712]"
5857,N2,2,1,"[""N2/f5857""]","[11713,11714]"
5858,N2,2,1,"[""N2/f5858""]","[11715,11716]"
5859,N2,2,1,"[""N2/f5859""]","[11717,11718]"
5860,N2,2,1,"[""N2/f5860""]","[11719,11720]"
5861,N2,2,1,"[""N2/f5861""]","[11721,11722]"
5862,N2,2,1,"[""N2/f5862""]","[11723,11724]"
5863,N2,2,1,"[""N2/f5863""]","[11725,11726]"
5864,N2,2,1,"[""N2/f5864""]","[11727,11728]"
5865,N2,2,1,"[""N2/f5865""]","[11729,11730]"
5866,N2,2,1,"[""N2/f5866""]","[11731,11732]"
5867,N2,2,1,"[""N2/f5867""]","[11733,11734]"
5868,N2,2,1,"[""N2/f5868""]","[11735,11736]"
5869,N2,2,1,"[""N2/f5869""]","[11737,11738]"
5870,N2,2,1,"[""N2/f5870""]","[11739,11740]"
5871,N2,2,1,"[""N2/f5871""]","[11741,11742]"
5872,N2,2,1,"[""N2/f5872""]","[11743,11744]"
5873,N2,2,1,"[""N2/f5873""]","[11745,11746]"
5874,N2,2,1,"[""N2/f5874""]","[11747,11748]"
5875,N2,2,1,"[""N2/f5875""]","[11749,11750]"
5876,N2,2,1,"[""N2/f5876""]","[11751,11752]"
5877,N2,2,1,"[""N2/f5877""]","[11753,11754]"
5878,N2,2,1,"[""N2/f5878""]","[11755,11756]"
5879,N2,2,1,"[""N2/f5879""]","[11757,11758]"
5880,N2,2,1,"[""N2/f5880""]","[11759,11760]"
5881,N2,2,1,"[""N2/f5881""]","[11761,11762]"
5882,N2,2,1,"[""N2/f5882""]","[11763,11764]"
5883,N2,2,1,"[""N2/f5883""]","[11765,11766]"
5884,N2,2,1,"[""N2/f5884""]","[11767,11768]"
5885,N2,2,1,"[""N2/f5885""]","[11769,11770]"
5886,N2,2,1,"[""N2/f5886""]","[11771,11772]"
5887,N2,2,1,"[""N2/f5887""]","[11773,11774]"
5888,N2,2,1,"[""N2/f5888""]","[11775,11776]"
5889,N2,2,1,"[""N2/f5889""]","[11777,11778]"
5890,N2,2,1,"[""N2/f5890""]","[11779,11780]"
5891,N2,2,1,"[""N2/f5891""]","[11781,11782]"
5892,N2,2,1,"[""N2/f5892""]","[11783,11784]"
5893,N2,2,1,"[""N2/f5893""]","[11785,11786]"
5894,N2,2,1,"[""N2/f5894""]","[11787,11788]"
5895,N2,2,1,"[""N2/f5895""]","[11789,11790]"
5896,N2,2,1,"[""N2/f5896""]","[11791,11792]"
5897,N2,2,1,"[""N2/f5897""]","[11793,11794]"
5898,N2,2,1,"[""N2/f5898""]","[11795,11796]"
5899,N2,2,1,"[""N2/f5899""]","[11797,11798]"
5900,N2,2,1,"[""N2/f5900""]","[11799,11800]"
5901,N2,2,1,"[""N2/f5901""]","[11801,11802]"
5902,N2,2,1,"[""N2/f5902""]","[11803,11804]"
5903,N2,2,1,"[""N2/f5903""]","[11805,11806]"
5904,N2,2,1,"[""N2/f5904""]","[11807,11808]"
5905,N2,2,1,"[""N2/f5905""]","[11809,11810]"
5906,N2,2,1,"[""N2/f5906""]","[11811,11812]"
5907,N2,2,1,"[""N2/f5907""]","[11813,11814]"
5908,N2,2,1,"[""N2/f5908""]","[11815,11816]"
5909,N2,2,1,"[""N2/f5909""]","[11817,11818]"
5910,N2,2,1,"[""N2/f5910""]","[11819,11820]"
5911,N2,2,1,"[""N2/f5911""]","[11821,11822]"
5912,N2,2,1,"[""N2/f5912""]","[11823,11824]"
5913,N2,2,1,"[""N2/f5913""]","[11825,11826]"
5914,N2,2,1,"[""N2/f5914""]","[11827,11828]"
5915,N2,2,1,"[""N2/f5915""]","[11829,11830]"
5916,N2,2,1,"[""N2/f5916""]","[11831,11832]"
5917,N2,2,1,"[""N2/f5917""]","[11833,11834]"
5918,N2,2,1,"[""N2/f5918""]","[11835,11836]"
5919,N2,2,1,"[""N2/f5919""]","[11837,11838]"
5920,N2,2,1,"[""N2/f5920""]","[11839,11840]"
5921,N2,2,1,"[""N2/f5921""]","[11841,11842]"
5922,N2,2,1,"[""N2/f5922""]","[11843,11844]"
5923,N2,2,1,"[""N2/f5923""]","[11845,11846]"
5924,N2,2,1,"[""N2/f5924""]","[11847,11848]"
5925,N2,2,1,"[""N2/f5925""]","[11849,11850]"
5926,N2,2,1,"[""N2/f5926""]","[11851,11852]"
5927,N2,2,1,"[""N2/f5927""]","[11853,11854]"
5928,N2,2,1,"[""N2/f5928""]","[11855,11856]"
5929,N2,2,1,"[""N2/f5929""]","[11857,11858]"
5930,N2,2,1,"[""N2/f5930""]","[11859,11860]"
5931,N2,2,1,"[""N2/f5931""]","[11861,11862]"
5932,N2,2,1,"[""N2/f5932""]","[11863,11864]"
5933,N2,2,1,"[""N2/f5933""]","[11865,11866]"
5934,N2,2,1,"[""N2/f5934""]","[11867,11868]"
5935,N2,2,1,"[""N2/f5935""]","[11869,11870]"
5936,N2,2,1,"[""N2/f5936""]","[11871,11872]"
5937,N2,2,1,"[""N2/f5937""]","[11873,11874]"
5938,N2,2,1,"[""N2/f5938""]","[11875,11876]"
5939,N2,2,1,"[""N2/f5939""]","[11877,11878]"
5940,N2,2,1,"[""N2/f5940""]","[11879,11880]"
5941,N2,2,1,"[""N2/f5941""]","[11881,11882]"
5942,N2,2,1,"[""N2/f5942""]","[11883,11884]"
5943,N2,2,1,"[""N2/f5943""]","[11885,11886]"
5944,N2,2,1,"[""N2/f5944""]","[11887,11888]"
5945,N2,2,1,"[""N2/f5945""]","[11889,11890]"
5946,N2,2,1,"[""N2/f5946""]","[11891,11892]"
5947,N2,2,1,"[""N2/f5947""]","[11893,11894]"
5948,N2,2,1,"[""N2/f5948""]","[11895,11896]"
5949,N2,2,1,"[""N2/f5949""]","[11897,11898]"
5950,N2,2,1,"[""N2/f5950""]","[11899,11900]"
5951,N2,2,1,"[""N2/f5951""]","[11901,11902]"
5952,N2,2,1,"[""N2/f5952""]","[11903,11904]"
5953,N2,2,1,"[""N2/f5953""]","[11905,11906]"
5954,N2,2,1,"[""N2/f5954""]","[11907,11908]"
5955,N2,2,1,"[""N2/f5955""]","[11909,11910]"
5956,N2,2,1,"[""N2/f5956""]","[11911,11912]"
5957,N2,2,1,"[""N2/f5957""]","[11913,11914]"
5958,N2,2,1,"[""N2/f5958""]","[11915,11916]"
5959,N2,2,1,"[""N2/f5959""]","[11917,11918]"
5960,N2,2,1,"[""N2/f5960""]","[11919,11920]"
5961,N2,2,1,"[""N2/f5961""]","[11921,11922]"
5962,N2,2,1,"[""N2/f5962""]","[11923,11924]"
5963,N2,2,1,"[""N2/f5963""]","[11925,11926]"
5964,N2,2,1,"[""N2/f5964""]","[11927,11928]"
5965,N2,2,1,"[""N2/f5965""]","[11929,11930]"
5966,N2,2,1,"[""N2/f5966""]","[11931,11932]"
5967,N2,2,1,"[""N2/f5967""]","[11933,11934]"
5968,N2,2,1,"[""N2/f5968""]","[11935,11936]"
5969,N2,2,1,"[""N2/f5969""]","[11937,11938]"
5970,N2,2,1,"[""N2/f5970""]","[11939,11940]"
5971,N2,2,1,"[""N2/f5971""]","[11941,11942]"
5972,N2,2,1,"[""N2/f5972""]","[11943,11944]"
5973,N2,2,1,"[""N2/f5973""]","[11945,11946]"
5974,N2,2,1,"[""N2/f5974""]","[11947,11948]"
5975,N2,2,1,"[""N2/f5975""]","[11949,11950]"
5976,N2,2,1,"[""N2/f5976""]","[11951,11952]"
5977,N2,2,1,"[""N2/f5977""]","[11953,11954]"
5978,N2,2,1,"[""N2/f5978""]","[11955,11956]"
5979,N2,2,1,"[""N2/f5979""]","[11957,11958]"
5980,N2,2,1,"[""N2/f5980""]","[11959,11960]"
5981,N2,2,1,"[""N2/f5981""]","[11961,11962]"
5982,N2,2,1,"[""N2/f5982""]","[11963,11964]"
5983,N2,2,1,"[""N2/f5983""]","[11965,11966]"
5984,N2,2,1,"[""N2/f5984""]","[11967,11968]"
5985,N2,2,1,"[""N2/f5985""]","[11969,11970]"
5986,N2,2,1,"[""N2/f5986""]","[11971,11972]"
5987,N2,2,1,"[""N2/f5987""]","[11973,11974]"
5988,N2,2,1,"[""N2/f5988""]","[11975,11976]"
5989,N2,2,1,"[""N2/f5989""]","[11977,11978]"
5990,N2,2,1,"[""N2/f5990""]","[11979,11980]"
5991,N2,2,1,"[""N2/f5991""]","[11981,11982]"
5992,N2,2,1,"[""N2/f5992""]","[11983,11984]"
5993,N2,2,1,"[""N2/f5993""]","[11985,11986]"
5994,N2,2,1,"[""N2/f5994""]","[11987,11988]"
5995,N2,2,1,"[""N2/f5995""]","[11989,11990]"
5996,N2,2,1,"[""N2/f5996""]","[11991,11992]"
5997,N2,2,1,"[""N2/f5997""]","[11993,11994]"
5998,N2,2,1,"[""N2/f5998""]","[11995,11996]"
5999,N2,2,1,"[""N2/f5999""]","[11997,11998]"
6000,N2,2,1,"[""N2/f6000""]","[11999,12000]"
6001,N2,2,1,"[""N2/f6001""]","[12001,12002]"
6002,N2,2,1,"[""N2/f6002""]","[12003,12004]"
6003,N2,2,1,"[""N2/f6003""]","[12005,12006]"
6004,N2,2,1,"[""N2/f6004""]","[12007,12008]"
6005,N2,2,1,"[""N2/f6005""]","[12009,12010]"
6006,N2,2,1,"[""N2/f6006""]","[12011,12012]"
6007,N2,2,1,"[""N2/f6007""]","[12013,12014]"
6008,N2,2,1,"[""N2/f6008""]","[12015,12016]"
6009,N2,2,1,"[""N2/f6009""]","[12017,12018]"
6010,N2,2,1,"[""N2/f6010""]","[12019,12020]"
6011,N2,2,1,"[""N2/f6011""]","[12021,12022]"
6012,N2,2,1,"[""N2/f6012""]","[12023,12024]"
6013,N2,2,1,"[""N2/f6013""]","[12025,12026]"
6014,N2,2,1,"[""N2/f6014""]","[12027,12028]"
6015,N2,2,1,"[""N2/f6015""]","[12029,12030]"
6016,N2,2,1,"[""N2/f6016""]","[12031,12032]"
6017,N2,2,1,"[""N2/f6017""]","[12033,12034]"
6018,N2,2,1,"[""N2/f6018""]","[12035,12036]"
6019,N2,2,1,"[""N2/f6019""]","[12037,12038]"
6020,N2,2,1,"[""N2/f6020""]","[12039,12040]"
6021,N2,2,1,"[""N2/f6021""]","[12041,12042]"
6022,N2,2,1,"[""N2/f6022""]","[12043,12044]"
6023,N2,2,1,"[""N2/f6023""]","[12045,12046]"
6024,N2,2,1,"[""N2/f6024""]","[12047,12048]"
6025,N2,2,1,"[""N2/f6025""]","[12049,12050]"
6026,N2,2,1,"[""N2/f6026""]","[12051,12052]"
6027,N2,2,1,"[""N2/f6027""]","[12053,12054]"
6028,N2,2,1,"[""N2/f6028""]","[12055,12056]"
6029,N2,2,1,"[""N2/f6029""]","[12057,12058]"
6030,N2,2,1,"[""N2/f6030""]","[12059,12060]"
6031,N2,2,1,"[""N2/f6031""]","[12061,12062]"
6032,N2,2,1,"[""N2/f6032""]","[12063,12064]"
6033,N2,2,1,"[""N2/f6033""]","[12065,12066]"
6034,N2,2,1,"[""N2/f6034""]","[12067,12068]"
6035,N2,2,1,"[""N2/f6035""]","[12069,12070]"
6036,N2,2,1,"[""N2/f6036""]","[12071,12072]"
6037,N2,2,1,"[""N2/f6037""]","[12073,12074]"
6038,N2,2,1,"[""N2/f6038""]","[12075,12076]"
6039,N2,2,1,"[""N2/f6039""]","[12077,12078]"
6040,N2,2,1,"[""N2/f6040""]","[12079,12080]"
6041,N2,2,1,"[""N2/f6041""]","[12081,12082]"
6042,N2,2,1,"[""N2/f6042""]","[12083,12084]"
6043,N2,2,1,"[""N2/f6043""]","[12085,12086]"
6044,N2,2,1,"[""N2/f6044""]","[12087,12088]"
6045,N2,2,1,"[""N2/f6045""]","[12089,12090]"
6046,N2,2,1,"[""N2/f6046""]","[12091,12092]"
6047,N2,2,1,"[""N2/f6047""]","[12093,12094]"
6048,N2,2,1,"[""N2/f6048""]","[12095,12096]"
6049,N2,2,1,"[""N2/f6049""]","[12097,12098]"
6050,N2,2,1,"[""N2/f6050""]","[12099,12100]"
6051,N2,2,1,"[""N2/f6051""]","[12101,12102]"
6052,N2,2,1,"[""N2/f6052""]","[12103,12104]"
6053,N2,2,1,"[""N2/f6053""]","[12105,12106]"
6054,N2,2,1,"[""N2/f6054""]","[12107,12108]"
6055,N2,2,1,"[""N2/f6055""]","[12109,12110]"
6056,N2,2,1,"[""N2/f6056""]","[12111,12112]"
6057,N2,2,1,"[""N2/f6057""]","[12113,12114]"
6058,N2,2,1,"[""N2/f6058""]","[12115,12116]"
6059,N2,2,1,"[""N2/f6059""]","[12117,12118]"
6060,N2,2,1,"[""N2/f6060""]","[12119,12120]"
6061,N2,2,1,"[""N2/f6061""]","[12121,12122]"
6062,N2,2,1,"[""N2/f6062""]","[12123,12124]"
6063,N2,2,1,"[""N2/f6063""]","[12125,12126]"
6064,N2,2,1,"[""N2/f6064""]","[12127,12128]"
6065,N2,2,1,"[""N2/f6065""]","[12129,12130]"
6066,N2,2,1,"[""N2/f6066""]","[12131,12132]"
6067,N2,2,1,"[""N2/f6067""]","[12133,12134]"
6068,N2,2,1,"[""N2/f6068""]","[12135,12136]"
6069,N2,2,1,"[""N2/f6069""]","[12137,12138]"
6070,N2,2,1,"[""N2/f6070""]","[12139,12140]"
6071,N2,2,1,"[""N2/f6071""]","[12141,12142]"
6072,N2,2,1,"[""N2/f6072""]","[12143,12144]"
6073,N2,2,1,"[""N2/f6073""]","[12145,12146]"
6074,N2,2,1,"[""N2/f6074""]","[12147,12148]"
6075,N2,2,1,"[""N2/f6075""]","[12149,12150]"
6076,N2,2,1,"[""N2/f6076""]","[12151,12152]"
6077,N2,2,1,"[""N2/f6077""]","[12153,12154]"
6078,N2,2,1,"[""N2/f6078""]","[12155,12156]"
6079,N2,2,1,"[""N2/f6079""]","[12157,12158]"
6080,N2,2,1,"[""N2/f6080""]","[12159,12160]"
6081,N2,2,1,"[""N2/f6081""]","[12161,12162]"
6082,N2,2,1,"[""N2/f6082""]","[12163,12164]"
6083,N2,2,1,"[""N2/f6083""]","[12165,12166]"
6084,N2,2,1,"[""N2/f6084""]","[12167,12168]"
6085,N2,2,1,"[""N2/f6085""]","[12169,12170]"
6086,N2,2,1,"[""N2/f6086""]","[12171,12172]"
6087,N2,2,1,"[""N2/f6087""]","[12173,12174]"
6088,N2,2,1,"[""N2/f6088""]","[12175,12176]"
6089,N2,2,1,"[""N2/f6089""]","[12177,12178]"
6090,N2,2,1,"[""N2/f6090""]","[12179,12180]"
6091,N2,2,1,"[""N2/f6091""]","[12181,12182]"
6092,N2,2,1,"[""N2/f6092""]","[12183,12184]"
6093,N2,2,1,"[""N2/f6093""]","[12185,12186]"
6094,N2,2,1,"[""N2/f6094""]","[12187,12188]"
6095,N2,2,1,"[""N2/f6095""]","[12189,12190]"
6096,N2,2,1,"[""N2/f6096""]","[12191,12192]"
6097,N2,2,1,"[""N2/f6097""]","[12193,12194]"
6098,N2,2,1,"[""N2/f6098""]","[12195,12196]"
6099,N2,2,1,"[""N2/f6099""]","[12197,12198]"
6100,N2,2,1,"[""N2/f6100""]","[12199,12200]"
6101,N2,2,1,"[""N2/f6101""]","[12201,12202]"
6102,N2,2,1,"[""N2/f6102""]","[12203,12204]"
6103,N2,2,1,"[""N2/f6103""]","[12205,12206]"
6104,N2,2,1,"[""N2/f6104""]","[12207,12208]"
6105,N2,2,1,"[""N2/f6105""]","[12209,12210]"
6106,N2,2,1,"[""N2/f6106""]","[12211,12212]"
6107,N2,2,1,"[""N2/f6107""]","[12213,12214]"
6108,N2,2,1,"[""N2/f6108""]","[12215,12216]"
6109,N2,2,1,"[""N2/f6109""]","[12217,12218]"
6110,N2,2,1,"[""N2/f6110""]","[12219,12220]"
6111,N2,2,1,"[""N2/f6111""]","[12221,12222]"
6112,N2,2,1,"[""N2/f6112""]","[12223,12224]"
6113,N2,2,1,"[""N2/f6113""]","[12225,12226]"
6114,N2,2,1,"[""N2/f6114""]","[12227,12228]"
6115,N2,2,1,"[""N2/f6115""]","[12229,12230]"
6116,N2,2,1,"[""N2/f6116""]","[12231,12232]"
6117,N2,2,1,"[""N2/f6117""]","[12233,12234]"
6118,N2,2,1,"[""N2/f6118""]","[12235,12236]"
6119,N2,2,1,"[""N2/f6119""]","[12237,12238]"
6120,N2,2,1,"[""N2/f6120""]","[12239,12240]"
6121,N2,2,1,"[""N2/f6121""]","[12241,12242]"
6122,N2,2,1,"[""N2/f6122""]","[12243,12244]"
6123,N2,2,1,"[""N2/f6123""]","[12245,12246]"
6124,N2,2,1,"[""N2/f6124""]","[12247,12248]"
6125,N2,2,1,"[""N2/f6125""]","[12249,12250]"
6126,N2,2,1,"[""N2/f6126""]","[12251,12252]"
6127,N2,2,1,"[""N2/f6127""]","[12253,12254]"
6128,N2,2,1,"[""N2/f6128""]","[12255,12256]"
6129,N2,2,1,"[""N2/f6129""]","[12257,12258]"
6130,N2,2,1,"[""N2/f6130""]","[12259,12260]"
6131,N2,2,1,"[""N2/f6131""]","[12261,12262]"
6132,N2,2,1,"[""N2/f6132""]","[12263,12264]"
6133,N2,2,1,"[""N2/f6133""]","[12265,12266]"
6134,N2,2,1,"[""N2/f6134""]","[12267,12268]"
6135,N2,2,1,"[""N2/f6135""]","[12269,12270]"
6136,N2,2,1,"[""N2/f6136""]","[12271,12272]"
6137,N2,2,1,"[""N2/f6137""]","[12273,12274]"
6138,N2,2,1,"[""N2/f6138""]","[12275,12276]"
6139,N2,2,1,"[""N2/f6139""]","[12277,12278]"
6140,N2,2,1,"[""N2/f6140""]","[12279,12280]"
6141,N2,2,1,"[""N2/f6141""]","[12281,12282]"
6142,N2,2,1,"[""N2/f6142""]","[12283,12284]"
6143,N2,2,1,"[""N2/f6143""]","[12285,12286]"
6144,N2,2,1,"[""N2/f6144""]","[12287,12288]"
6145,N2,2,1,"[""N2/f6145""]","[12289,12290]"
6146,N2,2,1,"[""N2/f6146""]","[12291,12292]"
6147,N2,2,1,"[""N2/f6147""]","[12293,12294]"
6148,N2,2,1,"[""N2/f6148""]","[12295,12296]"
6149,N2,2,1,"[""N2/f6149""]","[12297,12298]"
6150,N2,2,1,"[""N2/f6150""]","[12299,12300]"
6151,N2,2,1,"[""N2/f6151""]","[12301,12302]"
6152,N2,2,1,"[""N2/f6152""]","[12303,12304]"
6153,N2,2,1,"[""N2/f6153""]","[12305,12306]"
6154,N2,2,1,"[""N2/f6154""]","[12307,12308]"
6155,N2,2,1,"[""N2/f6155""]","[12309,12310]"
6156,N2,2,1,"[""N2/f6156""]","[12311,12312]"
6157,N2,2,1,"[""N2/f6157""]","[12313,12314]"
6158,N2,2,1,"[""N2/f6158""]","[12315,12316]"
6159,N2,2,1,"[""N2/f6159""]","[12317,12318]"
6160,N2,2,1,"[""N2/f6160""]","[12319,12320]"
6161,N2,2,1,"[""N2/f6161""]","[12321,12322]"
6162,N2,2,1,"[""N2/f6162""]","[12323,12324]"
6163,N2,2,1,"[""N2/f6163""]","[12325,12326]"
6164,N2,2,1,"[""N2/f6164""]","[12327,12328]"
6165,N2,2,1,"[""N2/f6165""]","[12329,12330]"
6166,N2,2,1,"[""N2/f6166""]","[12331,12332]"
6167,N2,2,1,"[""N2/f6167""]","[12333,12334]"
6168,N2,2,1,"[""N2/f6168""]","[12335,12336]"
6169,N2,2,1,"[""N2/f6169""]","[12337,12338]"
6170,N2,2,1,"[""N2/f6170""]","[12339,12340]"
6171,N2,2,1,"[""N2/f6171""]","[12341,12342]"
6172,N2,2,1,"[""N2/f6172""]","[12343,12344]"
6173,N2,2,1,"[""N2/f6173""]","[12345,12346]"
6174,N2,2,1,"[""N2/f6174""]","[12347,12348]"
6175,N2,2,1,"[""N2/f6175""]","[12349,12350]"
6176,N2,2,1,"[""N2/f6176""]","[12351,12352]"
6177,N2,2,1,"[""N2/f6177""]","[12353,12354]"
6178,N2,2,1,"[""N2/f6178""]","[12355,12356]"
6179,N2,2,1,"[""N2/f6179""]","[12357,12358]"
6180,N2,2,1,"[""N2/f6180""]","[12359,12360]"
6181,N2,2,1,"[""N2/f6181""]","[12361,12362]"
6182,N2,2,1,"[""N2/f6182""]","[12363,12364]"
6183,N2,2,1,"[""N2/f6183""]","[12365,12366]"
6184,N2,2,1,"[""N2/f6184""]","[12367,12368]"
6185,N2,2,1,"[""N2/f6185""]","[12369,12370]"
6186,N2,2,1,"[""N2/f6186""]","[12371,12372]"
6187,N2,2,1,"[""N2/f6187""]","[12373,12374]"
6188,N2,2,1,"[""N2/f6188""]","[12375,12376]"
6189,N2,2,1,"[""N2/f6189""]","[12377,12378]"
6190,N2,2,1,"[""N2/f6190""]","[12379,12380]"
6191,N2,2,1,"[""N2/f6191""]","[12381,12382]"
6192,N2,2,1,"[""N2/f6192""]","[12383,12384]"
6193,N2,2,1,"[""N2/f6193""]","[12385,12386]"
6194,N2,2,1,"[""N2/f6194""]","[12387,12388]"
6195,N2,2,1,"[""N2/f6195""]","[12389,12390]"
6196,N2,2,1,"[""N2/f6196""]","[12391,12392]"
6197,N2,2,1,"[""N2/f6197""]","[12393,12394]"
6198,N2,2,1,"[""N2/f6198""]","[12395,12396]"
6199,N2,2,1,"[""N2/f6199""]","[12397,12398]"
6200,N2,2,1,"[""N2/f6200""]","[12399,12400]"
6201,N2,2,1,"[""N2/f6201""]","[12401,12402]"
6202,N2,2,1,"[""N2/f6202""]","[12403,12404]"
6203,N2,2,1,"[""N2/f6203""]","[12405,12406]"
6204,N2,2,1,"[""N2/f6204""]","[12407,12408]"
6205,N2,2,1,"[""N2/f6205""]","[12409,12410]"
6206,N2,2,1,"[""N2/f6206""]","[12411,12412]"
6207,N2,2,1,"[""N2/f6207""]","[12413,12414]"
6208,N2,2,1,"[""N2/f6208""]","[12415,12416]"
6209,N2,2,1,"[""N2/f6209""]","[12417,12418]"
6210,N2,2,1,"[""N2/f6210""]","[12419,12420]"
6211,N2,2,1,"[""N2/f6211""]","[12421,12422]"
6212,N2,2,1,"[""N2/f6212""]","[12423,12424]"
6213,N2,2,1,"[""N2/f6213""]","[12425,12426]"
6214,N2,2,1,"[""N2/f6214""]","[12427,12428]"
6215,N2,2,1,"[""N2/f6215""]","[12429,12430]"
6216,N2,2,1,"[""N2/f6216""]","[12431,12432]"
6217,N2,2,1,"[""N2/f6217""]","[12433,12434]"
6218,N2,2,1,"[""N2/f6218""]","[12435,12436]"
6219,N2,2,1,"[""N2/f6219""]","[12437,12438]"
6220,N2,2,1,"[""N2/f6220""]","[12439,12440]"
6221,N2,2,1,"[""N2/f6221""]","[12441,12442]"
6222,N2,2,1,"[""N2/f6222""]","[12443,12444]"
6223,N2,2,1,"[""N2/f6223""]","[12445,12446]"
6224,N2,2,1,"[""N2/f6224""]","[12447,12448]"
6225,N2,2,1,"[""N2/f6225""]","[12449,12450]"
6226,N2,2,1,"[""N2/f6226""]","[12451,12452]"
6227,N2,2,1,"[""N2/f6227""]","[12453,12454]"
6228,N2,2,1,"[""N2/f6228""]","[12455,12456]"
6229,N2,2,1,"[""N2/f6229""]","[12457,12458]"
6230,N2,2,1,"[""N2/f6230""]","[12459,12460]"
6231,N2,2,1,"[""N2/f6231""]","[12461,12462]"
6232,N2,2,1,"[""N2/f6232""]","[12463,12464]"
6233,N2,2,1,"[""N2/f6233""]","[12465,12466]"
6234,N2,2,1,"[""N2/f6234""]","[12467,12468]"
6235,N2,2,1,"[""N2/f6235""]","[12469,12470]"
6236,N2,2,1,"[""N2/f6236""]","[12471,12472]"
6237,N2,2,1,"[""N2/f6237""]","[12473,12474]"
6238,N2,2,1,"[""N2/f6238""]","[12475,12476]"
6239,N2,2,1,"[""N2/f6239""]","[12477,12478]"
6240,N2,2,1,"[""N2/f6240""]","[12479,12480]"
6241,N2,2,1,"[""N2/f6241""]","[12481,12482]"
6242,N2,2,1,"[""N2/f6242""]","[12483,12484]"
6243,N2,2,1,"[""N2/f6243""]","[12485,12486]"
6244,N2,2,1,"[""N2/f6244""]","[12487,12488]"
6245,N2,2,1,"[""N2/f6245""]","[12489,12490]"
6246,N2,2,1,"[""N2/f6246""]","[12491,12492]"
6247,N2,2,1,"[""N2/f6247""]","[12493,12494]"
6248,N2,2,1,"[""N2/f6248""]","[12495,12496]"
6249,N2,2,1,"[""N2/f6249""]","[12497,12498]"
6250,N2,2,1,"[""N2/f6250""]","[12499,12500]"
6251,N2,2,1,"[""N2/f6251""]","[12501,12502]"
6252,N2,2,1,"[""N2/f6252""]","[12503,12504]"
6253,N2,2,1,"[""N2/f6253""]","[12505,12506]"
6254,N2,2,1,"[""N2/f6254""]","[12507,12508]"
6255,N2,2,1,"[""N2/f6255""]","[12509,12510]"
6256,N2,2,1,"[""N2/f6256""]","[12511,12512]"
6257,N2,2,1,"[""N2/f6257""]","[12513,12514]"
6258,N2,2,1,"[""N2/f6258""]","[12515,12516]"
6259,N2,2,1,"[""N2/f6259""]","[12517,12518]"
6260,N2,2,1,"[""N2/f6260""]","[12519,12520]"
6261,N2,2,1,"[""N2/f6261""]","[12521,12522]"
6262,N2,2,1,"[""N2/f6262""]","[12523,12524]"
6263,N2,2,1,"[""N2/f6263""]","[12525,12526]"
6264,N2,2,1,"[""N2/f6264""]","[12527,12528]"
6265,N2,2,1,"[""N2/f6265""]","[12529,12530]"
6266,N2,2,1,"[""N2/f6266""]","[12531,12532]"
6267,N2,2,1,"[""N2/f6267""]","[12533,12534]"
6268,N2,2,1,"[""N2/f6268""]","[12535,12536]"
6269,N2,2,1,"[""N2/f6269""]","[12537,12538]"
6270,N2,2,1,"[""N2/f6270""]","[12539,12540]"
6271,N2,2,1,"[""N2/f6271""]","[12541,12542]"
6272,N2,2,1,"[""N2/f6272""]","[12543,12544]"
6273,N2,2,1,"[""N2/f6273""]","[12545,12546]"
6274,N2,2,1,"[""N2/f6274""]","[12547,12548]"
6275,N2,2,1,"[""N2/f6275""]","[12549,12550]"
6276,N2,2,1,"[""N2/f6276""]","[12551,12552]"
6277,N2,2,1,"[""N2/f6277""]","[12553,12554]"
6278,N2,2,1,"[""N2/f6278""]","[12555,12556]"
6279,N2,2,1,"[""N2/f6279""]","[12557,12558]"
6280,N2,2,1,"[""N2/f6280""]","[12559,12560]"
6281,N2,2,1,"[""N2/f6281""]","[12561,12562]"
6282,N2,2,1,"[""N2/f6282""]","[12563,12564]"
6283,N2,2,1,"[""N2/f6283""]","[12565,12566]"
6284,N2,2,1,"[""N2/f6284""]","[12567,12568]"
6285,N2,2,1,"[""N2/f6285""]","[12569,12570]"
6286,N2,2,1,"[""N2/f6286""]","[12571,12572]"
6287,N2,2,1,"[""N2/f6287""]","[12573,12574]"
6288,N2,2,1,"[""N2/f6288""]","[12575,12576]"
6289,N2,2,1,"[""N2/f6289""]","[12577,12578]"
6290,N2,2,1,"[""N2/f6290""]","[12579,12580]"
6291,N2,2,1,"[""N2/f6291""]","[12581,12582]"
6292,N2,2,1,"[""N2/f6292""]","[12583,12584]"
6293,N2,2,1,"[""N2/f6293""]","[12585,12586]"
6294,N2,2,1,"[""N2/f6294""]","[12587,12588]"
6295,N2,2,1,"[""N2/f6295""]","[12589,12590]"
6296,N2,2,1,"[""N2/f6296""]","[12591,12592]"
6297,N2,2,1,"[""N2/f6297""]","[12593,12594]"
6298,N2,2,1,"[""N2/f6298""]","[12595,12596]"
6299,N2,2,1,"[""N2/f6299""]","[12597,12598]"
6300,N2,2,1,"[""N2/f6300""]","[12599,12600]"
6301,N2,2,1,"[""N2/f6301""]","[12601,12602]"
6302,N2,2,1,"[""N2/f6302""]","[12603,12604]"
6303,N2,2,1,"[""N2/f6303""]","[12605,12606]"
6304,N2,2,1,"[""N2/f6304""]","[12607,12608]"
6305,N2,2,1,"[""N2/f6305""]","[12609,12610]"
6306,N2,2,1,"[""N2/f6306""]","[12611,12612]"
6307,N2,2,1,"[""N2/f6307""]","[12613,12614]"
6308,N2,2,1,"[""N2/f6308""]","[12615,12616]"
6309,N2,2,1,"[""N2/f6309""]","[12617,12618]"
6310,N2,2,1,"[""N2/f6310""]","[12619,12620]"
6311,N2,2,1,"[""N2/f6311""]","[12621,12622]"
6312,N2,2,1,"[""N2/f6312""]","[12623,12624]"
6313,N2,2,1,"[""N2/f6313""]","[12625,12626]"
6314,N2,2,1,"[""N2/f6314""]","[12627,12628]"
6315,N2,2,1,"[""N2/f6315""]","[12629,12630]"
6316,N2,2,1,"[""N2/f6316""]","[12631,12632]"
6317,N2,2,1,"[""N2/f6317""]","[12633,12634]"
6318,N2,2,1,"[""N2/f6318""]","[12635,12636]"
6319,N2,2,1,"[""N2/f6319""]","[12637,12638]"
6320,N2,2,1,"[""N2/f6320""]","[12639,12640]"
6321,N2,2,1,"[""N2/f6321""]","[12641,12642]"
6322,N2,2,1,"[""N2/f6322""]","[12643,12644]"
6323,N2,2,1,"[""N2/f6323""]","[12645,12646]"
6324,N2,2,1,"[""N2/f6324""]","[12647,12648]"
6325,N2,2,1,"[""N2/f6325""]","[12649,12650]"
6326,N2,2,1,"[""N2/f6326""]","[12651,12652]"
6327,N2,2,1,"[""N2/f6327""]","[12653,12654]"
6328,N2,2,1,"[""N2/f6328""]","[12655,12656]"
6329,N2,2,1,"[""N2/f6329""]","[12657,12658]"
6330,N2,2,1,"[""N2/f6330""]","[12659,12660]"
6331,N2,2,1,"[""N2/f6331""]","[12661,12662]"
6332,N2,2,1,"[""N2/f6332""]","[12663,12664]"
6333,N2,2,1,"[""N2/f6333""]","[12665,12666]"
6334,N2,2,1,"[""N2/f6334""]","[12667,12668]"
6335,N2,2,1,"[""N2/f6335""]","[12669,12670]"
6336,N2,2,1,"[""N2/f6336""]","[12671,12672]"
6337,N2,2,1,"[""N2/f6337""]","[12673,12674]"
6338,N2,2,1,"[""N2/f6338""]","[12675,12676]"
6339,N2,2,1,"[""N2/f6339""]","[12677,12678]"
6340,N2,2,1,"[""N2/f6340""]","[12679,12680]"
6341,N2,2,1,"[""N2/f6341""]","[12681,12682]"
6342,N2,2,1,"[""N2/f6342""]","[12683,12684]"
6343,N2,2,1,"[""N2/f6343""]","[12685,12686]"
6344,N2,2,1,"[""N2/f6344""]","[12687,12688]"
6345,N2,2,1,"[""N2/f6345""]","[12689,12690]"
6346,N2,2,1,"[""N2/f6346""]","[12691,12692]"
6347,N2,2,1,"[""N2/f6347""]","[12693,12694]"
6348,N2,2,1,"[""N2/f6348""]","[12695,12696]"
6349,N2,2,1,"[""N2/f6349""]","[12697,12698]"
6350,N2,2,1,"[""N2/f6350""]","[12699,12700]"
6351,N2,2,1,"[""N2/f6351""]","[12701,12702]"
6352,N2,2,1,"[""N2/f6352""]","[12703,12704]"
6353,N2,2,1,"[""N2/f6353""]","[12705,12706]"
6354,N2,2,1,"[""N2/f6354""]","[12707,12708]"
6355,N2,2,1,"[""N2/f6355""]","[12709,12710]"
6356,N2,2,1,"[""N2/f6356""]","[12711,12712]"
6357,N2,2,1,"[""N2/f6357""]","[12713,12714]"
6358,N2,2,1,"[""N2/f6358""]","[12715,12716]"
6359,N2,2,1,"[""N2/f6359""]","[12717,12718]"
6360,N2,2,1,"[""N2/f6360""]","[12719,12720]"
6361,N2,2,1,"[""N2/f6361""]","[12721,12722]"
6362,N2,2,1,"[""N2/f6362""]","[12723,12724]"
6363,N2,2,1,"[""N2/f6363""]","[12725,12726]"
6364,N2,2,1,"[""N2/f6364""]","[12727,12728]"
6365,N2,2,1,"[""N2/f6365""]","[12729,12730]"
6366,N2,2,1,"[""N2/f6366""]","[12731,12732]"
6367,N2,2,1,"[""N2/f6367""]","[12733,12734]"
6368,N2,2,1,"[""N2/f6368""]","[12735,12736]"
6369,N2,2,1,"[""N2/f6369""]","[12737,12738]"
6370,N2,2,1,"[""N2/f6370""]","[12739,12740]"
6371,N2,2,1,"[""N2/f6371""]","[12741,12742]"
6372,N2,2,1,"[""N2/f6372""]","[12743,12744]"
6373,N2,2,1,"[""N2/f6373""]","[12745,12746]"
6374,N2,2,1,"[""N2/f6374""]","[12747,12748]"
6375,N2,2,1,"[""N2/f6375""]","[12749,12750]"
6376,N2,2,1,"[""N2/f6376""]","[12751,12752]"
6377,N2,2,1,"[""N2/f6377""]","[12753,12754]"
6378,N2,2,1,"[""N2/f6378""]","[12755,12756]"
6379,N2,2,1,"[""N2/f6379""]","[12757,12758]"
6380,N2,2,1,"[""N2/f6380""]","[12759,12760]"
6381,N2,2,1,"[""N2/f6381""]","[12761,12762]"
6382,N2,2,1,"[""N2/f6382""]","[12763,12764]"
6383,N2,2,1,"[""N2/f6383""]","[12765,12766]"
6384,N2,2,1,"[""N2/f6384""]","[12767,12768]"
6385,N2,2,1,"[""N2/f6385""]","[12769,12770]"
6386,N2,2,1,"[""N2/f6386""]","[12771,12772]"
6387,N2,2,1,"[""N2/f6387""]","[12773,12774]"
6388,N2,2,1,"[""N2/f6388""]","[12775,12776]"
6389,N2,2,1,"[""N2/f6389""]","[12777,12778]"
6390,N2,2,1,"[""N2/f6390""]","[12779,12780]"
6391,N2,2,1,"[""N2/f6391""]","[12781,12782]"
6392,N2,2,1,"[""N2/f6392""]","[12783,12784]"
6393,N2,2,1,"[""N2/f6393""]","[12785,12786]"
6394,N2,2,1,"[""N2/f6394""]","[12787,12788]"
6395,N2,2,1,"[""N2/f6395""]","[12789,12790]"
6396,N2,2,1,"[""N2/f6396""]","[12791,12792]"
6397,N2,2,1,"[""N2/f6397""]","[12793,12794]"
6398,N2,2,1,"[""N2/f6398""]","[12795,12796]"
6399,N2,2,1,"[""N2/f6399""]","[12797,12798]"
6400,N2,2,1,"[""N2/f6400""]","[12799,12800]"
6401,N2,2,1,"[""N2/f6401""]","[12801,12802]"
6402,N2,2,1,"[""N2/f6402""]","[12803,12804]"
6403,N2,2,1,"[""N2/f6403""]","[12805,12806]"
6404,N2,2,1,"[""N2/f6404""]","[12807,12808]"
6405,N2,2,1,"[""N2/f6405""]","[12809,12810]"
6406,N2,2,1,"[""N2/f6406""]","[12811,12812]"
6407,N2,2,1,"[""N2/f6407""]","[12813,12814]"
6408,N2,2,1,"[""N2/f6408""]","[12815,12816]"
6409,N2,2,1,"[""N2/f6409""]","[12817,12818]"
6410,N2,2,1,"[""N2/f6410""]","[12819,12820]"
6411,N2,2,1,"[""N2/f6411""]","[12821,12822]"
6412,N2,2,1,"[""N2/f6412""]","[12823,12824]"
6413,N2,2,1,"[""N2/f6413""]","[12825,12826]"
6414,N2,2,1,"[""N2/f6414""]","[12827,12828]"
6415,N2,2,1,"[""N2/f6415""]","[12829,12830]"
6416,N2,2,1,"[""N2/f6416""]","[12831,12832]"
6417,N2,2,1,"[""N2/f6417""]","[12833,12834]"
6418,N2,2,1,"[""N2/f6418""]","[12835,12836]"
6419,N2,2,1,"[""N2/f6419""]","[12837,12838]"
6420,N2,2,1,"[""N2/f6420""]","[12839,12840]"
6421,N2,2,1,"[""N2/f6421""]","[12841,12842]"
6422,N2,2,1,"[""N2/f6422""]","[12843,12844]"
6423,N2,2,1,"[""N2/f6423""]","[12845,12846]"
6424,N2,2,1,"[""N2/f6424""]","[12847,12848]"
6425,N2,2,1,"[""N2/f6425""]","[12849,12850]"
6426,N2,2,1,"[""N2/f6426""]","[12851,12852]"
6427,N2,2,1,"[""N2/f6427""]","[12853,12854]"
6428,N2,2,1,"[""N2/f6428""]","[12855,12856]"
6429,N2,2,1,"[""N2/f6429""]","[12857,12858]"
6430,N2,2,1,"[""N2/f6430""]","[12859,12860]"
6431,N2,2,1,"[""N2/f6431""]","[12861,12862]"
6432,N2,2,1,"[""N2/f6432""]","[12863,12864]"
6433,N2,2,1,"[""N2/f6433""]","[12865,12866]"
6434,N2,2,1,"[""N2/f6434""]","[12867,12868]"
6435,N2,2,1,"[""N2/f6435""]","[12869,12870]"
6436,N2,2,1,"[""N2/f6436""]","[12871,12872]"
6437,N2,2,1,"[""N2/f6437""]","[12873,12874]"
6438,N2,2,1,"[""N2/f6438""]","[12875,12876]"
6439,N2,2,1,"[""N2/f6439""]","[12877,12878]"
6440,N2,2,1,"[""N2/f6440""]","[12879,12880]"
6441,N2,2,1,"[""N2/f6441""]","[12881,12882]"
6442,N2,2,1,"[""N2/f6442""]","[12883,12884]"
6443,N2,2,1,"[""N2/f6443""]","[12885,12886]"
6444,N2,2,1,"[""N2/f6444""]","[12887,12888]"
6445,N2,2,1,"[""N2/f6445""]","[12889,12890]"
6446,N2,2,1,"[""N2/f6446""]","[12891,12892]"
6447,N2,2,1,"[""N2/f6447""]","[12893,12894]"
6448,N2,2,1,"[""N2/f6448""]","[12895,12896]"
6449,N2,2,1,"[""N2/f6449""]","[12897,12898]"
6450,N2,2,1,"[""N2/f6450""]","[12899,12900]"
6451,N2,2,1,"[""N2/f6451""]","[12901,12902]"
6452,N2,2,1,"[""N2/f6452""]","[12903,12904]"
6453,N2,2,1,"[""N2/f6453""]","[12905,12906]"
6454,N2,2,1,"[""N2/f6454""]","[12907,12908]"
6455,N2,2,1,"[""N2/f6455""]","[12909,12910]"
6456,N2,2,1,"[""N2/f6456""]","[12911,12912]"
6457,N2,2,1,"[""N2/f6457""]","[12913,12914]"
6458,N2,2,1,"[""N2/f6458""]","[12915,12916]"
6459,N2,2,1,"[""N2/f6459""]","[12917,12918]"
6460,N2,2,1,"[""N2/f6460""]","[12919,12920]"
6461,N2,2,1,"[""N2/f6461""]","[12921,12922]"
6462,N2,2,1,"[""N2/f6462""]","[12923,12924]"
6463,N2,2,1,"[""N2/f6463""]","[12925,12926]"
6464,N2,2,1,"[""N2/f6464""]","[12927,12928]"
6465,N2,2,1,"[""N2/f6465""]","[12929,12930]"
6466,N2,2,1,"[""N2/f6466""]","[12931,12932]"
6467,N2,2,1,"[""N2/f6467""]","[12933,12934]"
6468,N2,2,1,"[""N2/f6468""]","[12935,12936]"
6469,N2,2,1,"[""N2/f6469""]","[12937,12938]"
6470,N2,2,1,"[""N2/f6470""]","[12939,12940]"
6471,N2,2,1,"[""N2/f6471""]","[12941,12942]"
6472,N2,2,1,"[""N2/f6472""]","[12943,12944]"
6473,N2,2,1,"[""N2/f6473""]","[12945,12946]"
6474,N2,2,1,"[""N2/f6474""]","[12947,12948]"
6475,N2,2,1,"[""N2/f6475""]","[12949,12950]"
6476,N2,2,1,"[""N2/f6476""]","[12951,12952]"
6477,N2,2,1,"[""N2/f6477""]","[12953,12954]"
6478,N2,2,1,"[""N2/f6478""]","[12955,12956]"
6479,N2,2,1,"[""N2/f6479""]","[12957,12958]"
6480,N2,2,1,"[""N2/f6480""]","[12959,12960]"
6481,N2,2,1,"[""N2/f6481""]","[12961,12962]"
6482,N2,2,1,"[""N2/f6482""]","[12963,12964]"
6483,N2,2,1,"[""N2/f6483""]","[12965,12966]"
6484,N2,2,1,"[""N2/f6484""]","[12967,12968]"
6485,N2,2,1,"[""N2/f6485""]","[12969,12970]"
6486,N2,2,1,"[""N2/f6486""]","[12971,12972]"
6487,N2,2,1,"[""N2/f6487""]","[12973,12974]"
6488,N2,2,1,"[""N2/f6488""]","[12975,12976]"
6489,N2,2,1,"[""N2/f6489""]","[12977,12978]"
6490,N2,2,1,"[""N2/f6490""]","[12979,12980]"
6491,N2,2,1,"[""N2/f6491""]","[12981,12982]"
6492,N2,2,1,"[""N2/f6492""]","[12983,12984]"
6493,N2,2,1,"[""N2/f6493""]","[12985,12986]"
6494,N2,2,1,"[""N2/f6494""]","[12987,12988]"
6495,N2,2,1,"[""N2/f6495""]","[12989,12990]"
6496,N2,2,1,"[""N2/f6496""]","[12991,12992]"
6497,N2,2,1,"[""N2/f6497""]","[12993,12994]"
6498,N2,2,1,"[""N2/f6498""]","[12995,12996]"
6499,N2,2,1,"[""N2/f6499""]","[12997,12998]"
6500,N2,2,1,"[""N2/f6500""]","[12999,13000]"
6501,N2,2,1,"[""N2/f6501""]","[13001,13002]"
6502,N2,2,1,"[""N2/f6502""]","[13003,13004]"
6503,N2,2,1,"[""N2/f6503""]","[13005,13006]"
6504,N2,2,1,"[""N2/f6504""]","[13007,13008]"
6505,N2,2,1,"[""N2/f6505""]","[13009,13010]"
6506,N2,2,1,"[""N2/f6506""]","[13011,13012]"
6507,N2,2,1,"[""N2/f6507""]","[13013,13014]"
6508,N2,2,1,"[""N2/f6508""]","[13015,13016]"
6509,N2,2,1,"[""N2/f6509""]","[13017,13018]"
6510,N2,2,1,"[""N2/f6510""]","[13019,13020]"
6511,N2,2,1,"[""N2/f6511""]","[13021,13022]"
6512,N2,2,1,"[""N2/f6512""]","[13023,13024]"
6513,N2,2,1,"[""N2/f6513""]","[13025,13026]"
6514,N2,2,1,"[""N2/f6514""]","[13027,13028]"
6515,N2,2,1,"[""N2/f6515""]","[13029,13030]"
6516,N2,2,1,"[""N2/f6516""]","[13031,13032]"
6517,N2,2,1,"[""N2/f6517""]","[13033,13034]"
6518,N2,2,1,"[""N2/f6518""]","[13035,13036]"
6519,N2,2,1,"[""N2/f6519""]","[13037,13038]"
6520,N2,2,1,"[""N2/f6520""]","[13039,13040]"
6521,N2,2,1,"[""N2/f6521""]","[13041,13042]"
6522,N2,2,1,"[""N2/f6522""]","[13043,13044]"
6523,N2,2,1,"[""N2/f6523""]","[13045,13046]"
6524,N2,2,1,"[""N2/f6524""]","[13047,13048]"
6525,N2,2,1,"[""N2/f6525""]","[13049,13050]"
6526,N2,2,1,"[""N2/f6526""]","[13051,13052]"
6527,N2,2,1,"[""N2/f6527""]","[13053,13054]"
6528,N2,2,1,"[""N2/f6528""]","[13055,13056]"
6529,N2,2,1,"[""N2/f6529""]","[13057,13058]"
6530,N2,2,1,"[""N2/f6530""]","[13059,13060]"
6531,N2,2,1,"[""N2/f6531""]","[13061,13062]"
6532,N2,2,1,"[""N2/f6532""]","[13063,13064]"
6533,N2,2,1,"[""N2/f6533""]","[13065,13066]"
6534,N2,2,1,"[""N2/f6534""]","[13067,13068]"
6535,N2,2,1,"[""N2/f6535""]","[13069,13070]"
6536,N2,2,1,"[""N2/f6536""]","[13071,13072]"
6537,N2,2,1,"[""N2/f6537""]","[13073,13074]"
6538,N2,2,1,"[""N2/f6538""]","[13075,13076]"
6539,N2,2,1,"[""N2/f6539""]","[13077,13078]"
6540,N2,2,1,"[""N2/f6540""]","[13079,13080]"
6541,N2,2,1,"[""N2/f6541""]","[13081,13082]"
6542,N2,2,1,"[""N2/f6542""]","[13083,13084]"
6543,N2,2,1,"[""N2/f6543""]","[13085,13086]"
6544,N2,2,1,"[""N2/f6544""]","[13087,13088]"
6545,N2,2,1,"[""N2/f6545""]","[13089,13090]"
6546,N2,2,1,"[""N2/f6546""]","[13091,13092]"
6547,N2,2,1,"[""N2/f6547""]","[13093,13094]"
6548,N2,2,1,"[""N2/f6548""]","[13095,13096]"
6549,N2,2,1,"[""N2/f6549""]","[13097,13098]"
6550,N2,2,1,"[""N2/f6550""]","[13099,13100]"
6551,N2,2,1,"[""N2/f6551""]","[13101,13102]"
6552,N2,2,1,"[""N2/f6552""]","[13103,13104]"
6553,N2,2,1,"[""N2/f6553""]","[13105,13106]"
6554,N2,2,1,"[""N2/f6554""]","[13107,13108]"
6555,N2,2,1,"[""N2/f6555""]","[13109,13110]"
6556,N2,2,1,"[""N2/f6556""]","[13111,13112]"
6557,N2,2,1,"[""N2/f6557""]","[13113,13114]"
6558,N2,2,1,"[""N2/f6558""]","[13115,13116]"
6559,N2,2,1,"[""N2/f6559""]","[13117,13118]"
6560,N2,2,1,"[""N2/f6560""]","[13119,13120]"
6561,N2,2,1,"[""N2/f6561""]","[13121,13122]"
6562,N2,2,1,"[""N2/f6562""]","[13123,13124]"
6563,N2,2,1,"[""N2/f6563""]","[13125,13126]"
6564,N2,2,1,"[""N2/f6564""]","[13127,13128]"
6565,N2,2,1,"[""N2/f6565""]","[13129,13130]"
6566,N2,2,1,"[""N2/f6566""]","[13131,13132]"
6567,N2,2,1,"[""N2/f6567""]","[13133,13134]"
6568,N2,2,1,"[""N2/f6568""]","[13135,13136]"
6569,N2,2,1,"[""N2/f6569""]","[13137,13138]"
6570,N2,2,1,"[""N2/f6570""]","[13139,13140]"
6571,N2,2,1,"[""N2/f6571""]","[13141,13142]"
6572,N2,2,1,"[""N2/f6572""]","[13143,13144]"
6573,N2,2,1,"[""N2/f6573""]","[13145,13146]"
6574,N2,2,1,"[""N2/f6574""]","[13147,13148]"
6575,N2,2,1,"[""N2/f6575""]","[13149,13150]"
6576,N2,2,1,"[""N2/f6576""]","[13151,13152]"
6577,N2,2,1,"[""N2/f6577""]","[13153,13154]"
6578,N2,2,1,"[""N2/f6578""]","[13155,13156]"
6579,N2,2,1,"[""N2/f6579""]","[13157,13158]"
6580,N2,2,1,"[""N2/f6580""]","[13159,13160]"
6581,N2,2,1,"[""N2/f6581""]","[13161,13162]"
6582,N2,2,1,"[""N2/f6582""]","[13163,13164]"
6583,N2,2,1,"[""N2/f6583""]","[13165,13166]"
6584,N2,2,1,"[""N2/f6584""]","[13167,13168]"
6585,N2,2,1,"[""N2/f6585""]","[13169,13170]"
6586,N2,2,1,"[""N2/f6586""]","[13171,13172]"
6587,N2,2,1,"[""N2/f6587""]","[13173,13174]"
6588,N2,2,1,"[""N2/f6588""]","[13175,13176]"
6589,N2,2,1,"[""N2/f6589""]","[13177,13178]"
6590,N2,2,1,"[""N2/f6590""]","[13179,13180]"
6591,N2,2,1,"[""N2/f6591""]","[13181,13182]"
6592,N2,2,1,"[""N2/f6592""]","[13183,13184]"
6593,N2,2,1,"[""N2/f6593""]","[13185,13186]"
6594,N2,2,1,"[""N2/f6594""]","[13187,13188]"
6595,N2,2,1,"[""N2/f6595""]","[13189,13190]"
6596,N2,2,1,"[""N2/f6596""]","[13191,13192]"
6597,N2,2,1,"[""N2/f6597""]","[13193,13194]"
6598,N2,2,1,"[""N2/f6598""]","[13195,13196]"
6599,N2,2,1,"[""N2/f6599""]","[13197,13198]"
6600,N2,2,1,"[""N2/f6600""]","[13199,13200]"
6601,N2,2,1,"[""N2/f6601""]","[13201,13202]"
6602,N2,2,1,"[""N2/f6602""]","[13203,13204]"
6603,N2,2,1,"[""N2/f6603""]","[13205,13206]"
6604,N2,2,1,"[""N2/f6604""]","[13207,13208]"
6605,N2,2,1,"[""N2/f6605""]","[13209,13210]"
6606,N2,2,1,"[""N2/f6606""]","[13211,13212]"
6607,N2,2,1,"[""N2/f6607""]","[13213,13214]"
6608,N2,2,1,"[""N2/f6608""]","[13215,13216]"
6609,N2,2,1,"[""N2/f6609""]","[13217,13218]"
6610,N2,2,1,"[""N2/f6610""]","[13219,13220]"
6611,N2,2,1,"[""N2/f6611""]","[13221,13222]"
6612,N2,2,1,"[""N2/f6612""]","[13223,13224]"
6613,N2,2,1,"[""N2/f6613""]","[13225,13226]"
6614,N2,2,1,"[""N2/f6614""]","[13227,13228]"
6615,N2,2,1,"[""N2/f6615""]","[13229,13230]"
6616,N2,2,1,"[""N2/f6616""]","[13231,13232]"
6617,N2,2,1,"[""N2/f6617""]","[13233,13234]"
6618,N2,2,1,"[""N2/f6618""]","[13235,13236]"
6619,N2,2,1,"[""N2/f6619""]","[13237,13238]"
6620,N2,2,1,"[""N2/f6620""]","[13239,13240]"
6621,N2,2,1,"[""N2/f6621""]","[13241,13242]"
6622,N2,2,1,"[""N2/f6622""]","[13243,13244]"
6623,N2,2,1,"[""N2/f6623""]","[13245,13246]"
6624,N2,2,1,"[""N2/f6624""]","[13247,13248]"
6625,N2,2,1,"[""N2/f6625""]","[13249,13250]"
6626,N2,2,1,"[""N2/f6626""]","[13251,13252]"
6627,N2,2,1,"[""N2/f6627""]","[13253,13254]"
6628,N2,2,1,"[""N2/f6628""]","[13255,13256]"
6629,N2,2,1,"[""N2/f6629""]","[13257,13258]"
6630,N2,2,1,"[""N2/f6630""]","[13259,13260]"
6631,N2,2,1,"[""N2/f6631""]","[13261,13262]"
6632,N2,2,1,"[""N2/f6632""]","[13263,13264]"
6633,N2,2,1,"[""N2/f6633""]","[13265,13266]"
6634,N2,2,1,"[""N2/f6634""]","[13267,13268]"
6635,N2,2,1,"[""N2/f6635""]","[13269,13270]"
6636,N2,2,1,"[""N2/f6636""]","[13271,13272]"
6637,N2,2,1,"[""N2/f6637""]","[13273,13274]"
6638,N2,2,1,"[""N2/f6638""]","[13275,13276]"
6639,N2,2,1,"[""N2/f6639""]","[13277,13278]"
6640,N2,2,1,"[""N2/f6640""]","[13279,13280]"
6641,N2,2,1,"[""N2/f6641""]","[13281,13282]"
6642,N2,2,1,"[""N2/f6642""]","[13283,13284]"
6643,N2,2,1,"[""N2/f6643""]","[13285,13286]"
6644,N2,2,1,"[""N2/f6644""]","[13287,13288]"
6645,N2,2,1,"[""N2/f6645""]","[13289,13290]"
6646,N2,2,1,"[""N2/f6646""]","[13291,13292]"
6647,N2,2,1,"[""N2/f6647""]","[13293,13294]"
6648,N2,2,1,"[""N2/f6648""]","[13295,13296]"
6649,N2,2,1,"[""N2/f6649""]","[13297,13298]"
6650,N2,2,1,"[""N2/f6650""]","[13299,13300]"
6651,N2,2,1,"[""N2/f6651""]","[13301,13302]"
6652,N2,2,1,"[""N2/f6652""]","[13303,13304]"
6653,N2,2,1,"[""N2/f6653""]","[13305,13306]"
6654,N2,2,1,"[""N2/f6654""]","[13307,13308]"
6655,N2,2,1,"[""N2/f6655""]","[13309,13310]"
6656,N2,2,1,"[""N2/f6656""]","[13311,13312]"
6657,N2,2,1,"[""N2/f6657""]","[13313,13314]"
6658,N2,2,1,"[""N2/f6658""]","[13315,13316]"
6659,N2,2,1,"[""N2/f6659""]","[13317,13318]"
6660,N2,2,1,"[""N2/f6660""]","[13319,13320]"
6661,N2,2,1,"[""N2/f6661""]","[13321,13322]"
6662,N2,2,1,"[""N2/f6662""]","[13323,13324]"
6663,N2,2,1,"[""N2/f6663""]","[13325,13326]"
6664,N2,2,1,"[""N2/f6664""]","[13327,13328]"
6665,N2,2,1,"[""N2/f6665""]","[13329,13330]"
6666,N2,2,1,"[""N2/f6666""]","[13331,13332]"
6667,N2,2,1,"[""N2/f6667""]","[13333,13334]"
6668,N2,2,1,"[""N2/f6668""]","[13335,13336]"
6669,N2,2,1,"[""N2/f6669""]","[13337,13338]"
6670,N2,2,1,"[""N2/f6670""]","[13339,13340]"
6671,N2,2,1,"[""N2/f6671""]","[13341,13342]"
6672,N2,2,1,"[""N2/f6672""]","[13343,13344]"
6673,N2,2,1,"[""N2/f6673""]","[13345,13346]"
6674,N2,2,1,"[""N2/f6674""]","[13347,13348]"
6675,N2,2,1,"[""N2/f6675""]","[13349,13350]"
6676,N2,2,1,"[""N2/f6676""]","[13351,13352]"
6677,N2,2,1,"[""N2/f6677""]","[13353,13354]"
6678,N2,2,1,"[""N2/f6678""]","[13355,13356]"
6679,N2,2,1,"[""N2/f6679""]","[13357,13358]"
6680,N2,2,1,"[""N2/f6680""]","[13359,13360]"
6681,N2,2,1,"[""N2/f6681""]","[13361,13362]"
6682,N2,2,1,"[""N2/f6682""]","[13363,13364]"
6683,N2,2,1,"[""N2/f6683""]","[13365,13366]"
6684,N2,2,1,"[""N2/f6684""]","[13367,13368]"
6685,N2,2,1,"[""N2/f6685""]","[13369,13370]"
6686,N2,2,1,"[""N2/f6686""]","[13371,13372]"
6687,N2,2,1,"[""N2/f6687""]","[13373,13374]"
6688,N2,2,1,"[""N2/f6688""]","[13375,13376]"
6689,N2,2,1,"[""N2/f6689""]","[13377,13378]"
6690,N2,2,1,"[""N2/f6690""]","[13379,13380]"
6691,N2,2,1,"[""N2/f6691""]","[13381,13382]"
6692,N2,2,1,"[""N2/f6692""]","[13383,13384]"
6693,N2,2,1,"[""N2/f6693""]","[13385,13386]"
6694,N2,2,1,"[""N2/f6694""]","[13387,13388]"
6695,N2,2,1,"[""N2/f6695""]","[13389,13390]"
6696,N2,2,1,"[""N2/f6696""]","[13391,13392]"
6697,N2,2,1,"[""N2/f6697""]","[13393,13394]"
6698,N2,2,1,"[""N2/f6698""]","[13395,13396]"
6699,N2,2,1,"[""N2/f6699""]","[13397,13398]"
6700,N2,2,1,"[""N2/f6700""]","[13399,13400]"
6701,N2,2,1,"[""N2/f6701""]","[13401,13402]"
6702,N2,2,1,"[""N2/f6702""]","[13403,13404]"
6703,N2,2,1,"[""N2/f6703""]","[13405,13406]"
6704,N2,2,1,"[""N2/f6704""]","[13407,13408]"
6705,N2,2,1,"[""N2/f6705""]","[13409,13410]"
6706,N2,2,1,"[""N2/f6706""]","[13411,13412]"
6707,N2,2,1,"[""N2/f6707""]","[13413,13414]"
6708,N2,2,1,"[""N2/f6708""]","[13415,13416]"
6709,N2,2,1,"[""N2/f6709""]","[13417,13418]"
6710,N2,2,1,"[""N2/f6710""]","[13419,13420]"
6711,N2,2,1,"[""N2/f6711""]","[13421,13422]"
6712,N2,2,1,"[""N2/f6712""]","[13423,13424]"
6713,N2,2,1,"[""N2/f6713""]","[13425,13426]"
6714,N2,2,1,"[""N2/f6714""]","[13427,13428]"
6715,N2,2,1,"[""N2/f6715""]","[13429,13430]"
6716,N2,2,1,"[""N2/f6716""]","[13431,13432]"
6717,N2,2,1,"[""N2/f6717""]","[13433,13434]"
6718,N2,2,1,"[""N2/f6718""]","[13435,13436]"
6719,N2,2,1,"[""N2/f6719""]","[13437,13438]"
6720,N2,2,1,"[""N2/f6720""]","[13439,13440]"
6721,N2,2,1,"[""N2/f6721""]","[13441,13442]"
6722,N2,2,1,"[""N2/f6722""]","[13443,13444]"
6723,N2,2,1,"[""N2/f6723""]","[13445,13446]"
6724,N2,2,1,"[""N2/f6724""]","[13447,13448]"
6725,N2,2,1,"[""N2/f6725""]","[13449,13450]"
6726,N2,2,1,"[""N2/f6726""]","[13451,13452]"
6727,N2,2,1,"[""N2/f6727""]","[13453,13454]"
6728,N2,2,1,"[""N2/f6728""]","[13455,13456]"
6729,N2,2,1,"[""N2/f6729""]","[13457,13458]"
6730,N2,2,1,"[""N2/f6730""]","[13459,13460]"
6731,N2,2,1,"[""N2/f6731""]","[13461,13462]"
6732,N2,2,1,"[""N2/f6732""]","[13463,13464]"
6733,N2,2,1,"[""N2/f6733""]","[13465,13466]"
6734,N2,2,1,"[""N2/f6734""]","[13467,13468]"
6735,N2,2,1,"[""N2/f6735""]","[13469,13470]"
6736,N2,2,1,"[""N2/f6736""]","[13471,13472]"
6737,N2,2,1,"[""N2/f6737""]","[13473,13474]"
6738,N2,2,1,"[""N2/f6738""]","[13475,13476]"
6739,N2,2,1,"[""N2/f6739""]","[13477,13478]"
6740,N2,2,1,"[""N2/f6740""]","[13479,13480]"
6741,N2,2,1,"[""N2/f6741""]","[13481,13482]"
6742,N2,2,1,"[""N2/f6742""]","[13483,13484]"
6743,N2,2,1,"[""N2/f6743""]","[13485,13486]"
6744,N2,2,1,"[""N2/f6744""]","[13487,13488]"
6745,N2,2,1,"[""N2/f6745""]","[13489,13490]"
6746,N2,2,1,"[""N2/f6746""]","[13491,13492]"
6747,N2,2,1,"[""N2/f6747""]","[13493,13494]"
6748,N2,2,1,"[""N2/f6748""]","[13495,13496]"
6749,N2,2,1,"[""N2/f6749""]","[13497,13498]"
6750,N2,2,1,"[""N2/f6750""]","[13499,13500]"
6751,N2,2,1,"[""N2/f6751""]","[13501,13502]"
6752,N2,2,1,"[""N2/f6752""]","[13503,13504]"
6753,N2,2,1,"[""N2/f6753""]","[13505,13506]"
6754,N2,2,1,"[""N2/f6754""]","[13507,13508]"
6755,N2,2,1,"[""N2/f6755""]","[13509,13510]"
6756,N2,2,1,"[""N2/f6756""]","[13511,13512]"
6757,N2,2,1,"[""N2/f6757""]","[13513,13514]"
6758,N2,2,1,"[""N2/f6758""]","[13515,13516]"
6759,N2,2,1,"[""N2/f6759""]","[13517,13518]"
6760,N2,2,1,"[""N2/f6760""]","[13519,13520]"
6761,N2,2,1,"[""N2/f6761""]","[13521,13522]"
6762,N2,2,1,"[""N2/f6762""]","[13523,13524]"
6763,N2,2,1,"[""N2/f6763""]","[13525,13526]"
6764,N2,2,1,"[""N2/f6764""]","[13527,13528]"
6765,N2,2,1,"[""N2/f6765""]","[13529,13530]"
6766,N2,2,1,"[""N2/f6766""]","[13531,13532]"
6767,N2,2,1,"[""N2/f6767""]","[13533,13534]"
6768,N2,2,1,"[""N2/f6768""]","[13535,13536]"
6769,N2,2,1,"[""N2/f6769""]","[13537,13538]"
6770,N2,2,1,"[""N2/f6770""]","[13539,13540]"
6771,N2,2,1,"[""N2/f6771""]","[13541,13542]"
6772,N2,2,1,"[""N2/f6772""]","[13543,13544]"
6773,N2,2,1,"[""N2/f6773""]","[13545,13546]"
6774,N2,2,1,"[""N2/f6774""]","[13547,13548]"
6775,N2,2,1,"[""N2/f6775""]","[13549,13550]"
6776,N2,2,1,"[""N2/f6776""]","[13551,13552]"
6777,N2,2,1,"[""N2/f6777""]","[13553,13554]"
6778,N2,2,1,"[""N2/f6778""]","[13555,13556]"
6779,N2,2,1,"[""N2/f6779""]","[13557,13558]"
6780,N2,2,1,"[""N2/f6780""]","[13559,13560]"
6781,N2,2,1,"[""N2/f6781""]","[13561,13562]"
6782,N2,2,1,"[""N2/f6782""]","[13563,13564]"
6783,N2,2,1,"[""N2/f6783""]","[13565,13566]"
6784,N2,2,1,"[""N2/f6784""]","[13567,13568]"
6785,N2,2,1,"[""N2/f6785""]","[13569,13570]"
6786,N2,2,1,"[""N2/f6786""]","[13571,13572]"
6787,N2,2,1,"[""N2/f6787""]","[13573,13574]"
6788,N2,2,1,"[""N2/f6788""]","[13575,13576]"
6789,N2,2,1,"[""N2/f6789""]","[13577,13578]"
6790,N2,2,1,"[""N2/f6790""]","[13579,13580]"
6791,N2,2,1,"[""N2/f6791""]","[13581,13582]"
6792,N2,2,1,"[""N2/f6792""]","[13583,13584]"
6793,N2,2,1,"[""N2/f6793""]","[13585,13586]"
6794,N2,2,1,"[""N2/f6794""]","[13587,13588]"
6795,N2,2,1,"[""N2/f6795""]","[13589,13590]"
6796,N2,2,1,"[""N2/f6796""]","[13591,13592]"
6797,N2,2,1,"[""N2/f6797""]","[13593,13594]"
6798,N2,2,1,"[""N2/f6798""]","[13595,13596]"
6799,N2,2,1,"[""N2/f6799""]","[13597,13598]"
6800,N2,2,1,"[""N2/f6800""]","[13599,13600]"
6801,N2,2,1,"[""N2/f6801""]","[13601,13602]"
6802,N2,2,1,"[""N2/f6802""]","[13603,13604]"
6803,N2,2,1,"[""N2/f6803""]","[13605,13606]"
6804,N2,2,1,"[""N2/f6804""]","[13607,13608]"
6805,N2,2,1,"[""N2/f6805""]","[13609,13610]"
6806,N2,2,1,"[""N2/f6806""]","[13611,13612]"
6807,N2,2,1,"[""N2/f6807""]","[13613,13614]"
6808,N2,2,1,"[""N2/f6808""]","[13615,13616]"
6809,N2,2,1,"[""N2/f6809""]","[13617,13618]"
6810,N2,2,1,"[""N2/f6810""]","[13619,13620]"
6811,N2,2,1,"[""N2/f6811""]","[13621,13622]"
6812,N2,2,1,"[""N2/f6812""]","[13623,13624]"
6813,N2,2,1,"[""N2/f6813""]","[13625,13626]"
6814,N2,2,1,"[""N2/f6814""]","[13627,13628]"
6815,N2,2,1,"[""N2/f6815""]","[13629,13630]"
6816,N2,2,1,"[""N2/f6816""]","[13631,13632]"
6817,N2,2,1,"[""N2/f6817""]","[13633,13634]"
6818,N2,2,1,"[""N2/f6818""]","[13635,13636]"
6819,N2,2,1,"[""N2/f6819""]","[13637,13638]"
6820,N2,2,1,"[""N2/f6820""]","[13639,13640]"
6821,N2,2,1,"[""N2/f6821""]","[13641,13642]"
6822,N2,2,1,"[""N2/f6822""]","[13643,13644]"
6823,N2,2,1,"[""N2/f6823""]","[13645,13646]"
6824,N2,2,1,"[""N2/f6824""]","[13647,13648]"
6825,N2,2,1,"[""N2/f6825""]","[13649,13650]"
6826,N2,2,1,"[""N2/f6826""]","[13651,13652]"
6827,N2,2,1,"[""N2/f6827""]","[13653,13654]"
6828,N2,2,1,"[""N2/f6828""]","[13655,13656]"
6829,N2,2,1,"[""N2/f6829""]","[13657,13658]"
6830,N2,2,1,"[""N2/f6830""]","[13659,13660]"
6831,N2,2,1,"[""N2/f6831""]","[13661,13662]"
6832,N2,2,1,"[""N2/f6832""]","[13663,13664]"
6833,N2,2,1,"[""N2/f6833""]","[13665,13666]"
6834,N2,2,1,"[""N2/f6834""]","[13667,13668]"
6835,N2,2,1,"[""N2/f6835""]","[13669,13670]"
6836,N2,2,1,"[""N2/f6836""]","[13671,13672]"
6837,N2,2,1,"[""N2/f6837""]","[13673,13674]"
6838,N2,2,1,"[""N2/f6838""]","[13675,13676]"
6839,N2,2,1,"[""N2/f6839""]","[13677,13678]"
6840,N2,2,1,"[""N2/f6840""]","[13679,13680]"
6841,N2,2,1,"[""N2/f6841""]","[13681,13682]"
6842,N2,2,1,"[""N2/f6842""]","[13683,13684]"
6843,N2,2,1,"[""N2/f6843""]","[13685,13686]"
6844,N2,2,1,"[""N2/f6844""]","[13687,13688]"
6845,N2,2,1,"[""N2/f6845""]","[13689,13690]"
6846,N2,2,1,"[""N2/f6846""]","[13691,13692]"
6847,N2,2,1,"[""N2/f6847""]","[13693,13694]"
6848,N2,2,1,"[""N2/f6848""]","[13695,13696]"
6849,N2,2,1,"[""N2/f6849""]","[13697,13698]"
6850,N2,2,1,"[""N2/f6850""]","[13699,13700]"
6851,N2,2,1,"[""N2/f6851""]","[13701,13702]"
6852,N2,2,1,"[""N2/f6852""]","[13703,13704]"
6853,N2,2,1,"[""N2/f6853""]","[13705,13706]"
6854,N2,2,1,"[""N2/f6854""]","[13707,13708]"
6855,N2,2,1,"[""N2/f6855""]","[13709,13710]"
6856,N2,2,1,"[""N2/f6856""]","[13711,13712]"
6857,N2,2,1,"[""N2/f6857""]","[13713,13714]"
6858,N2,2,1,"[""N2/f6858""]","[13715,13716]"
6859,N2,2,1,"[""N2/f6859""]","[13717,13718]"
6860,N2,2,1,"[""N2/f6860""]","[13719,13720]"
6861,N2,2,1,"[""N2/f6861""]","[13721,13722]"
6862,N2,2,1,"[""N2/f6862""]","[13723,13724]"
6863,N2,2,1,"[""N2/f6863""]","[13725,13726]"
6864,N2,2,1,"[""N2/f6864""]","[13727,13728]"
6865,N2,2,1,"[""N2/f6865""]","[13729,13730]"
6866,N2,2,1,"[""N2/f6866""]","[13731,13732]"
6867,N2,2,1,"[""N2/f6867""]","[13733,13734]"
6868,N2,2,1,"[""N2/f6868""]","[13735,13736]"
6869,N2,2,1,"[""N2/f6869""]","[13737,13738]"
6870,N2,2,1,"[""N2/f6870""]","[13739,13740]"
6871,N2,2,1,"[""N2/f6871""]","[13741,13742]"
6872,N2,2,1,"[""N2/f6872""]","[13743,13744]"
6873,N2,2,1,"[""N2/f6873""]","[13745,13746]"
6874,N2,2,1,"[""N2/f6874""]","[13747,13748]"
6875,N2,2,1,"[""N2/f6875""]","[13749,13750]"
6876,N2,2,1,"[""N2/f6876""]","[13751,13752]"
6877,N2,2,1,"[""N2/f6877""]","[13753,13754]"
6878,N2,2,1,"[""N2/f6878""]","[13755,13756]"
6879,N2,2,1,"[""N2/f6879""]","[13757,13758]"
6880,N2,2,1,"[""N2/f6880""]","[13759,13760]"
6881,N2,2,1,"[""N2/f6881""]","[13761,13762]"
6882,N2,2,1,"[""N2/f6882""]","[13763,13764]"
6883,N2,2,1,"[""N2/f6883""]","[13765,13766]"
6884,N2,2,1,"[""N2/f6884""]","[13767,13768]"
6885,N2,2,1,"[""N2/f6885""]","[13769,13770]"
6886,N2,2,1,"[""N2/f6886""]","[13771,13772]"
6887,N2,2,1,"[""N2/f6887""]","[13773,13774]"
6888,N2,2,1,"[""N2/f6888""]","[13775,13776]"
6889,N2,2,1,"[""N2/f6889""]","[13777,13778]"
6890,N2,2,1,"[""N2/f6890""]","[13779,13780]"
6891,N2,2,1,"[""N2/f6891""]","[13781,13782]"
6892,N2,2,1,"[""N2/f6892""]","[13783,13784]"
6893,N2,2,1,"[""N2/f6893""]","[13785,13786]"
6894,N2,2,1,"[""N2/f6894""]","[13787,13788]"
6895,N2,2,1,"[""N2/f6895""]","[13789,13790]"
6896,N2,2,1,"[""N2/f6896""]","[13791,13792]"
6897,N2,2,1,"[""N2/f6897""]","[13793,13794]"
6898,N2,2,1,"[""N2/f6898""]","[13795,13796]"
6899,N2,2,1,"[""N2/f6899""]","[13797,13798]"
6900,N2,2,1,"[""N2/f6900""]","[13799,13800]"
6901,N2,2,1,"[""N2/f6901""]","[13801,13802]"
6902,N2,2,1,"[""N2/f6902""]","[13803,13804]"
6903,N2,2,1,"[""N2/f6903""]","[13805,13806]"
6904,N2,2,1,"[""N2/f6904""]","[13807,13808]"
6905,N2,2,1,"[""N2/f6905""]","[13809,13810]"
6906,N2,2,1,"[""N2/f6906""]","[13811,13812]"
6907,N2,2,1,"[""N2/f6907""]","[13813,13814]"
6908,N2,2,1,"[""N2/f6908""]","[13815,13816]"
6909,N2,2,1,"[""N2/f6909""]","[13817,13818]"
6910,N2,2,1,"[""N2/f6910""]","[13819,13820]"
6911,N2,2,1,"[""N2/f6911""]","[13821,13822]"
6912,N2,2,1,"[""N2/f6912""]","[13823,13824]"
6913,N2,2,1,"[""N2/f6913""]","[13825,13826]"
6914,N2,2,1,"[""N2/f6914""]","[13827,13828]"
6915,N2,2,1,"[""N2/f6915""]","[13829,13830]"
6916,N2,2,1,"[""N2/f6916""]","[13831,13832]"
6917,N2,2,1,"[""N2/f6917""]","[13833,13834]"
6918,N2,2,1,"[""N2/f6918""]","[13835,13836]"
6919,N2,2,1,"[""N2/f6919""]","[13837,13838]"
6920,N2,2,1,"[""N2/f6920""]","[13839,13840]"
6921,N2,2,1,"[""N2/f6921""]","[13841,13842]"
6922,N2,2,1,"[""N2/f6922""]","[13843,13844]"
6923,N2,2,1,"[""N2/f6923""]","[13845,13846]"
6924,N2,2,1,"[""N2/f6924""]","[13847,13848]"
6925,N2,2,1,"[""N2/f6925""]","[13849,13850]"
6926,N2,2,1,"[""N2/f6926""]","[13851,13852]"
6927,N2,2,1,"[""N2/f6927""]","[13853,13854]"
6928,N2,2,1,"[""N2/f6928""]","[13855,13856]"
6929,N2,2,1,"[""N2/f6929""]","[13857,13858]"
6930,N2,2,1,"[""N2/f6930""]","[13859,13860]"
6931,N2,2,1,"[""N2/f6931""]","[13861,13862]"
6932,N2,2,1,"[""N2/f6932""]","[13863,13864]"
6933,N2,2,1,"[""N2/f6933""]","[13865,13866]"
6934,N2,2,1,"[""N2/f6934""]","[13867,13868]"
6935,N2,2,1,"[""N2/f6935""]","[13869,13870]"
6936,N2,2,1,"[""N2/f6936""]","[13871,13872]"
6937,N2,2,1,"[""N2/f6937""]","[13873,13874]"
6938,N2,2,1,"[""N2/f6938""]","[13875,13876]"
6939,N2,2,1,"[""N2/f6939""]","[13877,13878]"
6940,N2,2,1,"[""N2/f6940""]","[13879,13880]"
6941,N2,2,1,"[""N2/f6941""]","[13881,13882]"
6942,N2,2,1,"[""N2/f6942""]","[13883,13884]"
6943,N2,2,1,"[""N2/f6943""]","[13885,13886]"
6944,N2,2,1,"[""N2/f6944""]","[13887,13888]"
6945,N2,2,1,"[""N2/f6945""]","[13889,13890]"
6946,N2,2,1,"[""N2/f6946""]","[13891,13892]"
6947,N2,2,1,"[""N2/f6947""]","[13893,13894]"
6948,N2,2,1,"[""N2/f6948""]","[13895,13896]"
6949,N2,2,1,"[""N2/f6949""]","[13897,13898]"
6950,N2,2,1,"[""N2/f6950""]","[13899,13900]"
6951,N2,2,1,"[""N2/f6951""]","[13901,13902]"
6952,N2,2,1,"[""N2/f6952""]","[13903,13904]"
6953,N2,2,1,"[""N2/f6953""]","[13905,13906]"
6954,N2,2,1,"[""N2/f6954""]","[13907,13908]"
6955,N2,2,1,"[""N2/f6955""]","[13909,13910]"
6956,N2,2,1,"[""N2/f6956""]","[13911,13912]"
6957,N2,2,1,"[""N2/f6957""]","[13913,13914]"
6958,N2,2,1,"[""N2/f6958""]","[13915,13916]"
6959,N2,2,1,"[""N2/f6959""]","[13917,13918]"
6960,N2,2,1,"[""N2/f6960""]","[13919,13920]"
6961,N2,2,1,"[""N2/f6961""]","[13921,13922]"
6962,N2,2,1,"[""N2/f6962""]","[13923,13924]"
6963,N2,2,1,"[""N2/f6963""]","[13925,13926]"
6964,N2,2,1,"[""N2/f6964""]","[13927,13928]"
6965,N2,2,1,"[""N2/f6965""]","[13929,13930]"
6966,N2,2,1,"[""N2/f6966""]","[13931,13932]"
6967,N2,2,1,"[""N2/f6967""]","[13933,13934]"
6968,N2,2,1,"[""N2/f6968""]","[13935,13936]"
6969,N2,2,1,"[""N2/f6969""]","[13937,13938]"
6970,N2,2,1,"[""N2/f6970""]","[13939,13940]"
6971,N2,2,1,"[""N2/f6971""]","[13941,13942]"
6972,N2,2,1,"[""N2/f6972""]","[13943,13944]"
6973,N2,2,1,"[""N2/f6973""]","[13945,13946]"
6974,N2,2,1,"[""N2/f6974""]","[13947,13948]"
6975,N2,2,1,"[""N2/f6975""]","[13949,13950]"
6976,N2,2,1,"[""N2/f6976""]","[13951,13952]"
6977,N2,2,1,"[""N2/f6977""]","[13953,13954]"
6978,N2,2,1,"[""N2/f6978""]","[13955,13956]"
6979,N2,2,1,"[""N2/f6979""]","[13957,13958]"
6980,N2,2,1,"[""N2/f6980""]","[13959,13960]"
6981,N2,2,1,"[""N2/f6981""]","[13961,13962]"
6982,N2,2,1,"[""N2/f6982""]","[13963,13964]"
6983,N2,2,1,"[""N2/f6983""]","[13965,13966]"
6984,N2,2,1,"[""N2/f6984""]","[13967,13968]"
6985,N2,2,1,"[""N2/f6985""]","[13969,13970]"
6986,N2,2,1,"[""N2/f6986""]","[13971,13972]"
6987,N2,2,1,"[""N2/f6987""]","[13973,13974]"
6988,N2,2,1,"[""N2/f6988""]","[13975,13976]"
6989,N2,2,1,"[""N2/f6989""]","[13977,13978]"
6990,N2,2,1,"[""N2/f6990""]","[13979,13980]"
6991,N2,2,1,"[""N2/f6991""]","[13981,13982]"
6992,N2,2,1,"[""N2/f6992""]","[13983,13984]"
6993,N2,2,1,"[""N2/f6993""]","[13985,13986]"
6994,N2,2,1,"[""N2/f6994""]","[13987,13988]"
6995,N2,2,1,"[""N2/f6995""]","[13989,13990]"
6996,N2,2,1,"[""N2/f6996""]","[13991,13992]"
6997,N2,2,1,"[""N2/f6997""]","[13993,13994]"
6998,N2,2,1,"[""N2/f6998""]","[13995,13996]"
6999,N2,2,1,"[""N2/f6999""]","[13997,13998]"
7000,N2,2,1,"[""N2/f7000""]","[13999,14000]"
7001,N2,2,1,"[""N2/f7001""]","[14001,14002]"
7002,N2,2,1,"[""N2/f7002""]","[14003,14004]"
7003,N2,2,1,"[""N2/f7003""]","[14005,14006]"
7004,N2,2,1,"[""N2/f7004""]","[14007,14008]"
7005,N2,2,1,"[""N2/f7005""]","[14009,14010]"
7006,N2,2,1,"[""N2/f7006""]","[14011,14012]"
7007,N2,2,1,"[""N2/f7007""]","[14013,14014]"
7008,N2,2,1,"[""N2/f7008""]","[14015,14016]"
7009,N2,2,1,"[""N2/f7009""]","[14017,14018]"
7010,N2,2,1,"[""N2/f7010""]","[14019,14020]"
7011,N2,2,1,"[""N2/f7011""]","[14021,14022]"
7012,N2,2,1,"[""N2/f7012""]","[14023,14024]"
7013,N2,2,1,"[""N2/f7013""]","[14025,14026]"
7014,N2,2,1,"[""N2/f7014""]","[14027,14028]"
7015,N2,2,1,"[""N2/f7015""]","[14029,14030]"
7016,N2,2,1,"[""N2/f7016""]","[14031,14032]"
7017,N2,2,1,"[""N2/f7017""]","[14033,14034]"
7018,N2,2,1,"[""N2/f7018""]","[14035,14036]"
7019,N2,2,1,"[""N2/f7019""]","[14037,14038]"
7020,N2,2,1,"[""N2/f7020""]","[14039,14040]"
7021,N2,2,1,"[""N2/f7021""]","[14041,14042]"
7022,N2,2,1,"[""N2/f7022""]","[14043,14044]"
7023,N2,2,1,"[""N2/f7023""]","[14045,14046]"
7024,N2,2,1,"[""N2/f7024""]","[14047,14048]"
7025,N2,2,1,"[""N2/f7025""]","[14049,14050]"
7026,N2,2,1,"[""N2/f7026""]","[14051,14052]"
7027,N2,2,1,"[""N2/f7027""]","[14053,14054]"
7028,N2,2,1,"[""N2/f7028""]","[14055,14056]"
7029,N2,2,1,"[""N2/f7029""]","[14057,14058]"
7030,N2,2,1,"[""N2/f7030""]","[14059,14060]"
7031,N2,2,1,"[""N2/f7031""]","[14061,14062]"
7032,N2,2,1,"[""N2/f7032""]","[14063,14064]"
7033,N2,2,1,"[""N2/f7033""]","[14065,14066]"
7034,N2,2,1,"[""N2/f7034""]","[14067,14068]"
7035,N2,2,1,"[""N2/f7035""]","[14069,14070]"
7036,N2,2,1,"[""N2/f7036""]","[14071,14072]"
7037,N2,2,1,"[""N2/f7037""]","[14073,14074]"
7038,N2,2,1,"[""N2/f7038""]","[14075,14076]"
7039,N2,2,1,"[""N2/f7039""]","[14077,14078]"
7040,N2,2,1,"[""N2/f7040""]","[14079,14080]"
7041,N2,2,1,"[""N2/f7041""]","[14081,14082]"
7042,N2,2,1,"[""N2/f7042""]","[14083,14084]"
7043,N2,2,1,"[""N2/f7043""]","[14085,14086]"
7044,N2,2,1,"[""N2/f7044""]","[14087,14088]"
7045,N2,2,1,"[""N2/f7045""]","[14089,14090]"
7046,N2,2,1,"[""N2/f7046""]","[14091,14092]"
7047,N2,2,1,"[""N2/f7047""]","[14093,14094]"
7048,N2,2,1,"[""N2/f7048""]","[14095,14096]"
7049,N2,2,1,"[""N2/f7049""]","[14097,14098]"
7050,N2,2,1,"[""N2/f7050""]","[14099,14100]"
7051,N2,2,1,"[""N2/f7051""]","[14101,14102]"
7052,N2,2,1,"[""N2/f7052""]","[14103,14104]"
7053,N2,2,1,"[""N2/f7053""]","[14105,14106]"
7054,N2,2,1,"[""N2/f7054""]","[14107,14108]"
7055,N2,2,1,"[""N2/f7055""]","[14109,14110]"
7056,N2,2,1,"[""N2/f7056""]","[14111,14112]"
7057,N2,2,1,"[""N2/f7057""]","[14113,14114]"
7058,N2,2,1,"[""N2/f7058""]","[14115,14116]"
7059,N2,2,1,"[""N2/f7059""]","[14117,14118]"
7060,N2,2,1,"[""N2/f7060""]","[14119,14120]"
7061,N2,2,1,"[""N2/f7061""]","[14121,14122]"
7062,N2,2,1,"[""N2/f7062""]","[14123,14124]"
7063,N2,2,1,"[""N2/f7063""]","[14125,14126]"
7064,N2,2,1,"[""N2/f7064""]","[14127,14128]"
7065,N2,2,1,"[""N2/f7065""]","[14129,14130]"
7066,N2,2,1,"[""N2/f7066""]","[14131,14132]"
7067,N2,2,1,"[""N2/f7067""]","[14133,14134]"
7068,N2,2,1,"[""N2/f7068""]","[14135,14136]"
7069,N2,2,1,"[""N2/f7069""]","[14137,14138]"
7070,N2,2,1,"[""N2/f7070""]","[14139,14140]"
7071,N2,2,1,"[""N2/f7071""]","[14141,14142]"
7072,N2,2,1,"[""N2/f7072""]","[14143,14144]"
7073,N2,2,1,"[""N2/f7073""]","[14145,14146]"
7074,N2,2,1,"[""N2/f7074""]","[14147,14148]"
7075,N2,2,1,"[""N2/f7075""]","[14149,14150]"
7076,N2,2,1,"[""N2/f7076""]","[14151,14152]"
7077,N2,2,1,"[""N2/f7077""]","[14153,14154]"
7078,N2,2,1,"[""N2/f7078""]","[14155,14156]"
7079,N2,2,1,"[""N2/f7079""]","[14157,14158]"
7080,N2,2,1,"[""N2/f7080""]","[14159,14160]"
7081,N2,2,1,"[""N2/f7081""]","[14161,14162]"
7082,N2,2,1,"[""N2/f7082""]","[14163,14164]"
7083,N2,2,1,"[""N2/f7083""]","[14165,14166]"
7084,N2,2,1,"[""N2/f7084""]","[14167,14168]"
7085,N2,2,1,"[""N2/f7085""]","[14169,14170]"
7086,N2,2,1,"[""N2/f7086""]","[14171,14172]"
7087,N2,2,1,"[""N2/f7087""]","[14173,14174]"
7088,N2,2,1,"[""N2/f7088""]","[14175,14176]"
7089,N2,2,1,"[""N2/f7089""]","[14177,14178]"
7090,N2,2,1,"[""N2/f7090""]","[14179,14180]"
7091,N2,2,1,"[""N2/f7091""]","[14181,14182]"
7092,N2,2,1,"[""N2/f7092""]","[14183,14184]"
7093,N2,2,1,"[""N2/f7093""]","[14185,14186]"
7094,N2,2,1,"[""N2/f7094""]","[14187,14188]"
7095,N2,2,1,"[""N2/f7095""]","[14189,14190]"
7096,N2,2,1,"[""N2/f7096""]","[14191,14192]"
7097,N2,2,1,"[""N2/f7097""]","[14193,14194]"
7098,N2,2,1,"[""N2/f7098""]","[14195,14196]"
7099,N2,2,1,"[""N2/f7099""]","[14197,14198]"
7100,N2,2,1,"[""N2/f7100""]","[14199,14200]"
7101,N2,2,1,"[""N2/f7101""]","[14201,14202]"
7102,N2,2,1,"[""N2/f7102""]","[14203,14204]"
7103,N2,2,1,"[""N2/f7103""]","[14205,14206]"
7104,N2,2,1,"[""N2/f7104""]","[14207,14208]"
7105,N2,2,1,"[""N2/f7105""]","[14209,14210]"
7106,N2,2,1,"[""N2/f7106""]","[14211,14212]"
7107,N2,2,1,"[""N2/f7107""]","[14213,14214]"
7108,N2,2,1,"[""N2/f7108""]","[14215,14216]"
7109,N2,2,1,"[""N2/f7109""]","[14217,14218]"
7110,N2,2,1,"[""N2/f7110""]","[14219,14220]"
7111,N2,2,1,"[""N2/f7111""]","[14221,14222]"
7112,N2,2,1,"[""N2/f7112""]","[14223,14224]"
7113,N2,2,1,"[""N2/f7113""]","[14225,14226]"
7114,N2,2,1,"[""N2/f7114""]","[14227,14228]"
7115,N2,2,1,"[""N2/f7115""]","[14229,14230]"
7116,N2,2,1,"[""N2/f7116""]","[14231,14232]"
7117,N2,2,1,"[""N2/f7117""]","[14233,14234]"
7118,N2,2,1,"[""N2/f7118""]","[14235,14236]"
7119,N2,2,1,"[""N2/f7119""]","[14237,14238]"
7120,N2,2,1,"[""N2/f7120""]","[14239,14240]"
7121,N2,2,1,"[""N2/f7121""]","[14241,14242]"
7122,N2,2,1,"[""N2/f7122""]","[14243,14244]"
7123,N2,2,1,"[""N2/f7123""]","[14245,14246]"
7124,N2,2,1,"[""N2/f7124""]","[14247,14248]"
7125,N2,2,1,"[""N2/f7125""]","[14249,14250]"
7126,N2,2,1,"[""N2/f7126""]","[14251,14252]"
7127,N2,2,1,"[""N2/f7127""]","[14253,14254]"
7128,N2,2,1,"[""N2/f7128""]","[14255,14256]"
7129,N2,2,1,"[""N2/f7129""]","[14257,14258]"
7130,N2,2,1,"[""N2/f7130""]","[14259,14260]"
7131,N2,2,1,"[""N2/f7131""]","[14261,14262]"
7132,N2,2,1,"[""N2/f7132""]","[14263,14264]"
7133,N2,2,1,"[""N2/f7133""]","[14265,14266]"
7134,N2,2,1,"[""N2/f7134""]","[14267,14268]"
7135,N2,2,1,"[""N2/f7135""]","[14269,14270]"
7136,N2,2,1,"[""N2/f7136""]","[14271,14272]"
7137,N2,2,1,"[""N2/f7137""]","[14273,14274]"
7138,N2,2,1,"[""N2/f7138""]","[14275,14276]"
7139,N2,2,1,"[""N2/f7139""]","[14277,14278]"
7140,N2,2,1,"[""N2/f7140""]","[14279,14280]"
7141,N2,2,1,"[""N2/f7141""]","[14281,14282]"
7142,N2,2,1,"[""N2/f7142""]","[14283,14284]"
7143,N2,2,1,"[""N2/f7143""]","[14285,14286]"
7144,N2,2,1,"[""N2/f7144""]","[14287,14288]"
7145,N2,2,1,"[""N2/f7145""]","[14289,14290]"
7146,N2,2,1,"[""N2/f7146""]","[14291,14292]"
7147,N2,2,1,"[""N2/f7147""]","[14293,14294]"
7148,N2,2,1,"[""N2/f7148""]","[14295,14296]"
7149,N2,2,1,"[""N2/f7149""]","[14297,14298]"
7150,N2,2,1,"[""N2/f7150""]","[14299,14300]"
7151,N2,2,1,"[""N2/f7151""]","[14301,14302]"
7152,N2,2,1,"[""N2/f7152""]","[14303,14304]"
7153,N2,2,1,"[""N2/f7153""]","[14305,14306]"
7154,N2,2,1,"[""N2/f7154""]","[14307,14308]"
7155,N2,2,1,"[""N2/f7155""]","[14309,14310]"
7156,N2,2,1,"[""N2/f7156""]","[14311,14312]"
7157,N2,2,1,"[""N2/f7157""]","[14313,14314]"
7158,N2,2,1,"[""N2/f7158""]","[14315,14316]"
7159,N2,2,1,"[""N2/f7159""]","[14317,14318]"
7160,N2,2,1,"[""N2/f7160""]","[14319,14320]"
7161,N2,2,1,"[""N2/f7161""]","[14321,14322]"
7162,N2,2,1,"[""N2/f7162""]","[14323,14324]"
7163,N2,2,1,"[""N2/f7163""]","[14325,14326]"
7164,N2,2,1,"[""N2/f7164""]","[14327,14328]"
7165,N2,2,1,"[""N2/f7165""]","[14329,14330]"
7166,N2,2,1,"[""N2/f7166""]","[14331,14332]"
7167,N2,2,1,"[""N2/f7167""]","[14333,14334]"
7168,N2,2,1,"[""N2/f7168""]","[14335,14336]"
7169,N2,2,1,"[""N2/f7169""]","[14337,14338]"
7170,N2,2,1,"[""N2/f7170""]","[14339,14340]"
7171,N2,2,1,"[""N2/f7171""]","[14341,14342]"
7172,N2,2,1,"[""N2/f7172""]","[14343,14344]"
7173,N2,2,1,"[""N2/f7173""]","[14345,14346]"
7174,N2,2,1,"[""N2/f7174""]","[14347,14348]"
7175,N2,2,1,"[""N2/f7175""]","[14349,14350]"
7176,N2,2,1,"[""N2/f7176""]","[14351,14352]"
7177,N2,2,1,"[""N2/f7177""]","[14353,14354]"
7178,N2,2,1,"[""N2/f7178""]","[14355,14356]"
7179,N2,2,1,"[""N2/f7179""]","[14357,14358]"
7180,N2,2,1,"[""N2/f7180""]","[14359,14360]"
7181,N2,2,1,"[""N2/f7181""]","[14361,14362]"
7182,N2,2,1,"[""N2/f7182""]","[14363,14364]"
7183,N2,2,1,"[""N2/f7183""]","[14365,14366]"
7184,N2,2,1,"[""N2/f7184""]","[14367,14368]"
7185,N2,2,1,"[""N2/f7185""]","[14369,14370]"
7186,N2,2,1,"[""N2/f7186""]","[14371,14372]"
7187,N2,2,1,"[""N2/f7187""]","[14373,14374]"
7188,N2,2,1,"[""N2/f7188""]","[14375,14376]"
7189,N2,2,1,"[""N2/f7189""]","[14377,14378]"
7190,N2,2,1,"[""N2/f7190""]","[14379,14380]"
7191,N2,2,1,"[""N2/f7191""]","[14381,14382]"
7192,N2,2,1,"[""N2/f7192""]","[14383,14384]"
7193,N2,2,1,"[""N2/f7193""]","[14385,14386]"
7194,N2,2,1,"[""N2/f7194""]","[14387,14388]"
7195,N2,2,1,"[""N2/f7195""]","[14389,14390]"
7196,N2,2,1,"[""N2/f7196""]","[14391,14392]"
7197,N2,2,1,"[""N2/f7197""]","[14393,14394]"
7198,N2,2,1,"[""N2/f7198""]","[14395,14396]"
7199,N2,2,1,"[""N2/f7199""]","[14397,14398]"
7200,N2,2,1,"[""N2/f7200""]","[14399,14400]"
7201,N2,2,1,"[""N2/f7201""]","[14401,14402]"
7202,N2,2,1,"[""N2/f7202""]","[14403,14404]"
7203,N2,2,1,"[""N2/f7203""]","[14405,14406]"
7204,N2,2,1,"[""N2/f7204""]","[14407,14408]"
7205,N2,2,1,"[""N2/f7205""]","[14409,14410]"
7206,N2,2,1,"[""N2/f7206""]","[14411,14412]"
7207,N2,2,1,"[""N2/f7207""]","[14413,14414]"
7208,N2,2,1,"[""N2/f7208""]","[14415,14416]"
7209,N2,2,1,"[""N2/f7209""]","[14417,14418]"
7210,N2,2,1,"[""N2/f7210""]","[14419,14420]"
7211,N2,2,1,"[""N2/f7211""]","[14421,14422]"
7212,N2,2,1,"[""N2/f7212""]","[14423,14424]"
7213,N2,2,1,"[""N2/f7213""]","[14425,14426]"
7214,N2,2,1,"[""N2/f7214""]","[14427,14428]"
7215,N2,2,1,"[""N2/f7215""]","[14429,14430]"
7216,N2,2,1,"[""N2/f7216""]","[14431,14432]"
7217,N2,2,1,"[""N2/f7217""]","[14433,14434]"
7218,N2,2,1,"[""N2/f7218""]","[14435,14436]"
7219,N2,2,1,"[""N2/f7219""]","[14437,14438]"
7220,N2,2,1,"[""N2/f7220""]","[14439,14440]"
7221,N2,2,1,"[""N2/f7221""]","[14441,14442]"
7222,N2,2,1,"[""N2/f7222""]","[14443,14444]"
7223,N2,2,1,"[""N2/f7223""]","[14445,14446]"
7224,N2,2,1,"[""N2/f7224""]","[14447,14448]"
7225,N2,2,1,"[""N2/f7225""]","[14449,14450]"
7226,N2,2,1,"[""N2/f7226""]","[14451,14452]"
7227,N2,2,1,"[""N2/f7227""]","[14453,14454]"
7228,N2,2,1,"[""N2/f7228""]","[14455,14456]"
7229,N2,2,1,"[""N2/f7229""]","[14457,14458]"
7230,N2,2,1,"[""N2/f7230""]","[14459,14460]"
7231,N2,2,1,"[""N2/f7231""]","[14461,14462]"
7232,N2,2,1,"[""N2/f7232""]","[14463,14464]"
7233,N2,2,1,"[""N2/f7233""]","[14465,14466]"
7234,N2,2,1,"[""N2/f7234""]","[14467,14468]"
7235,N2,2,1,"[""N2/f7235""]","[14469,14470]"
7236,N2,2,1,"[""N2/f7236""]","[14471,14472]"
7237,N2,2,1,"[""N2/f7237""]","[14473,14474]"
7238,N2,2,1,"[""N2/f7238""]","[14475,14476]"
7239,N2,2,1,"[""N2/f7239""]","[14477,14478]"
7240,N2,2,1,"[""N2/f7240""]","[14479,14480]"
7241,N2,2,1,"[""N2/f7241""]","[14481,14482]"
7242,N2,2,1,"[""N2/f7242""]","[14483,14484]"
7243,N2,2,1,"[""N2/f7243""]","[14485,14486]"
7244,N2,2,1,"[""N2/f7244""]","[14487,14488]"
7245,N2,2,1,"[""N2/f7245""]","[14489,14490]"
7246,N2,2,1,"[""N2/f7246""]","[14491,14492]"
7247,N2,2,1,"[""N2/f7247""]","[14493,14494]"
7248,N2,2,1,"[""N2/f7248""]","[14495,14496]"
7249,N2,2,1,"[""N2/f7249""]","[14497,14498]"
7250,N2,2,1,"[""N2/f7250""]","[14499,14500]"
7251,N2,2,1,"[""N2/f7251""]","[14501,14502]"
7252,N2,2,1,"[""N2/f7252""]","[14503,14504]"
7253,N2,2,1,"[""N2/f7253""]","[14505,14506]"
7254,N2,2,1,"[""N2/f7254""]","[14507,14508]"
7255,N2,2,1,"[""N2/f7255""]","[14509,14510]"
7256,N2,2,1,"[""N2/f7256""]","[14511,14512]"
7257,N2,2,1,"[""N2/f7257""]","[14513,14514]"
7258,N2,2,1,"[""N2/f7258""]","[14515,14516]"
7259,N2,2,1,"[""N2/f7259""]","[14517,14518]"
7260,N2,2,1,"[""N2/f7260""]","[14519,14520]"
7261,N2,2,1,"[""N2/f7261""]","[14521,14522]"
7262,N2,2,1,"[""N2/f7262""]","[14523,14524]"
7263,N2,2,1,"[""N2/f7263""]","[14525,14526]"
7264,N2,2,1,"[""N2/f7264""]","[14527,14528]"
7265,N2,2,1,"[""N2/f7265""]","[14529,14530]"
7266,N2,2,1,"[""N2/f7266""]","[14531,14532]"
7267,N2,2,1,"[""N2/f7267""]","[14533,14534]"
7268,N2,2,1,"[""N2/f7268""]","[14535,14536]"
7269,N2,2,1,"[""N2/f7269""]","[14537,14538]"
7270,N2,2,1,"[""N2/f7270""]","[14539,14540]"
7271,N2,2,1,"[""N2/f7271""]","[14541,14542]"
7272,N2,2,1,"[""N2/f7272""]","[14543,14544]"
7273,N2,2,1,"[""N2/f7273""]","[14545,14546]"
7274,N2,2,1,"[""N2/f7274""]","[14547,14548]"
7275,N2,2,1,"[""N2/f7275""]","[14549,14550]"
7276,N2,2,1,"[""N2/f7276""]","[14551,14552]"
7277,N2,2,1,"[""N2/f7277""]","[14553,14554]"
7278,N2,2,1,"[""N2/f7278""]","[14555,14556]"
7279,N2,2,1,"[""N2/f7279""]","[14557,14558]"
7280,N2,2,1,"[""N2/f7280""]","[14559,14560]"
7281,N2,2,1,"[""N2/f7281""]","[14561,14562]"
7282,N2,2,1,"[""N2/f7282""]","[14563,14564]"
7283,N2,2,1,"[""N2/f7283""]","[14565,14566]"
7284,N2,2,1,"[""N2/f7284""]","[14567,14568]"
7285,N2,2,1,"[""N2/f7285""]","[14569,14570]"
7286,N2,2,1,"[""N2/f7286""]","[14571,14572]"
7287,N2,2,1,"[""N2/f7287""]","[14573,14574]"
7288,N2,2,1,"[""N2/f7288""]","[14575,14576]"
7289,N2,2,1,"[""N2/f7289""]","[14577,14578]"
7290,N2,2,1,"[""N2/f7290""]","[14579,14580]"
7291,N2,2,1,"[""N2/f7291""]","[14581,14582]"
7292,N2,2,1,"[""N2/f7292""]","[14583,14584]"
7293,N2,2,1,"[""N2/f7293""]","[14585,14586]"
7294,N2,2,1,"[""N2/f7294""]","[14587,14588]"
7295,N2,2,1,"[""N2/f7295""]","[14589,14590]"
7296,N2,2,1,"[""N2/f7296""]","[14591,14592]"
7297,N2,2,1,"[""N2/f7297""]","[14593,14594]"
7298,N2,2,1,"[""N2/f7298""]","[14595,14596]"
7299,N2,2,1,"[""N2/f7299""]","[14597,14598]"
7300,N2,2,1,"[""N2/f7300""]","[14599,14600]"
7301,N2,2,1,"[""N2/f7301""]","[14601,14602]"
7302,N2,2,1,"[""N2/f7302""]","[14603,14604]"
7303,N2,2,1,"[""N2/f7303""]","[14605,14606]"
7304,N2,2,1,"[""N2/f7304""]","[14607,14608]"
7305,N2,2,1,"[""N2/f7305""]","[14609,14610]"
7306,N2,2,1,"[""N2/f7306""]","[14611,14612]"
7307,N2,2,1,"[""N2/f7307""]","[14613,14614]"
7308,N2,2,1,"[""N2/f7308""]","[14615,14616]"
7309,N2,2,1,"[""N2/f7309""]","[14617,14618]"
7310,N2,2,1,"[""N2/f7310""]","[14619,14620]"
7311,N2,2,1,"[""N2/f7311""]","[14621,14622]"
7312,N2,2,1,"[""N2/f7312""]","[14623,14624]"
7313,N2,2,1,"[""N2/f7313""]","[14625,14626]"
7314,N2,2,1,"[""N2/f7314""]","[14627,14628]"
7315,N2,2,1,"[""N2/f7315""]","[14629,14630]"
7316,N2,2,1,"[""N2/f7316""]","[14631,14632]"
7317,N2,2,1,"[""N2/f7317""]","[14633,14634]"
7318,N2,2,1,"[""N2/f7318""]","[14635,14636]"
7319,N2,2,1,"[""N2/f7319""]","[14637,14638]"
7320,N2,2,1,"[""N2/f7320""]","[14639,14640]"
7321,N2,2,1,"[""N2/f7321""]","[14641,14642]"
7322,N2,2,1,"[""N2/f7322""]","[14643,14644]"
7323,N2,2,1,"[""N2/f7323""]","[14645,14646]"
7324,N2,2,1,"[""N2/f7324""]","[14647,14648]"
7325,N2,2,1,"[""N2/f7325""]","[14649,14650]"
7326,N2,2,1,"[""N2/f7326""]","[14651,14652]"
7327,N2,2,1,"[""N2/f7327""]","[14653,14654]"
7328,N2,2,1,"[""N2/f7328""]","[14655,14656]"
7329,N2,2,1,"[""N2/f7329""]","[14657,14658]"
7330,N2,2,1,"[""N2/f7330""]","[14659,14660]"
7331,N2,2,1,"[""N2/f7331""]","[14661,14662]"
7332,N2,2,1,"[""N2/f7332""]","[14663,14664]"
7333,N2,2,1,"[""N2/f7333""]","[14665,14666]"
7334,N2,2,1,"[""N2/f7334""]","[14667,14668]"
7335,N2,2,1,"[""N2/f7335""]","[14669,14670]"
7336,N2,2,1,"[""N2/f7336""]","[14671,14672]"
7337,N2,2,1,"[""N2/f7337""]","[14673,14674]"
7338,N2,2,1,"[""N2/f7338""]","[14675,14676]"
7339,N2,2,1,"[""N2/f7339""]","[14677,14678]"
7340,N2,2,1,"[""N2/f7340""]","[14679,14680]"
7341,N2,2,1,"[""N2/f7341""]","[14681,14682]"
7342,N2,2,1,"[""N2/f7342""]","[14683,14684]"
7343,N2,2,1,"[""N2/f7343""]","[14685,14686]"
7344,N2,2,1,"[""N2/f7344""]","[14687,14688]"
7345,N2,2,1,"[""N2/f7345""]","[14689,14690]"
7346,N2,2,1,"[""N2/f7346""]","[14691,14692]"
7347,N2,2,1,"[""N2/f7347""]","[14693,14694]"
7348,N2,2,1,"[""N2/f7348""]","[14695,14696]"
7349,N2,2,1,"[""N2/f7349""]","[14697,14698]"
7350,N2,2,1,"[""N2/f7350""]","[14699,14700]"
7351,N2,2,1,"[""N2/f7351""]","[14701,14702]"
7352,N2,2,1,"[""N2/f7352""]","[14703,14704]"
7353,N2,2,1,"[""N2/f7353""]","[14705,14706]"
7354,N2,2,1,"[""N2/f7354""]","[14707,14708]"
7355,N2,2,1,"[""N2/f7355""]","[14709,14710]"
7356,N2,2,1,"[""N2/f7356""]","[14711,14712]"
7357,N2,2,1,"[""N2/f7357""]","[14713,14714]"
7358,N2,2,1,"[""N2/f7358""]","[14715,14716]"
7359,N2,2,1,"[""N2/f7359""]","[14717,14718]"
7360,N2,2,1,"[""N2/f7360""]","[14719,14720]"
7361,N2,2,1,"[""N2/f7361""]","[14721,14722]"
7362,N2,2,1,"[""N2/f7362""]","[14723,14724]"
7363,N2,2,1,"[""N2/f7363""]","[14725,14726]"
7364,N2,2,1,"[""N2/f7364""]","[14727,14728]"
7365,N2,2,1,"[""N2/f7365""]","[14729,14730]"
7366,N2,2,1,"[""N2/f7366""]","[14731,14732]"
7367,N2,2,1,"[""N2/f7367""]","[14733,14734]"
7368,N2,2,1,"[""N2/f7368""]","[14735,14736]"
7369,N2,2,1,"[""N2/f7369""]","[14737,14738]"
7370,N2,2,1,"[""N2/f7370""]","[14739,14740]"
7371,N2,2,1,"[""N2/f7371""]","[14741,14742]"
7372,N2,2,1,"[""N2/f7372""]","[14743,14744]"
7373,N2,2,1,"[""N2/f7373""]","[14745,14746]"
7374,N2,2,1,"[""N2/f7374""]","[14747,14748]"
7375,N2,2,1,"[""N2/f7375""]","[14749,14750]"
7376,N2,2,1,"[""N2/f7376""]","[14751,14752]"
7377,N2,2,1,"[""N2/f7377""]","[14753,14754]"
7378,N2,2,1,"[""N2/f7378""]","[14755,14756]"
7379,N2,2,1,"[""N2/f7379""]","[14757,14758]"
7380,N2,2,1,"[""N2/f7380""]","[14759,14760]"
7381,N2,2,1,"[""N2/f7381""]","[14761,14762]"
7382,N2,2,1,"[""N2/f7382""]","[14763,14764]"
7383,N2,2,1,"[""N2/f7383""]","[14765,14766]"
7384,N2,2,1,"[""N2/f7384""]","[14767,14768]"
7385,N2,2,1,"[""N2/f7385""]","[14769,14770]"
7386,N2,2,1,"[""N2/f7386""]","[14771,14772]"
7387,N2,2,1,"[""N2/f7387""]","[14773,14774]"
7388,N2,2,1,"[""N2/f7388""]","[14775,14776]"
7389,N2,2,1,"[""N2/f7389""]","[14777,14778]"
7390,N2,2,1,"[""N2/f7390""]","[14779,14780]"
7391,N2,2,1,"[""N2/f7391""]","[14781,14782]"
7392,N2,2,1,"[""N2/f7392""]","[14783,14784]"
7393,N2,2,1,"[""N2/f7393""]","[14785,14786]"
7394,N2,2,1,"[""N2/f7394""]","[14787,14788]"
7395,N2,2,1,"[""N2/f7395""]","[14789,14790]"
7396,N2,2,1,"[""N2/f7396""]","[14791,14792]"
7397,N2,2,1,"[""N2/f7397""]","[14793,14794]"
7398,N2,2,1,"[""N2/f7398""]","[14795,14796]"
7399,N2,2,1,"[""N2/f7399""]","[14797,14798]"
7400,N2,2,1,"[""N2/f7400""]","[14799,14800]"
7401,N2,2,1,"[""N2/f7401""]","[14801,14802]"
7402,N2,2,1,"[""N2/f7402""]","[14803,14804]"
7403,N2,2,1,"[""N2/f7403""]","[14805,14806]"
7404,N2,2,1,"[""N2/f7404""]","[14807,14808]"
7405,N2,2,1,"[""N2/f7405""]","[14809,14810]"
7406,N2,2,1,"[""N2/f7406""]","[14811,14812]"
7407,N2,2,1,"[""N2/f7407""]","[14813,14814]"
7408,N2,2,1,"[""N2/f7408""]","[14815,14816]"
7409,N2,2,1,"[""N2/f7409""]","[14817,14818]"
7410,N2,2,1,"[""N2/f7410""]","[14819,14820]"
7411,N2,2,1,"[""N2/f7411""]","[14821,14822]"
7412,N2,2,1,"[""N2/f7412""]","[14823,14824]"
7413,N2,2,1,"[""N2/f7413""]","[14825,14826]"
7414,N2,2,1,"[""N2/f7414""]","[14827,14828]"
7415,N2,2,1,"[""N2/f7415""]","[14829,14830]"
7416,N2,2,1,"[""N2/f7416""]","[14831,14832]"
7417,N2,2,1,"[""N2/f7417""]","[14833,14834]"
7418,N2,2,1,"[""N2/f7418""]","[14835,14836]"
7419,N2,2,1,"[""N2/f7419""]","[14837,14838]"
7420,N2,2,1,"[""N2/f7420""]","[14839,14840]"
7421,N2,2,1,"[""N2/f7421""]","[14841,14842]"
7422,N2,2,1,"[""N2/f7422""]","[14843,14844]"
7423,N2,2,1,"[""N2/f7423""]","[14845,14846]"
7424,N2,2,1,"[""N2/f7424""]","[14847,14848]"
7425,N2,2,1,"[""N2/f7425""]","[14849,14850]"
7426,N2,2,1,"[""N2/f7426""]","[14851,14852]"
7427,N2,2,1,"[""N2/f7427""]","[14853,14854]"
7428,N2,2,1,"[""N2/f7428""]","[14855,14856]"
7429,N2,2,1,"[""N2/f7429""]","[14857,14858]"
7430,N2,2,1,"[""N2/f7430""]","[14859,14860]"
7431,N2,2,1,"[""N2/f7431""]","[14861,14862]"
7432,N2,2,1,"[""N2/f7432""]","[14863,14864]"
7433,N2,2,1,"[""N2/f7433""]","[14865,14866]"
7434,N2,2,1,"[""N2/f7434""]","[14867,14868]"
7435,N2,2,1,"[""N2/f7435""]","[14869,14870]"
7436,N2,2,1,"[""N2/f7436""]","[14871,14872]"
7437,N2,2,1,"[""N2/f7437""]","[14873,14874]"
7438,N2,2,1,"[""N2/f7438""]","[14875,14876]"
7439,N2,2,1,"[""N2/f7439""]","[14877,14878]"
7440,N2,2,1,"[""N2/f7440""]","[14879,14880]"
7441,N2,2,1,"[""N2/f7441""]","[14881,14882]"
7442,N2,2,1,"[""N2/f7442""]","[14883,14884]"
7443,N2,2,1,"[""N2/f7443""]","[14885,14886]"
7444,N2,2,1,"[""N2/f7444""]","[14887,14888]"
7445,N2,2,1,"[""N2/f7445""]","[14889,14890]"
7446,N2,2,1,"[""N2/f7446""]","[14891,14892]"
7447,N2,2,1,"[""N2/f7447""]","[14893,14894]"
7448,N2,2,1,"[""N2/f7448""]","[14895,14896]"
7449,N2,2,1,"[""N2/f7449""]","[14897,14898]"
7450,N2,2,1,"[""N2/f7450""]","[14899,14900]"
7451,N2,2,1,"[""N2/f7451""]","[14901,14902]"
7452,N2,2,1,"[""N2/f7452""]","[14903,14904]"
7453,N2,2,1,"[""N2/f7453""]","[14905,14906]"
7454,N2,2,1,"[""N2/f7454""]","[14907,14908]"
7455,N2,2,1,"[""N2/f7455""]","[14909,14910]"
7456,N2,2,1,"[""N2/f7456""]","[14911,14912]"
7457,N2,2,1,"[""N2/f7457""]","[14913,14914]"
7458,N2,2,1,"[""N2/f7458""]","[14915,14916]"
7459,N2,2,1,"[""N2/f7459""]","[14917,14918]"
7460,N2,2,1,"[""N2/f7460""]","[14919,14920]"
7461,N2,2,1,"[""N2/f7461""]","[14921,14922]"
7462,N2,2,1,"[""N2/f7462""]","[14923,14924]"
7463,N2,2,1,"[""N2/f7463""]","[14925,14926]"
7464,N2,2,1,"[""N2/f7464""]","[14927,14928]"
7465,N2,2,1,"[""N2/f7465""]","[14929,14930]"
7466,N2,2,1,"[""N2/f7466""]","[14931,14932]"
7467,N2,2,1,"[""N2/f7467""]","[14933,14934]"
7468,N2,2,1,"[""N2/f7468""]","[14935,14936]"
7469,N2,2,1,"[""N2/f7469""]","[14937,14938]"
7470,N2,2,1,"[""N2/f7470""]","[14939,14940]"
7471,N2,2,1,"[""N2/f7471""]","[14941,14942]"
7472,N2,2,1,"[""N2/f7472""]","[14943,14944]"
7473,N2,2,1,"[""N2/f7473""]","[14945,14946]"
7474,N2,2,1,"[""N2/f7474""]","[14947,14948]"
7475,N2,2,1,"[""N2/f7475""]","[14949,14950]"
7476,N2,2,1,"[""N2/f7476""]","[14951,14952]"
7477,N2,2,1,"[""N2/f7477""]","[14953,14954]"
7478,N2,2,1,"[""N2/f7478""]","[14955,14956]"
7479,N2,2,1,"[""N2/f7479""]","[14957,14958]"
7480,N2,2,1,"[""N2/f7480""]","[14959,14960]"
7481,N2,2,1,"[""N2/f7481""]","[14961,14962]"
7482,N2,2,1,"[""N2/f7482""]","[14963,14964]"
7483,N2,2,1,"[""N2/f7483""]","[14965,14966]"
7484,N2,2,1,"[""N2/f7484""]","[14967,14968]"
7485,N2,2,1,"[""N2/f7485""]","[14969,14970]"
7486,N2,2,1,"[""N2/f7486""]","[14971,14972]"
7487,N2,2,1,"[""N2/f7487""]","[14973,14974]"
7488,N2,2,1,"[""N2/f7488""]","[14975,14976]"
7489,N2,2,1,"[""N2/f7489""]","[14977,14978]"
7490,N2,2,1,"[""N2/f7490""]","[14979,14980]"
7491,N2,2,1,"[""N2/f7491""]","[14981,14982]"
7492,N2,2,1,"[""N2/f7492""]","[14983,14984]"
7493,N2,2,1,"[""N2/f7493""]","[14985,14986]"
7494,N2,2,1,"[""N2/f7494""]","[14987,14988]"
7495,N2,2,1,"[""N2/f7495""]","[14989,14990]"
7496,N2,2,1,"[""N2/f7496""]","[14991,14992]"
7497,N2,2,1,"[""N2/f7497""]","[14993,14994]"
7498,N2,2,1,"[""N2/f7498""]","[14995,14996]"
7499,N2,2,1,"[""N2/f7499""]","[14997,14998]"
7500,N2,2,1,"[""N2/f7500""]","[14999,15000]"
7501,N2,2,1,"[""N2/f7501""]","[15001,15002]"
7502,N2,2,1,"[""N2/f7502""]","[15003,15004]"
7503,N2,2,1,"[""N2/f7503""]","[15005,15006]"
7504,N2,2,1,"[""N2/f7504""]","[15007,15008]"
7505,N2,2,1,"[""N2/f7505""]","[15009,15010]"
7506,N2,2,1,"[""N2/f7506""]","[15011,15012]"
7507,N2,2,1,"[""N2/f7507""]","[15013,15014]"
7508,N2,2,1,"[""N2/f7508""]","[15015,15016]"
7509,N2,2,1,"[""N2/f7509""]","[15017,15018]"
7510,N2,2,1,"[""N2/f7510""]","[15019,15020]"
7511,N2,2,1,"[""N2/f7511""]","[15021,15022]"
7512,N2,2,1,"[""N2/f7512""]","[15023,15024]"
7513,N2,2,1,"[""N2/f7513""]","[15025,15026]"
7514,N2,2,1,"[""N2/f7514""]","[15027,15028]"
7515,N2,2,1,"[""N2/f7515""]","[15029,15030]"
7516,N2,2,1,"[""N2/f7516""]","[15031,15032]"
7517,N2,2,1,"[""N2/f7517""]","[15033,15034]"
7518,N2,2,1,"[""N2/f7518""]","[15035,15036]"
7519,N2,2,1,"[""N2/f7519""]","[15037,15038]"
7520,N2,2,1,"[""N2/f7520""]","[15039,15040]"
7521,N2,2,1,"[""N2/f7521""]","[15041,15042]"
7522,N2,2,1,"[""N2/f7522""]","[15043,15044]"
7523,N2,2,1,"[""N2/f7523""]","[15045,15046]"
7524,N2,2,1,"[""N2/f7524""]","[15047,15048]"
7525,N2,2,1,"[""N2/f7525""]","[15049,15050]"
7526,N2,2,1,"[""N2/f7526""]","[15051,15052]"
7527,N2,2,1,"[""N2/f7527""]","[15053,15054]"
7528,N2,2,1,"[""N2/f7528""]","[15055,15056]"
7529,N2,2,1,"[""N2/f7529""]","[15057,15058]"
7530,N2,2,1,"[""N2/f7530""]","[15059,15060]"
7531,N2,2,1,"[""N2/f7531""]","[15061,15062]"
7532,N2,2,1,"[""N2/f7532""]","[15063,15064]"
7533,N2,2,1,"[""N2/f7533""]","[15065,15066]"
7534,N2,2,1,"[""N2/f7534""]","[15067,15068]"
7535,N2,2,1,"[""N2/f7535""]","[15069,15070]"
7536,N2,2,1,"[""N2/f7536""]","[15071,15072]"
7537,N2,2,1,"[""N2/f7537""]","[15073,15074]"
7538,N2,2,1,"[""N2/f7538""]","[15075,15076]"
7539,N2,2,1,"[""N2/f7539""]","[15077,15078]"
7540,N2,2,1,"[""N2/f7540""]","[15079,15080]"
7541,N2,2,1,"[""N2/f7541""]","[15081,15082]"
7542,N2,2,1,"[""N2/f7542""]","[15083,15084]"
7543,N2,2,1,"[""N2/f7543""]","[15085,15086]"
7544,N2,2,1,"[""N2/f7544""]","[15087,15088]"
7545,N2,2,1,"[""N2/f7545""]","[15089,15090]"
7546,N2,2,1,"[""N2/f7546""]","[15091,15092]"
7547,N2,2,1,"[""N2/f7547""]","[15093,15094]"
7548,N2,2,1,"[""N2/f7548""]","[15095,15096]"
7549,N2,2,1,"[""N2/f7549""]","[15097,15098]"
7550,N2,2,1,"[""N2/f7550""]","[15099,15100]"
7551,N2,2,1,"[""N2/f7551""]","[15101,15102]"
7552,N2,2,1,"[""N2/f7552""]","[15103,15104]"
7553,N2,2,1,"[""N2/f7553""]","[15105,15106]"
7554,N2,2,1,"[""N2/f7554""]","[15107,15108]"
7555,N2,2,1,"[""N2/f7555""]","[15109,15110]"
7556,N2,2,1,"[""N2/f7556""]","[15111,15112]"
7557,N2,2,1,"[""N2/f7557""]","[15113,15114]"
7558,N2,2,1,"[""N2/f7558""]","[15115,15116]"
7559,N2,2,1,"[""N2/f7559""]","[15117,15118]"
7560,N2,2,1,"[""N2/f7560""]","[15119,15120]"
7561,N2,2,1,"[""N2/f7561""]","[15121,15122]"
7562,N2,2,1,"[""N2/f7562""]","[15123,15124]"
7563,N2,2,1,"[""N2/f7563""]","[15125,15126]"
7564,N2,2,1,"[""N2/f7564""]","[15127,15128]"
7565,N2,2,1,"[""N2/f7565""]","[15129,15130]"
7566,N2,2,1,"[""N2/f7566""]","[15131,15132]"
7567,N2,2,1,"[""N2/f7567""]","[15133,15134]"
7568,N2,2,1,"[""N2/f7568""]","[15135,15136]"
7569,N2,2,1,"[""N2/f7569""]","[15137,15138]"
7570,N2,2,1,"[""N2/f7570""]","[15139,15140]"
7571,N2,2,1,"[""N2/f7571""]","[15141,15142]"
7572,N2,2,1,"[""N2/f7572""]","[15143,15144]"
7573,N2,2,1,"[""N2/f7573""]","[15145,15146]"
7574,N2,2,1,"[""N2/f7574""]","[15147,15148]"
7575,N2,2,1,"[""N2/f7575""]","[15149,15150]"
7576,N2,2,1,"[""N2/f7576""]","[15151,15152]"
7577,N2,2,1,"[""N2/f7577""]","[15153,15154]"
7578,N2,2,1,"[""N2/f7578""]","[15155,15156]"
7579,N2,2,1,"[""N2/f7579""]","[15157,15158]"
7580,N2,2,1,"[""N2/f7580""]","[15159,15160]"
7581,N2,2,1,"[""N2/f7581""]","[15161,15162]"
7582,N2,2,1,"[""N2/f7582""]","[15163,15164]"
7583,N2,2,1,"[""N2/f7583""]","[15165,15166]"
7584,N2,2,1,"[""N2/f7584""]","[15167,15168]"
7585,N2,2,1,"[""N2/f7585""]","[15169,15170]"
7586,N2,2,1,"[""N2/f7586""]","[15171,15172]"
7587,N2,2,1,"[""N2/f7587""]","[15173,15174]"
7588,N2,2,1,"[""N2/f7588""]","[15175,15176]"
7589,N2,2,1,"[""N2/f7589""]","[15177,15178]"
7590,N2,2,1,"[""N2/f7590""]","[15179,15180]"
7591,N2,2,1,"[""N2/f7591""]","[15181,15182]"
7592,N2,2,1,"[""N2/f7592""]","[15183,15184]"
7593,N2,2,1,"[""N2/f7593""]","[15185,15186]"
7594,N2,2,1,"[""N2/f7594""]","[15187,15188]"
7595,N2,2,1,"[""N2/f7595""]","[15189,15190]"
7596,N2,2,1,"[""N2/f7596""]","[15191,15192]"
7597,N2,2,1,"[""N2/f7597""]","[15193,15194]"
7598,N2,2,1,"[""N2/f7598""]","[15195,15196]"
7599,N2,2,1,"[""N2/f7599""]","[15197,15198]"
7600,N2,2,1,"[""N2/f7600""]","[15199,15200]"
7601,N2,2,1,"[""N2/f7601""]","[15201,15202]"
7602,N2,2,1,"[""N2/f7602""]","[15203,15204]"
7603,N2,2,1,"[""N2/f7603""]","[15205,15206]"
7604,N2,2,1,"[""N2/f7604""]","[15207,15208]"
7605,N2,2,1,"[""N2/f7605""]","[15209,15210]"
7606,N2,2,1,"[""N2/f7606""]","[15211,15212]"
7607,N2,2,1,"[""N2/f7607""]","[15213,15214]"
7608,N2,2,1,"[""N2/f7608""]","[15215,15216]"
7609,N2,2,1,"[""N2/f7609""]","[15217,15218]"
7610,N2,2,1,"[""N2/f7610""]","[15219,15220]"
7611,N2,2,1,"[""N2/f7611""]","[15221,15222]"
7612,N2,2,1,"[""N2/f7612""]","[15223,15224]"
7613,N2,2,1,"[""N2/f7613""]","[15225,15226]"
7614,N2,2,1,"[""N2/f7614""]","[15227,15228]"
7615,N2,2,1,"[""N2/f7615""]","[15229,15230]"
7616,N2,2,1,"[""N2/f7616""]","[15231,15232]"
7617,N2,2,1,"[""N2/f7617""]","[15233,15234]"
7618,N2,2,1,"[""N2/f7618""]","[15235,15236]"
7619,N2,2,1,"[""N2/f7619""]","[15237,15238]"
7620,N2,2,1,"[""N2/f7620""]","[15239,15240]"
7621,N2,2,1,"[""N2/f7621""]","[15241,15242]"
7622,N2,2,1,"[""N2/f7622""]","[15243,15244]"
7623,N2,2,1,"[""N2/f7623""]","[15245,15246]"
7624,N2,2,1,"[""N2/f7624""]","[15247,15248]"
7625,N2,2,1,"[""N2/f7625""]","[15249,15250]"
7626,N2,2,1,"[""N2/f7626""]","[15251,15252]"
7627,N2,2,1,"[""N2/f7627""]","[15253,15254]"
7628,N2,2,1,"[""N2/f7628""]","[15255,15256]"
7629,N2,2,1,"[""N2/f7629""]","[15257,15258]"
7630,N2,2,1,"[""N2/f7630""]","[15259,15260]"
7631,N2,2,1,"[""N2/f7631""]","[15261,15262]"
7632,N2,2,1,"[""N2/f7632""]","[15263,15264]"
7633,N2,2,1,"[""N2/f7633""]","[15265,15266]"
7634,N2,2,1,"[""N2/f7634""]","[15267,15268]"
7635,N2,2,1,"[""N2/f7635""]","[15269,15270]"
7636,N2,2,1,"[""N2/f7636""]","[15271,15272]"
7637,N2,2,1,"[""N2/f7637""]","[15273,15274]"
7638,N2,2,1,"[""N2/f7638""]","[15275,15276]"
7639,N2,2,1,"[""N2/f7639""]","[15277,15278]"
7640,N2,2,1,"[""N2/f7640""]","[15279,15280]"
7641,N2,2,1,"[""N2/f7641""]","[15281,15282]"
7642,N2,2,1,"[""N2/f7642""]","[15283,15284]"
7643,N2,2,1,"[""N2/f7643""]","[15285,15286]"
7644,N2,2,1,"[""N2/f7644""]","[15287,15288]"
7645,N2,2,1,"[""N2/f7645""]","[15289,15290]"
7646,N2,2,1,"[""N2/f7646""]","[15291,15292]"
7647,N2,2,1,"[""N2/f7647""]","[15293,15294]"
7648,N2,2,1,"[""N2/f7648""]","[15295,15296]"
7649,N2,2,1,"[""N2/f7649""]","[15297,15298]"
7650,N2,2,1,"[""N2/f7650""]","[15299,15300]"
7651,N2,2,1,"[""N2/f7651""]","[15301,15302]"
7652,N2,2,1,"[""N2/f7652""]","[15303,15304]"
7653,N2,2,1,"[""N2/f7653""]","[15305,15306]"
7654,N2,2,1,"[""N2/f7654""]","[15307,15308]"
7655,N2,2,1,"[""N2/f7655""]","[15309,15310]"
7656,N2,2,1,"[""N2/f7656""]","[15311,15312]"
7657,N2,2,1,"[""N2/f7657""]","[15313,15314]"
7658,N2,2,1,"[""N2/f7658""]","[15315,15316]"
7659,N2,2,1,"[""N2/f7659""]","[15317,15318]"
7660,N2,2,1,"[""N2/f7660""]","[15319,15320]"
7661,N2,2,1,"[""N2/f7661""]","[15321,15322]"
7662,N2,2,1,"[""N2/f7662""]","[15323,15324]"
7663,N2,2,1,"[""N2/f7663""]","[15325,15326]"
7664,N2,2,1,"[""N2/f7664""]","[15327,15328]"
7665,N2,2,1,"[""N2/f7665""]","[15329,15330]"
7666,N2,2,1,"[""N2/f7666""]","[15331,15332]"
7667,N2,2,1,"[""N2/f7667""]","[15333,15334]"
7668,N2,2,1,"[""N2/f7668""]","[15335,15336]"
7669,N2,2,1,"[""N2/f7669""]","[15337,15338]"
7670,N2,2,1,"[""N2/f7670""]","[15339,15340]"
7671,N2,2,1,"[""N2/f7671""]","[15341,15342]"
7672,N2,2,1,"[""N2/f7672""]","[15343,15344]"
7673,N2,2,1,"[""N2/f7673""]","[15345,15346]"
7674,N2,2,1,"[""N2/f7674""]","[15347,15348]"
7675,N2,2,1,"[""N2/f7675""]","[15349,15350]"
7676,N2,2,1,"[""N2/f7676""]","[15351,15352]"
7677,N2,2,1,"[""N2/f7677""]","[15353,15354]"
7678,N2,2,1,"[""N2/f7678""]","[15355,15356]"
7679,N2,2,1,"[""N2/f7679""]","[15357,15358]"
7680,N2,2,1,"[""N2/f7680""]","[15359,15360]"
7681,N2,2,1,"[""N2/f7681""]","[15361,15362]"
7682,N2,2,1,"[""N2/f7682""]","[15363,15364]"
7683,N2,2,1,"[""N2/f7683""]","[15365,15366]"
7684,N2,2,1,"[""N2/f7684""]","[15367,15368]"
7685,N2,2,1,"[""N2/f7685""]","[15369,15370]"
7686,N2,2,1,"[""N2/f7686""]","[15371,15372]"
7687,N2,2,1,"[""N2/f7687""]","[15373,15374]"
7688,N2,2,1,"[""N2/f7688""]","[15375,15376]"
7689,N2,2,1,"[""N2/f7689""]","[15377,15378]"
7690,N2,2,1,"[""N2/f7690""]","[15379,15380]"
7691,N2,2,1,"[""N2/f7691""]","[15381,15382]"
7692,N2,2,1,"[""N2/f7692""]","[15383,15384]"
7693,N2,2,1,"[""N2/f7693""]","[15385,15386]"
7694,N2,2,1,"[""N2/f7694""]","[15387,15388]"
7695,N2,2,1,"[""N2/f7695""]","[15389,15390]"
7696,N2,2,1,"[""N2/f7696""]","[15391,15392]"
7697,N2,2,1,"[""N2/f7697""]","[15393,15394]"
7698,N2,2,1,"[""N2/f7698""]","[15395,15396]"
7699,N2,2,1,"[""N2/f7699""]","[15397,15398]"
7700,N2,2,1,"[""N2/f7700""]","[15399,15400]"
7701,N2,2,1,"[""N2/f7701""]","[15401,15402]"
7702,N2,2,1,"[""N2/f7702""]","[15403,15404]"
7703,N2,2,1,"[""N2/f7703""]","[15405,15406]"
7704,N2,2,1,"[""N2/f7704""]","[15407,15408]"
7705,N2,2,1,"[""N2/f7705""]","[15409,15410]"
7706,N2,2,1,"[""N2/f7706""]","[15411,15412]"
7707,N2,2,1,"[""N2/f7707""]","[15413,15414]"
7708,N2,2,1,"[""N2/f7708""]","[15415,15416]"
7709,N2,2,1,"[""N2/f7709""]","[15417,15418]"
7710,N2,2,1,"[""N2/f7710""]","[15419,15420]"
7711,N2,2,1,"[""N2/f7711""]","[15421,15422]"
7712,N2,2,1,"[""N2/f7712""]","[15423,15424]"
7713,N2,2,1,"[""N2/f7713""]","[15425,15426]"
7714,N2,2,1,"[""N2/f7714""]","[15427,15428]"
7715,N2,2,1,"[""N2/f7715""]","[15429,15430]"
7716,N2,2,1,"[""N2/f7716""]","[15431,15432]"
7717,N2,2,1,"[""N2/f7717""]","[15433,15434]"
7718,N2,2,1,"[""N2/f7718""]","[15435,15436]"
7719,N2,2,1,"[""N2/f7719""]","[15437,15438]"
7720,N2,2,1,"[""N2/f7720""]","[15439,15440]"
7721,N2,2,1,"[""N2/f7721""]","[15441,15442]"
7722,N2,2,1,"[""N2/f7722""]","[15443,15444]"
7723,N2,2,1,"[""N2/f7723""]","[15445,15446]"
7724,N2,2,1,"[""N2/f7724""]","[15447,15448]"
7725,N2,2,1,"[""N2/f7725""]","[15449,15450]"
7726,N2,2,1,"[""N2/f7726""]","[15451,15452]"
7727,N2,2,1,"[""N2/f7727""]","[15453,15454]"
7728,N2,2,1,"[""N2/f7728""]","[15455,15456]"
7729,N2,2,1,"[""N2/f7729""]","[15457,15458]"
7730,N2,2,1,"[""N2/f7730""]","[15459,15460]"
7731,N2,2,1,"[""N2/f7731""]","[15461,15462]"
7732,N2,2,1,"[""N2/f7732""]","[15463,15464]"
7733,N2,2,1,"[""N2/f7733""]","[15465,15466]"
7734,N2,2,1,"[""N2/f7734""]","[15467,15468]"
7735,N2,2,1,"[""N2/f7735""]","[15469,15470]"
7736,N2,2,1,"[""N2/f7736""]","[15471,15472]"
7737,N2,2,1,"[""N2/f7737""]","[15473,15474]"
7738,N2,2,1,"[""N2/f7738""]","[15475,15476]"
7739,N2,2,1,"[""N2/f7739""]","[15477,15478]"
7740,N2,2,1,"[""N2/f7740""]","[15479,15480]"
7741,N2,2,1,"[""N2/f7741""]","[15481,15482]"
7742,N2,2,1,"[""N2/f7742""]","[15483,15484]"
7743,N2,2,1,"[""N2/f7743""]","[15485,15486]"
7744,N2,2,1,"[""N2/f7744""]","[15487,15488]"
7745,N2,2,1,"[""N2/f7745""]","[15489,15490]"
7746,N2,2,1,"[""N2/f7746""]","[15491,15492]"
7747,N2,2,1,"[""N2/f7747""]","[15493,15494]"
7748,N2,2,1,"[""N2/f7748""]","[15495,15496]"
7749,N2,2,1,"[""N2/f7749""]","[15497,15498]"
7750,N2,2,1,"[""N2/f7750""]","[15499,15500]"
7751,N2,2,1,"[""N2/f7751""]","[15501,15502]"
7752,N2,2,1,"[""N2/f7752""]","[15503,15504]"
7753,N2,2,1,"[""N2/f7753""]","[15505,15506]"
7754,N2,2,1,"[""N2/f7754""]","[15507,15508]"
7755,N2,2,1,"[""N2/f7755""]","[15509,15510]"
7756,N2,2,1,"[""N2/f7756""]","[15511,15512]"
7757,N2,2,1,"[""N2/f7757""]","[15513,15514]"
7758,N2,2,1,"[""N2/f7758""]","[15515,15516]"
7759,N2,2,1,"[""N2/f7759""]","[15517,15518]"
7760,N2,2,1,"[""N2/f7760""]","[15519,15520]"
7761,N2,2,1,"[""N2/f7761""]","[15521,15522]"
7762,N2,2,1,"[""N2/f7762""]","[15523,15524]"
7763,N2,2,1,"[""N2/f7763""]","[15525,15526]"
7764,N2,2,1,"[""N2/f7764""]","[15527,15528]"
7765,N2,2,1,"[""N2/f7765""]","[15529,15530]"
7766,N2,2,1,"[""N2/f7766""]","[15531,15532]"
7767,N2,2,1,"[""N2/f7767""]","[15533,15534]"
7768,N2,2,1,"[""N2/f7768""]","[15535,15536]"
7769,N2,2,1,"[""N2/f7769""]","[15537,15538]"
7770,N2,2,1,"[""N2/f7770""]","[15539,15540]"
7771,N2,2,1,"[""N2/f7771""]","[15541,15542]"
7772,N2,2,1,"[""N2/f7772""]","[15543,15544]"
7773,N2,2,1,"[""N2/f7773""]","[15545,15546]"
7774,N2,2,1,"[""N2/f7774""]","[15547,15548]"
7775,N2,2,1,"[""N2/f7775""]","[15549,15550]"
7776,N2,2,1,"[""N2/f7776""]","[15551,15552]"
7777,N2,2,1,"[""N2/f7777""]","[15553,15554]"
7778,N2,2,1,"[""N2/f7778""]","[15555,15556]"
7779,N2,2,1,"[""N2/f7779""]","[15557,15558]"
7780,N2,2,1,"[""N2/f7780""]","[15559,15560]"
7781,N2,2,1,"[""N2/f7781""]","[15561,15562]"
7782,N2,2,1,"[""N2/f7782""]","[15563,15564]"
7783,N2,2,1,"[""N2/f7783""]","[15565,15566]"
7784,N2,2,1,"[""N2/f7784""]","[15567,15568]"
7785,N2,2,1,"[""N2/f7785""]","[15569,15570]"
7786,N2,2,1,"[""N2/f7786""]","[15571,15572]"
7787,N2,2,1,"[""N2/f7787""]","[15573,15574]"
7788,N2,2,1,"[""N2/f7788""]","[15575,15576]"
7789,N2,2,1,"[""N2/f7789""]","[15577,15578]"
7790,N2,2,1,"[""N2/f7790""]","[15579,15580]"
7791,N2,2,1,"[""N2/f7791""]","[15581,15582]"
7792,N2,2,1,"[""N2/f7792""]","[15583,15584]"
7793,N2,2,1,"[""N2/f7793""]","[15585,15586]"
7794,N2,2,1,"[""N2/f7794""]","[15587,15588]"
7795,N2,2,1,"[""N2/f7795""]","[15589,15590]"
7796,N2,2,1,"[""N2/f7796""]","[15591,15592]"
7797,N2,2,1,"[""N2/f7797""]","[15593,15594]"
7798,N2,2,1,"[""N2/f7798""]","[15595,15596]"
7799,N2,2,1,"[""N2/f7799""]","[15597,15598]"
7800,N2,2,1,"[""N2/f7800""]","[15599,15600]"
7801,N2,2,1,"[""N2/f7801""]","[15601,15602]"
7802,N2,2,1,"[""N2/f7802""]","[15603,15604]"
7803,N2,2,1,"[""N2/f7803""]","[15605,15606]"
7804,N2,2,1,"[""N2/f7804""]","[15607,15608]"
7805,N2,2,1,"[""N2/f7805""]","[15609,15610]"
7806,N2,2,1,"[""N2/f7806""]","[15611,15612]"
7807,N2,2,1,"[""N2/f7807""]","[15613,15614]"
7808,N2,2,1,"[""N2/f7808""]","[15615,15616]"
7809,N2,2,1,"[""N2/f7809""]","[15617,15618]"
7810,N2,2,1,"[""N2/f7810""]","[15619,15620]"
7811,N2,2,1,"[""N2/f7811""]","[15621,15622]"
7812,N2,2,1,"[""N2/f7812""]","[15623,15624]"
7813,N2,2,1,"[""N2/f7813""]","[15625,15626]"
7814,N2,2,1,"[""N2/f7814""]","[15627,15628]"
7815,N2,2,1,"[""N2/f7815""]","[15629,15630]"
7816,N2,2,1,"[""N2/f7816""]","[15631,15632]"
7817,N2,2,1,"[""N2/f7817""]","[15633,15634]"
7818,N2,2,1,"[""N2/f7818""]","[15635,15636]"
7819,N2,2,1,"[""N2/f7819""]","[15637,15638]"
7820,N2,2,1,"[""N2/f7820""]","[15639,15640]"
7821,N2,2,1,"[""N2/f7821""]","[15641,15642]"
7822,N2,2,1,"[""N2/f7822""]","[15643,15644]"
7823,N2,2,1,"[""N2/f7823""]","[15645,15646]"
7824,N2,2,1,"[""N2/f7824""]","[15647,15648]"
7825,N2,2,1,"[""N2/f7825""]","[15649,15650]"
7826,N2,2,1,"[""N2/f7826""]","[15651,15652]"
7827,N2,2,1,"[""N2/f7827""]","[15653,15654]"
7828,N2,2,1,"[""N2/f7828""]","[15655,15656]"
7829,N2,2,1,"[""N2/f7829""]","[15657,15658]"
7830,N2,2,1,"[""N2/f7830""]","[15659,15660]"
7831,N2,2,1,"[""N2/f7831""]","[15661,15662]"
7832,N2,2,1,"[""N2/f7832""]","[15663,15664]"
7833,N2,2,1,"[""N2/f7833""]","[15665,15666]"
7834,N2,2,1,"[""N2/f7834""]","[15667,15668]"
7835,N2,2,1,"[""N2/f7835""]","[15669,15670]"
7836,N2,2,1,"[""N2/f7836""]","[15671,15672]"
7837,N2,2,1,"[""N2/f7837""]","[15673,15674]"
7838,N2,2,1,"[""N2/f7838""]","[15675,15676]"
7839,N2,2,1,"[""N2/f7839""]","[15677,15678]"
7840,N2,2,1,"[""N2/f7840""]","[15679,15680]"
7841,N2,2,1,"[""N2/f7841""]","[15681,15682]"
7842,N2,2,1,"[""N2/f7842""]","[15683,15684]"
7843,N2,2,1,"[""N2/f7843""]","[15685,15686]"
7844,N2,2,1,"[""N2/f7844""]","[15687,15688]"
7845,N2,2,1,"[""N2/f7845""]","[15689,15690]"
7846,N2,2,1,"[""N2/f7846""]","[15691,15692]"
7847,N2,2,1,"[""N2/f7847""]","[15693,15694]"
7848,N2,2,1,"[""N2/f7848""]","[15695,15696]"
7849,N2,2,1,"[""N2/f7849""]","[15697,15698]"
7850,N2,2,1,"[""N2/f7850""]","[15699,15700]"
7851,N2,2,1,"[""N2/f7851""]","[15701,15702]"
7852,N2,2,1,"[""N2/f7852""]","[15703,15704]"
7853,N2,2,1,"[""N2/f7853""]","[15705,15706]"
7854,N2,2,1,"[""N2/f7854""]","[15707,15708]"
7855,N2,2,1,"[""N2/f7855""]","[15709,15710]"
7856,N2,2,1,"[""N2/f7856""]","[15711,15712]"
7857,N2,2,1,"[""N2/f7857""]","[15713,15714]"
7858,N2,2,1,"[""N2/f7858""]","[15715,15716]"
7859,N2,2,1,"[""N2/f7859""]","[15717,15718]"
7860,N2,2,1,"[""N2/f7860""]","[15719,15720]"
7861,N2,2,1,"[""N2/f7861""]","[15721,15722]"
7862,N2,2,1,"[""N2/f7862""]","[15723,15724]"
7863,N2,2,1,"[""N2/f7863""]","[15725,15726]"
7864,N2,2,1,"[""N2/f7864""]","[15727,15728]"
7865,N2,2,1,"[""N2/f7865""]","[15729,15730]"
7866,N2,2,1,"[""N2/f7866""]","[15731,15732]"
7867,N2,2,1,"[""N2/f7867""]","[15733,15734]"
7868,N2,2,1,"[""N2/f7868""]","[15735,15736]"
7869,N2,2,1,"[""N2/f7869""]","[15737,15738]"
7870,N2,2,1,"[""N2/f7870""]","[15739,15740]"
7871,N2,2,1,"[""N2/f7871""]","[15741,15742]"
7872,N2,2,1,"[""N2/f7872""]","[15743,15744]"
7873,N2,2,1,"[""N2/f7873""]","[15745,15746]"
7874,N2,2,1,"[""N2/f7874""]","[15747,15748]"
7875,N2,2,1,"[""N2/f7875""]","[15749,15750]"
7876,N2,2,1,"[""N2/f7876""]","[15751,15752]"
7877,N2,2,1,"[""N2/f7877""]","[15753,15754]"
7878,N2,2,1,"[""N2/f7878""]","[15755,15756]"
7879,N2,2,1,"[""N2/f7879""]","[15757,15758]"
7880,N2,2,1,"[""N2/f7880""]","[15759,15760]"
7881,N2,2,1,"[""N2/f7881""]","[15761,15762]"
7882,N2,2,1,"[""N2/f7882""]","[15763,15764]"
7883,N2,2,1,"[""N2/f7883""]","[15765,15766]"
7884,N2,2,1,"[""N2/f7884""]","[15767,15768]"
7885,N2,2,1,"[""N2/f7885""]","[15769,15770]"
7886,N2,2,1,"[""N2/f7886""]","[15771,15772]"
7887,N2,2,1,"[""N2/f7887""]","[15773,15774]"
7888,N2,2,1,"[""N2/f7888""]","[15775,15776]"
7889,N2,2,1,"[""N2/f7889""]","[15777,15778]"
7890,N2,2,1,"[""N2/f7890""]","[15779,15780]"
7891,N2,2,1,"[""N2/f7891""]","[15781,15782]"
7892,N2,2,1,"[""N2/f7892""]","[15783,15784]"
7893,N2,2,1,"[""N2/f7893""]","[15785,15786]"
7894,N2,2,1,"[""N2/f7894""]","[15787,15788]"
7895,N2,2,1,"[""N2/f7895""]","[15789,15790]"
7896,N2,2,1,"[""N2/f7896""]","[15791,15792]"
7897,N2,2,1,"[""N2/f7897""]","[15793,15794]"
7898,N2,2,1,"[""N2/f7898""]","[15795,15796]"
7899,N2,2,1,"[""N2/f7899""]","[15797,15798]"
7900,N2,2,1,"[""N2/f7900""]","[15799,15800]"
7901,N2,2,1,"[""N2/f7901""]","[15801,15802]"
7902,N2,2,1,"[""N2/f7902""]","[15803,15804]"
7903,N2,2,1,"[""N2/f7903""]","[15805,15806]"
7904,N2,2,1,"[""N2/f7904""]","[15807,15808]"
7905,N2,2,1,"[""N2/f7905""]","[15809,15810]"
7906,N2,2,1,"[""N2/f7906""]","[15811,15812]"
7907,N2,2,1,"[""N2/f7907""]","[15813,15814]"
7908,N2,2,1,"[""N2/f7908""]","[15815,15816]"
7909,N2,2,1,"[""N2/f7909""]","[15817,15818]"
7910,N2,2,1,"[""N2/f7910""]","[15819,15820]"
7911,N2,2,1,"[""N2/f7911""]","[15821,15822]"
7912,N2,2,1,"[""N2/f7912""]","[15823,15824]"
7913,N2,2,1,"[""N2/f7913""]","[15825,15826]"
7914,N2,2,1,"[""N2/f7914""]","[15827,15828]"
7915,N2,2,1,"[""N2/f7915""]","[15829,15830]"
7916,N2,2,1,"[""N2/f7916""]","[15831,15832]"
7917,N2,2,1,"[""N2/f7917""]","[15833,15834]"
7918,N2,2,1,"[""N2/f7918""]","[15835,15836]"
7919,N2,2,1,"[""N2/f7919""]","[15837,15838]"
7920,N2,2,1,"[""N2/f7920""]","[15839,15840]"
7921,N2,2,1,"[""N2/f7921""]","[15841,15842]"
7922,N2,2,1,"[""N2/f7922""]","[15843,15844]"
7923,N2,2,1,"[""N2/f7923""]","[15845,15846]"
7924,N2,2,1,"[""N2/f7924""]","[15847,15848]"
7925,N2,2,1,"[""N2/f7925""]","[15849,15850]"
7926,N2,2,1,"[""N2/f7926""]","[15851,15852]"
7927,N2,2,1,"[""N2/f7927""]","[15853,15854]"
7928,N2,2,1,"[""N2/f7928""]","[15855,15856]"
7929,N2,2,1,"[""N2/f7929""]","[15857,15858]"
7930,N2,2,1,"[""N2/f7930""]","[15859,15860]"
7931,N2,2,1,"[""N2/f7931""]","[15861,15862]"
7932,N2,2,1,"[""N2/f7932""]","[15863,15864]"
7933,N2,2,1,"[""N2/f7933""]","[15865,15866]"
7934,N2,2,1,"[""N2/f7934""]","[15867,15868]"
7935,N2,2,1,"[""N2/f7935""]","[15869,15870]"
7936,N2,2,1,"[""N2/f7936""]","[15871,15872]"
7937,N2,2,1,"[""N2/f7937""]","[15873,15874]"
7938,N2,2,1,"[""N2/f7938""]","[15875,15876]"
7939,N2,2,1,"[""N2/f7939""]","[15877,15878]"
7940,N2,2,1,"[""N2/f7940""]","[15879,15880]"
7941,N2,2,1,"[""N2/f7941""]","[15881,15882]"
7942,N2,2,1,"[""N2/f7942""]","[15883,15884]"
7943,N2,2,1,"[""N2/f7943""]","[15885,15886]"
7944,N2,2,1,"[""N2/f7944""]","[15887,15888]"
7945,N2,2,1,"[""N2/f7945""]","[15889,15890]"
7946,N2,2,1,"[""N2/f7946""]","[15891,15892]"
7947,N2,2,1,"[""N2/f7947""]","[15893,15894]"
7948,N2,2,1,"[""N2/f7948""]","[15895,15896]"
7949,N2,2,1,"[""N2/f7949""]","[15897,15898]"
7950,N2,2,1,"[""N2/f7950""]","[15899,15900]"
7951,N2,2,1,"[""N2/f7951""]","[15901,15902]"
7952,N2,2,1,"[""N2/f7952""]","[15903,15904]"
7953,N2,2,1,"[""N2/f7953""]","[15905,15906]"
7954,N2,2,1,"[""N2/f7954""]","[15907,15908]"
7955,N2,2,1,"[""N2/f7955""]","[15909,15910]"
7956,N2,2,1,"[""N2/f7956""]","[15911,15912]"
7957,N2,2,1,"[""N2/f7957""]","[15913,15914]"
7958,N2,2,1,"[""N2/f7958""]","[15915,15916]"
7959,N2,2,1,"[""N2/f7959""]","[15917,15918]"
7960,N2,2,1,"[""N2/f7960""]","[15919,15920]"
7961,N2,2,1,"[""N2/f7961""]","[15921,15922]"
7962,N2,2,1,"[""N2/f7962""]","[15923,15924]"
7963,N2,2,1,"[""N2/f7963""]","[15925,15926]"
7964,N2,2,1,"[""N2/f7964""]","[15927,15928]"
7965,N2,2,1,"[""N2/f7965""]","[15929,15930]"
7966,N2,2,1,"[""N2/f7966""]","[15931,15932]"
7967,N2,2,1,"[""N2/f7967""]","[15933,15934]"
7968,N2,2,1,"[""N2/f7968""]","[15935,15936]"
7969,N2,2,1,"[""N2/f7969""]","[15937,15938]"
7970,N2,2,1,"[""N2/f7970""]","[15939,15940]"
7971,N2,2,1,"[""N2/f7971""]","[15941,15942]"
7972,N2,2,1,"[""N2/f7972""]","[15943,15944]"
7973,N2,2,1,"[""N2/f7973""]","[15945,15946]"
7974,N2,2,1,"[""N2/f7974""]","[15947,15948]"
7975,N2,2,1,"[""N2/f7975""]","[15949,15950]"
7976,N2,2,1,"[""N2/f7976""]","[15951,15952]"
7977,N2,2,1,"[""N2/f7977""]","[15953,15954]"
7978,N2,2,1,"[""N2/f7978""]","[15955,15956]"
7979,N2,2,1,"[""N2/f7979""]","[15957,15958]"
7980,N2,2,1,"[""N2/f7980""]","[15959,15960]"
7981,N2,2,1,"[""N2/f7981""]","[15961,15962]"
7982,N2,2,1,"[""N2/f7982""]","[15963,15964]"
7983,N2,2,1,"[""N2/f7983""]","[15965,15966]"
7984,N2,2,1,"[""N2/f7984""]","[15967,15968]"
7985,N2,2,1,"[""N2/f7985""]","[15969,15970]"
7986,N2,2,1,"[""N2/f7986""]","[15971,15972]"
7987,N2,2,1,"[""N2/f7987""]","[15973,15974]"
7988,N2,2,1,"[""N2/f7988""]","[15975,15976]"
7989,N2,2,1,"[""N2/f7989""]","[15977,15978]"
7990,N2,2,1,"[""N2/f7990""]","[15979,15980]"
7991,N2,2,1,"[""N2/f7991""]","[15981,15982]"
7992,N2,2,1,"[""N2/f7992""]","[15983,15984]"
7993,N2,2,1,"[""N2/f7993""]","[15985,15986]"
7994,N2,2,1,"[""N2/f7994""]","[15987,15988]"
7995,N2,2,1,"[""N2/f7995""]","[15989,15990]"
7996,N2,2,1,"[""N2/f7996""]","[15991,15992]"
7997,N2,2,1,"[""N2/f7997""]","[15993,15994]"
7998,N2,2,1,"[""N2/f7998""]","[15995,15996]"
7999,N2,2,1,"[""N2/f7999""]","[15997,15998]"
8000,N2,2,1,"[""N2/f8000""]","[15999,16000]"
8001,N2,2,1,"[""N2/f8001""]","[16001,16002]"
8002,N2,2,1,"[""N2/f8002""]","[16003,16004]"
8003,N2,2,1,"[""N2/f8003""]","[16005,16006]"
8004,N2,2,1,"[""N2/f8004""]","[16007,16008]"
8005,N2,2,1,"[""N2/f8005""]","[16009,16010]"
8006,N2,2,1,"[""N2/f8006""]","[16011,16012]"
8007,N2,2,1,"[""N2/f8007""]","[16013,16014]"
8008,N2,2,1,"[""N2/f8008""]","[16015,16016]"
8009,N2,2,1,"[""N2/f8009""]","[16017,16018]"
8010,N2,2,1,"[""N2/f8010""]","[16019,16020]"
8011,N2,2,1,"[""N2/f8011""]","[16021,16022]"
8012,N2,2,1,"[""N2/f8012""]","[16023,16024]"
8013,N2,2,1,"[""N2/f8013""]","[16025,16026]"
8014,N2,2,1,"[""N2/f8014""]","[16027,16028]"
8015,N2,2,1,"[""N2/f8015""]","[16029,16030]"
8016,N2,2,1,"[""N2/f8016""]","[16031,16032]"
8017,N2,2,1,"[""N2/f8017""]","[16033,16034]"
8018,N2,2,1,"[""N2/f8018""]","[16035,16036]"
8019,N2,2,1,"[""N2/f8019""]","[16037,16038]"
8020,N2,2,1,"[""N2/f8020""]","[16039,16040]"
8021,N2,2,1,"[""N2/f8021""]","[16041,16042]"
8022,N2,2,1,"[""N2/f8022""]","[16043,16044]"
8023,N2,2,1,"[""N2/f8023""]","[16045,16046]"
8024,N2,2,1,"[""N2/f8024""]","[16047,16048]"
8025,N2,2,1,"[""N2/f8025""]","[16049,16050]"
8026,N2,2,1,"[""N2/f8026""]","[16051,16052]"
8027,N2,2,1,"[""N2/f8027""]","[16053,16054]"
8028,N2,2,1,"[""N2/f8028""]","[16055,16056]"
8029,N2,2,1,"[""N2/f8029""]","[16057,16058]"
8030,N2,2,1,"[""N2/f8030""]","[16059,16060]"
8031,N2,2,1,"[""N2/f8031""]","[16061,16062]"
8032,N2,2,1,"[""N2/f8032""]","[16063,16064]"
8033,N2,2,1,"[""N2/f8033""]","[16065,16066]"
8034,N2,2,1,"[""N2/f8034""]","[16067,16068]"
8035,N2,2,1,"[""N2/f8035""]","[16069,16070]"
8036,N2,2,1,"[""N2/f8036""]","[16071,16072]"
8037,N2,2,1,"[""N2/f8037""]","[16073,16074]"
8038,N2,2,1,"[""N2/f8038""]","[16075,16076]"
8039,N2,2,1,"[""N2/f8039""]","[16077,16078]"
8040,N2,2,1,"[""N2/f8040""]","[16079,16080]"
8041,N2,2,1,"[""N2/f8041""]","[16081,16082]"
8042,N2,2,1,"[""N2/f8042""]","[16083,16084]"
8043,N2,2,1,"[""N2/f8043""]","[16085,16086]"
8044,N2,2,1,"[""N2/f8044""]","[16087,16088]"
8045,N2,2,1,"[""N2/f8045""]","[16089,16090]"
8046,N2,2,1,"[""N2/f8046""]","[16091,16092]"
8047,N2,2,1,"[""N2/f8047""]","[16093,16094]"
8048,N2,2,1,"[""N2/f8048""]","[16095,16096]"
8049,N2,2,1,"[""N2/f8049""]","[16097,16098]"
8050,N2,2,1,"[""N2/f8050""]","[16099,16100]"
8051,N2,2,1,"[""N2/f8051""]","[16101,16102]"
8052,N2,2,1,"[""N2/f8052""]","[16103,16104]"
8053,N2,2,1,"[""N2/f8053""]","[16105,16106]"
8054,N2,2,1,"[""N2/f8054""]","[16107,16108]"
8055,N2,2,1,"[""N2/f8055""]","[16109,16110]"
8056,N2,2,1,"[""N2/f8056""]","[16111,16112]"
8057,N2,2,1,"[""N2/f8057""]","[16113,16114]"
8058,N2,2,1,"[""N2/f8058""]","[16115,16116]"
8059,N2,2,1,"[""N2/f8059""]","[16117,16118]"
8060,N2,2,1,"[""N2/f8060""]","[16119,16120]"
8061,N2,2,1,"[""N2/f8061""]","[16121,16122]"
8062,N2,2,1,"[""N2/f8062""]","[16123,16124]"
8063,N2,2,1,"[""N2/f8063""]","[16125,16126]"
8064,N2,2,1,"[""N2/f8064""]","[16127,16128]"
8065,N2,2,1,"[""N2/f8065""]","[16129,16130]"
8066,N2,2,1,"[""N2/f8066""]","[16131,16132]"
8067,N2,2,1,"[""N2/f8067""]","[16133,16134]"
8068,N2,2,1,"[""N2/f8068""]","[16135,16136]"
8069,N2,2,1,"[""N2/f8069""]","[16137,16138]"
8070,N2,2,1,"[""N2/f8070""]","[16139,16140]"
8071,N2,2,1,"[""N2/f8071""]","[16141,16142]"
8072,N2,2,1,"[""N2/f8072""]","[16143,16144]"
8073,N2,2,1,"[""N2/f8073""]","[16145,16146]"
8074,N2,2,1,"[""N2/f8074""]","[16147,16148]"
8075,N2,2,1,"[""N2/f8075""]","[16149,16150]"
8076,N2,2,1,"[""N2/f8076""]","[16151,16152]"
8077,N2,2,1,"[""N2/f8077""]","[16153,16154]"
8078,N2,2,1,"[""N2/f8078""]","[16155,16156]"
8079,N2,2,1,"[""N2/f8079""]","[16157,16158]"
8080,N2,2,1,"[""N2/f8080""]","[16159,16160]"
8081,N2,2,1,"[""N2/f8081""]","[16161,16162]"
8082,N2,2,1,"[""N2/f8082""]","[16163,16164]"
8083,N2,2,1,"[""N2/f8083""]","[16165,16166]"
8084,N2,2,1,"[""N2/f8084""]","[16167,16168]"
8085,N2,2,1,"[""N2/f8085""]","[16169,16170]"
8086,N2,2,1,"[""N2/f8086""]","[16171,16172]"
8087,N2,2,1,"[""N2/f8087""]","[16173,16174]"
8088,N2,2,1,"[""N2/f8088""]","[16175,16176]"
8089,N2,2,1,"[""N2/f8089""]","[16177,16178]"
8090,N2,2,1,"[""N2/f8090""]","[16179,16180]"
8091,N2,2,1,"[""N2/f8091""]","[16181,16182]"
8092,N2,2,1,"[""N2/f8092""]","[16183,16184]"
8093,N2,2,1,"[""N2/f8093""]","[16185,16186]"
8094,N2,2,1,"[""N2/f8094""]","[16187,16188]"
8095,N2,2,1,"[""N2/f8095""]","[16189,16190]"
8096,N2,2,1,"[""N2/f8096""]","[16191,16192]"
8097,N2,2,1,"[""N2/f8097""]","[16193,16194]"
8098,N2,2,1,"[""N2/f8098""]","[16195,16196]"
8099,N2,2,1,"[""N2/f8099""]","[16197,16198]"
8100,N2,2,1,"[""N2/f8100""]","[16199,16200]"
8101,N2,2,1,"[""N2/f8101""]","[16201,16202]"
8102,N2,2,1,"[""N2/f8102""]","[16203,16204]"
8103,N2,2,1,"[""N2/f8103""]","[16205,16206]"
8104,N2,2,1,"[""N2/f8104""]","[16207,16208]"
8105,N2,2,1,"[""N2/f8105""]","[16209,16210]"
8106,N2,2,1,"[""N2/f8106""]","[16211,16212]"
8107,N2,2,1,"[""N2/f8107""]","[16213,16214]"
8108,N2,2,1,"[""N2/f8108""]","[16215,16216]"
8109,N2,2,1,"[""N2/f8109""]","[16217,16218]"
8110,N2,2,1,"[""N2/f8110""]","[16219,16220]"
8111,N2,2,1,"[""N2/f8111""]","[16221,16222]"
8112,N2,2,1,"[""N2/f8112""]","[16223,16224]"
8113,N2,2,1,"[""N2/f8113""]","[16225,16226]"
8114,N2,2,1,"[""N2/f8114""]","[16227,16228]"
8115,N2,2,1,"[""N2/f8115""]","[16229,16230]"
8116,N2,2,1,"[""N2/f8116""]","[16231,16232]"
8117,N2,2,1,"[""N2/f8117""]","[16233,16234]"
8118,N2,2,1,"[""N2/f8118""]","[16235,16236]"
8119,N2,2,1,"[""N2/f8119""]","[16237,16238]"
8120,N2,2,1,"[""N2/f8120""]","[16239,16240]"
8121,N2,2,1,"[""N2/f8121""]","[16241,16242]"
8122,N2,2,1,"[""N2/f8122""]","[16243,16244]"
8123,N2,2,1,"[""N2/f8123""]","[16245,16246]"
8124,N2,2,1,"[""N2/f8124""]","[16247,16248]"
8125,N2,2,1,"[""N2/f8125""]","[16249,16250]"
8126,N2,2,1,"[""N2/f8126""]","[16251,16252]"
8127,N2,2,1,"[""N2/f8127""]","[16253,16254]"
8128,N2,2,1,"[""N2/f8128""]","[16255,16256]"
8129,N2,2,1,"[""N2/f8129""]","[16257,16258]"
8130,N2,2,1,"[""N2/f8130""]","[16259,16260]"
8131,N2,2,1,"[""N2/f8131""]","[16261,16262]"
8132,N2,2,1,"[""N2/f8132""]","[16263,16264]"
8133,N2,2,1,"[""N2/f8133""]","[16265,16266]"
8134,N2,2,1,"[""N2/f8134""]","[16267,16268]"
8135,N2,2,1,"[""N2/f8135""]","[16269,16270]"
8136,N2,2,1,"[""N2/f8136""]","[16271,16272]"
8137,N2,2,1,"[""N2/f8137""]","[16273,16274]"
8138,N2,2,1,"[""N2/f8138""]","[16275,16276]"
8139,N2,2,1,"[""N2/f8139""]","[16277,16278]"
8140,N2,2,1,"[""N2/f8140""]","[16279,16280]"
8141,N2,2,1,"[""N2/f8141""]","[16281,16282]"
8142,N2,2,1,"[""N2/f8142""]","[16283,16284]"
8143,N2,2,1,"[""N2/f8143""]","[16285,16286]"
8144,N2,2,1,"[""N2/f8144""]","[16287,16288]"
8145,N2,2,1,"[""N2/f8145""]","[16289,16290]"
8146,N2,2,1,"[""N2/f8146""]","[16291,16292]"
8147,N2,2,1,"[""N2/f8147""]","[16293,16294]"
8148,N2,2,1,"[""N2/f8148""]","[16295,16296]"
8149,N2,2,1,"[""N2/f8149""]","[16297,16298]"
8150,N2,2,1,"[""N2/f8150""]","[16299,16300]"
8151,N2,2,1,"[""N2/f8151""]","[16301,16302]"
8152,N2,2,1,"[""N2/f8152""]","[16303,16304]"
8153,N2,2,1,"[""N2/f8153""]","[16305,16306]"
8154,N2,2,1,"[""N2/f8154""]","[16307,16308]"
8155,N2,2,1,"[""N2/f8155""]","[16309,16310]"
8156,N2,2,1,"[""N2/f8156""]","[16311,16312]"
8157,N2,2,1,"[""N2/f8157""]","[16313,16314]"
8158,N2,2,1,"[""N2/f8158""]","[16315,16316]"
8159,N2,2,1,"[""N2/f8159""]","[16317,16318]"
8160,N2,2,1,"[""N2/f8160""]","[16319,16320]"
8161,N2,2,1,"[""N2/f8161""]","[16321,16322]"
8162,N2,2,1,"[""N2/f8162""]","[16323,16324]"
8163,N2,2,1,"[""N2/f8163""]","[16325,16326]"
8164,N2,2,1,"[""N2/f8164""]","[16327,16328]"
8165,N2,2,1,"[""N2/f8165""]","[16329,16330]"
8166,N2,2,1,"[""N2/f8166""]","[16331,16332]"
8167,N2,2,1,"[""N2/f8167""]","[16333,16334]"
8168,N2,2,1,"[""N2/f8168""]","[16335,16336]"
8169,N2,2,1,"[""N2/f8169""]","[16337,16338]"
8170,N2,2,1,"[""N2/f8170""]","[16339,16340]"
8171,N2,2,1,"[""N2/f8171""]","[16341,16342]"
8172,N2,2,1,"[""N2/f8172""]","[16343,16344]"
8173,N2,2,1,"[""N2/f8173""]","[16345,16346]"
8174,N2,2,1,"[""N2/f8174""]","[16347,16348]"
8175,N2,2,1,"[""N2/f8175""]","[16349,16350]"
8176,N2,2,1,"[""N2/f8176""]","[16351,16352]"
8177,N2,2,1,"[""N2/f8177""]","[16353,16354]"
8178,N2,2,1,"[""N2/f8178""]","[16355,16356]"
8179,N2,2,1,"[""N2/f8179""]","[16357,16358]"
8180,N2,2,1,"[""N2/f8180""]","[16359,16360]"
8181,N2,2,1,"[""N2/f8181""]","[16361,16362]"
8182,N2,2,1,"[""N2/f8182""]","[16363,16364]"
8183,N2,2,1,"[""N2/f8183""]","[16365,16366]"
8184,N2,2,1,"[""N2/f8184""]","[16367,16368]"
8185,N2,2,1,"[""N2/f8185""]","[16369,16370]"
8186,N2,2,1,"[""N2/f8186""]","[16371,16372]"
8187,N2,2,1,"[""N2/f8187""]","[16373,16374]"
8188,N2,2,1,"[""N2/f8188""]","[16375,16376]"
8189,N2,2,1,"[""N2/f8189""]","[16377,16378]"
8190,N2,2,1,"[""N2/f8190""]","[16379,16380]"
8191,N2,2,1,"[""N2/f8191""]","[16381,16382]"
8192,N2,2,1,"[""N2/f8192""]","[16383,16384]"
8193,N2,2,1,"[""N2/f8193""]","[16385,16386]"
8194,N2,2,1,"[""N2/f8194""]","[16387,16388]"
8195,N2,2,1,"[""N2/f8195""]","[16389,16390]"
8196,N2,2,1,"[""N2/f8196""]","[16391,16392]"
8197,N2,2,1,"[""N2/f8197""]","[16393,16394]"
8198,N2,2,1,"[""N2/f8198""]","[16395,16396]"
8199,N2,2,1,"[""N2/f8199""]","[16397,16398]"
8200,N2,2,1,"[""N2/f8200""]","[16399,16400]"
8201,N2,2,1,"[""N2/f8201""]","[16401,16402]"
8202,N2,2,1,"[""N2/f8202""]","[16403,16404]"
8203,N2,2,1,"[""N2/f8203""]","[16405,16406]"
8204,N2,2,1,"[""N2/f8204""]","[16407,16408]"
8205,N2,2,1,"[""N2/f8205""]","[16409,16410]"
8206,N2,2,1,"[""N2/f8206""]","[16411,16412]"
8207,N2,2,1,"[""N2/f8207""]","[16413,16414]"
8208,N2,2,1,"[""N2/f8208""]","[16415,16416]"
8209,N2,2,1,"[""N2/f8209""]","[16417,16418]"
8210,N2,2,1,"[""N2/f8210""]","[16419,16420]"
8211,N2,2,1,"[""N2/f8211""]","[16421,16422]"
8212,N2,2,1,"[""N2/f8212""]","[16423,16424]"
8213,N2,2,1,"[""N2/f8213""]","[16425,16426]"
8214,N2,2,1,"[""N2/f8214""]","[16427,16428]"
8215,N2,2,1,"[""N2/f8215""]","[16429,16430]"
8216,N2,2,1,"[""N2/f8216""]","[16431,16432]"
8217,N2,2,1,"[""N2/f8217""]","[16433,16434]"
8218,N2,2,1,"[""N2/f8218""]","[16435,16436]"
8219,N2,2,1,"[""N2/f8219""]","[16437,16438]"
8220,N2,2,1,"[""N2/f8220""]","[16439,16440]"
8221,N2,2,1,"[""N2/f8221""]","[16441,16442]"
8222,N2,2,1,"[""N2/f8222""]","[16443,16444]"
8223,N2,2,1,"[""N2/f8223""]","[16445,16446]"
8224,N2,2,1,"[""N2/f8224""]","[16447,16448]"
8225,N2,2,1,"[""N2/f8225""]","[16449,16450]"
8226,N2,2,1,"[""N2/f8226""]","[16451,16452]"
8227,N2,2,1,"[""N2/f8227""]","[16453,16454]"
8228,N2,2,1,"[""N2/f8228""]","[16455,16456]"
8229,N2,2,1,"[""N2/f8229""]","[16457,16458]"
8230,N2,2,1,"[""N2/f8230""]","[16459,16460]"
8231,N2,2,1,"[""N2/f8231""]","[16461,16462]"
8232,N2,2,1,"[""N2/f8232""]","[16463,16464]"
8233,N2,2,1,"[""N2/f8233""]","[16465,16466]"
8234,N2,2,1,"[""N2/f8234""]","[16467,16468]"
8235,N2,2,1,"[""N2/f8235""]","[16469,16470]"
8236,N2,2,1,"[""N2/f8236""]","[16471,16472]"
8237,N2,2,1,"[""N2/f8237""]","[16473,16474]"
8238,N2,2,1,"[""N2/f8238""]","[16475,16476]"
8239,N2,2,1,"[""N2/f8239""]","[16477,16478]"
8240,N2,2,1,"[""N2/f8240""]","[16479,16480]"
8241,N2,2,1,"[""N2/f8241""]","[16481,16482]"
8242,N2,2,1,"[""N2/f8242""]","[16483,16484]"
8243,N2,2,1,"[""N2/f8243""]","[16485,16486]"
8244,N2,2,1,"[""N2/f8244""]","[16487,16488]"
8245,N2,2,1,"[""N2/f8245""]","[16489,16490]"
8246,N2,2,1,"[""N2/f8246""]","[16491,16492]"
8247,N2,2,1,"[""N2/f8247""]","[16493,16494]"
8248,N2,2,1,"[""N2/f8248""]","[16495,16496]"
8249,N2,2,1,"[""N2/f8249""]","[16497,16498]"
8250,N2,2,1,"[""N2/f8250""]","[16499,16500]"
8251,N2,2,1,"[""N2/f8251""]","[16501,16502]"
8252,N2,2,1,"[""N2/f8252""]","[16503,16504]"
8253,N2,2,1,"[""N2/f8253""]","[16505,16506]"
8254,N2,2,1,"[""N2/f8254""]","[16507,16508]"
8255,N2,2,1,"[""N2/f8255""]","[16509,16510]"
8256,N2,2,1,"[""N2/f8256""]","[16511,16512]"
8257,N2,2,1,"[""N2/f8257""]","[16513,16514]"
8258,N2,2,1,"[""N2/f8258""]","[16515,16516]"
8259,N2,2,1,"[""N2/f8259""]","[16517,16518]"
8260,N2,2,1,"[""N2/f8260""]","[16519,16520]"
8261,N2,2,1,"[""N2/f8261""]","[16521,16522]"
8262,N2,2,1,"[""N2/f8262""]","[16523,16524]"
8263,N2,2,1,"[""N2/f8263""]","[16525,16526]"
8264,N2,2,1,"[""N2/f8264""]","[16527,16528]"
8265,N2,2,1,"[""N2/f8265""]","[16529,16530]"
8266,N2,2,1,"[""N2/f8266""]","[16531,16532]"
8267,N2,2,1,"[""N2/f8267""]","[16533,16534]"
8268,N2,2,1,"[""N2/f8268""]","[16535,16536]"
8269,N2,2,1,"[""N2/f8269""]","[16537,16538]"
8270,N2,2,1,"[""N2/f8270""]","[16539,16540]"
8271,N2,2,1,"[""N2/f8271""]","[16541,16542]"
8272,N2,2,1,"[""N2/f8272""]","[16543,16544]"
8273,N2,2,1,"[""N2/f8273""]","[16545,16546]"
8274,N2,2,1,"[""N2/f8274""]","[16547,16548]"
8275,N2,2,1,"[""N2/f8275""]","[16549,16550]"
8276,N2,2,1,"[""N2/f8276""]","[16551,16552]"
8277,N2,2,1,"[""N2/f8277""]","[16553,16554]"
8278,N2,2,1,"[""N2/f8278""]","[16555,16556]"
8279,N2,2,1,"[""N2/f8279""]","[16557,16558]"
8280,N2,2,1,"[""N2/f8280""]","[16559,16560]"
8281,N2,2,1,"[""N2/f8281""]","[16561,16562]"
8282,N2,2,1,"[""N2/f8282""]","[16563,16564]"
8283,N2,2,1,"[""N2/f8283""]","[16565,16566]"
8284,N2,2,1,"[""N2/f8284""]","[16567,16568]"
8285,N2,2,1,"[""N2/f8285""]","[16569,16570]"
8286,N2,2,1,"[""N2/f8286""]","[16571,16572]"
8287,N2,2,1,"[""N2/f8287""]","[16573,16574]"
8288,N2,2,1,"[""N2/f8288""]","[16575,16576]"
8289,N2,2,1,"[""N2/f8289""]","[16577,16578]"
8290,N2,2,1,"[""N2/f8290""]","[16579,16580]"
8291,N2,2,1,"[""N2/f8291""]","[16581,16582]"
8292,N2,2,1,"[""N2/f8292""]","[16583,16584]"
8293,N2,2,1,"[""N2/f8293""]","[16585,16586]"
8294,N2,2,1,"[""N2/f8294""]","[16587,16588]"
8295,N2,2,1,"[""N2/f8295""]","[16589,16590]"
8296,N2,2,1,"[""N2/f8296""]","[16591,16592]"
8297,N2,2,1,"[""N2/f8297""]","[16593,16594]"
8298,N2,2,1,"[""N2/f8298""]","[16595,16596]"
8299,N2,2,1,"[""N2/f8299""]","[16597,16598]"
8300,N2,2,1,"[""N2/f8300""]","[16599,16600]"
8301,N2,2,1,"[""N2/f8301""]","[16601,16602]"
8302,N2,2,1,"[""N2/f8302""]","[16603,16604]"
8303,N2,2,1,"[""N2/f8303""]","[16605,16606]"
8304,N2,2,1,"[""N2/f8304""]","[16607,16608]"
8305,N2,2,1,"[""N2/f8305""]","[16609,16610]"
8306,N2,2,1,"[""N2/f8306""]","[16611,16612]"
8307,N2,2,1,"[""N2/f8307""]","[16613,16614]"
8308,N2,2,1,"[""N2/f8308""]","[16615,16616]"
8309,N2,2,1,"[""N2/f8309""]","[16617,16618]"
8310,N2,2,1,"[""N2/f8310""]","[16619,16620]"
8311,N2,2,1,"[""N2/f8311""]","[16621,16622]"
8312,N2,2,1,"[""N2/f8312""]","[16623,16624]"
8313,N2,2,1,"[""N2/f8313""]","[16625,16626]"
8314,N2,2,1,"[""N2/f8314""]","[16627,16628]"
8315,N2,2,1,"[""N2/f8315""]","[16629,16630]"
8316,N2,2,1,"[""N2/f8316""]","[16631,16632]"
8317,N2,2,1,"[""N2/f8317""]","[16633,16634]"
8318,N2,2,1,"[""N2/f8318""]","[16635,16636]"
8319,N2,2,1,"[""N2/f8319""]","[16637,16638]"
8320,N2,2,1,"[""N2/f8320""]","[16639,16640]"
8321,N2,2,1,"[""N2/f8321""]","[16641,16642]"
8322,N2,2,1,"[""N2/f8322""]","[16643,16644]"
8323,N2,2,1,"[""N2/f8323""]","[16645,16646]"
8324,N2,2,1,"[""N2/f8324""]","[16647,16648]"
8325,N2,2,1,"[""N2/f8325""]","[16649,16650]"
8326,N2,2,1,"[""N2/f8326""]","[16651,16652]"
8327,N2,2,1,"[""N2/f8327""]","[16653,16654]"
8328,N2,2,1,"[""N2/f8328""]","[16655,16656]"
8329,N2,2,1,"[""N2/f8329""]","[16657,16658]"
8330,N2,2,1,"[""N2/f8330""]","[16659,16660]"
8331,N2,2,1,"[""N2/f8331""]","[16661,16662]"
8332,N2,2,1,"[""N2/f8332""]","[16663,16664]"
8333,N2,2,1,"[""N2/f8333""]","[16665,16666]"
8334,N2,2,1,"[""N2/f8334""]","[16667,16668]"
8335,N2,2,1,"[""N2/f8335""]","[16669,16670]"
8336,N2,2,1,"[""N2/f8336""]","[16671,16672]"
8337,N2,2,1,"[""N2/f8337""]","[16673,16674]"
8338,N2,2,1,"[""N2/f8338""]","[16675,16676]"
8339,N2,2,1,"[""N2/f8339""]","[16677,16678]"
8340,N2,2,1,"[""N2/f8340""]","[16679,16680]"
8341,N2,2,1,"[""N2/f8341""]","[16681,16682]"
8342,N2,2,1,"[""N2/f8342""]","[16683,16684]"
8343,N2,2,1,"[""N2/f8343""]","[16685,16686]"
8344,N2,2,1,"[""N2/f8344""]","[16687,16688]"
8345,N2,2,1,"[""N2/f8345""]","[16689,16690]"
8346,N2,2,1,"[""N2/f8346""]","[16691,16692]"
8347,N2,2,1,"[""N2/f8347""]","[16693,16694]"
8348,N2,2,1,"[""N2/f8348""]","[16695,16696]"
8349,N2,2,1,"[""N2/f8349""]","[16697,16698]"
8350,N2,2,1,"[""N2/f8350""]","[16699,16700]"
8351,N2,2,1,"[""N2/f8351""]","[16701,16702]"
8352,N2,2,1,"[""N2/f8352""]","[16703,16704]"
8353,N2,2,1,"[""N2/f8353""]","[16705,16706]"
8354,N2,2,1,"[""N2/f8354""]","[16707,16708]"
8355,N2,2,1,"[""N2/f8355""]","[16709,16710]"
8356,N2,2,1,"[""N2/f8356""]","[16711,16712]"
8357,N2,2,1,"[""N2/f8357""]","[16713,16714]"
8358,N2,2,1,"[""N2/f8358""]","[16715,16716]"
8359,N2,2,1,"[""N2/f8359""]","[16717,16718]"
8360,N2,2,1,"[""N2/f8360""]","[16719,16720]"
8361,N2,2,1,"[""N2/f8361""]","[16721,16722]"
8362,N2,2,1,"[""N2/f8362""]","[16723,16724]"
8363,N2,2,1,"[""N2/f8363""]","[16725,16726]"
8364,N2,2,1,"[""N2/f8364""]","[16727,16728]"
8365,N2,2,1,"[""N2/f8365""]","[16729,16730]"
8366,N2,2,1,"[""N2/f8366""]","[16731,16732]"
8367,N2,2,1,"[""N2/f8367""]","[16733,16734]"
8368,N2,2,1,"[""N2/f8368""]","[16735,16736]"
8369,N2,2,1,"[""N2/f8369""]","[16737,16738]"
8370,N2,2,1,"[""N2/f8370""]","[16739,16740]"
8371,N2,2,1,"[""N2/f8371""]","[16741,16742]"
8372,N2,2,1,"[""N2/f8372""]","[16743,16744]"
8373,N2,2,1,"[""N2/f8373""]","[16745,16746]"
8374,N2,2,1,"[""N2/f8374""]","[16747,16748]"
8375,N2,2,1,"[""N2/f8375""]","[16749,16750]"
8376,N2,2,1,"[""N2/f8376""]","[16751,16752]"
8377,N2,2,1,"[""N2/f8377""]","[16753,16754]"
8378,N2,2,1,"[""N2/f8378""]","[16755,16756]"
8379,N2,2,1,"[""N2/f8379""]","[16757,16758]"
8380,N2,2,1,"[""N2/f8380""]","[16759,16760]"
8381,N2,2,1,"[""N2/f8381""]","[16761,16762]"
8382,N2,2,1,"[""N2/f8382""]","[16763,16764]"
8383,N2,2,1,"[""N2/f8383""]","[16765,16766]"
8384,N2,2,1,"[""N2/f8384""]","[16767,16768]"
8385,N2,2,1,"[""N2/f8385""]","[16769,16770]"
8386,N2,2,1,"[""N2/f8386""]","[16771,16772]"
8387,N2,2,1,"[""N2/f8387""]","[16773,16774]"
8388,N2,2,1,"[""N2/f8388""]","[16775,16776]"
8389,N2,2,1,"[""N2/f8389""]","[16777,16778]"
8390,N2,2,1,"[""N2/f8390""]","[16779,16780]"
8391,N2,2,1,"[""N2/f8391""]","[16781,16782]"
8392,N2,2,1,"[""N2/f8392""]","[16783,16784]"
8393,N2,2,1,"[""N2/f8393""]","[16785,16786]"
8394,N2,2,1,"[""N2/f8394""]","[16787,16788]"
8395,N2,2,1,"[""N2/f8395""]","[16789,16790]"
8396,N2,2,1,"[""N2/f8396""]","[16791,16792]"
8397,N2,2,1,"[""N2/f8397""]","[16793,16794]"
8398,N2,2,1,"[""N2/f8398""]","[16795,16796]"
8399,N2,2,1,"[""N2/f8399""]","[16797,16798]"
8400,N2,2,1,"[""N2/f8400""]","[16799,16800]"
8401,N2,2,1,"[""N2/f8401""]","[16801,16802]"
8402,N2,2,1,"[""N2/f8402""]","[16803,16804]"
8403,N2,2,1,"[""N2/f8403""]","[16805,16806]"
8404,N2,2,1,"[""N2/f8404""]","[16807,16808]"
8405,N2,2,1,"[""N2/f8405""]","[16809,16810]"
8406,N2,2,1,"[""N2/f8406""]","[16811,16812]"
8407,N2,2,1,"[""N2/f8407""]","[16813,16814]"
8408,N2,2,1,"[""N2/f8408""]","[16815,16816]"
8409,N2,2,1,"[""N2/f8409""]","[16817,16818]"
8410,N2,2,1,"[""N2/f8410""]","[16819,16820]"
8411,N2,2,1,"[""N2/f8411""]","[16821,16822]"
8412,N2,2,1,"[""N2/f8412""]","[16823,16824]"
8413,N2,2,1,"[""N2/f8413""]","[16825,16826]"
8414,N2,2,1,"[""N2/f8414""]","[16827,16828]"
8415,N2,2,1,"[""N2/f8415""]","[16829,16830]"
8416,N2,2,1,"[""N2/f8416""]","[16831,16832]"
8417,N2,2,1,"[""N2/f8417""]","[16833,16834]"
8418,N2,2,1,"[""N2/f8418""]","[16835,16836]"
8419,N2,2,1,"[""N2/f8419""]","[16837,16838]"
8420,N2,2,1,"[""N2/f8420""]","[16839,16840]"
8421,N2,2,1,"[""N2/f8421""]","[16841,16842]"
8422,N2,2,1,"[""N2/f8422""]","[16843,16844]"
8423,N2,2,1,"[""N2/f8423""]","[16845,16846]"
8424,N2,2,1,"[""N2/f8424""]","[16847,16848]"
8425,N2,2,1,"[""N2/f8425""]","[16849,16850]"
8426,N2,2,1,"[""N2/f8426""]","[16851,16852]"
8427,N2,2,1,"[""N2/f8427""]","[16853,16854]"
8428,N2,2,1,"[""N2/f8428""]","[16855,16856]"
8429,N2,2,1,"[""N2/f8429""]","[16857,16858]"
8430,N2,2,1,"[""N2/f8430""]","[16859,16860]"
8431,N2,2,1,"[""N2/f8431""]","[16861,16862]"
8432,N2,2,1,"[""N2/f8432""]","[16863,16864]"
8433,N2,2,1,"[""N2/f8433""]","[16865,16866]"
8434,N2,2,1,"[""N2/f8434""]","[16867,16868]"
8435,N2,2,1,"[""N2/f8435""]","[16869,16870]"
8436,N2,2,1,"[""N2/f8436""]","[16871,16872]"
8437,N2,2,1,"[""N2/f8437""]","[16873,16874]"
8438,N2,2,1,"[""N2/f8438""]","[16875,16876]"
8439,N2,2,1,"[""N2/f8439""]","[16877,16878]"
8440,N2,2,1,"[""N2/f8440""]","[16879,16880]"
8441,N2,2,1,"[""N2/f8441""]","[16881,16882]"
8442,N2,2,1,"[""N2/f8442""]","[16883,16884]"
8443,N2,2,1,"[""N2/f8443""]","[16885,16886]"
8444,N2,2,1,"[""N2/f8444""]","[16887,16888]"
8445,N2,2,1,"[""N2/f8445""]","[16889,16890]"
8446,N2,2,1,"[""N2/f8446""]","[16891,16892]"
8447,N2,2,1,"[""N2/f8447""]","[16893,16894]"
8448,N2,2,1,"[""N2/f8448""]","[16895,16896]"
8449,N2,2,1,"[""N2/f8449""]","[16897,16898]"
8450,N2,2,1,"[""N2/f8450""]","[16899,16900]"
8451,N2,2,1,"[""N2/f8451""]","[16901,16902]"
8452,N2,2,1,"[""N2/f8452""]","[16903,16904]"
8453,N2,2,1,"[""N2/f8453""]","[16905,16906]"
8454,N2,2,1,"[""N2/f8454""]","[16907,16908]"
8455,N2,2,1,"[""N2/f8455""]","[16909,16910]"
8456,N2,2,1,"[""N2/f8456""]","[16911,16912]"
8457,N2,2,1,"[""N2/f8457""]","[16913,16914]"
8458,N2,2,1,"[""N2/f8458""]","[16915,16916]"
8459,N2,2,1,"[""N2/f8459""]","[16917,16918]"
8460,N2,2,1,"[""N2/f8460""]","[16919,16920]"
8461,N2,2,1,"[""N2/f8461""]","[16921,16922]"
8462,N2,2,1,"[""N2/f8462""]","[16923,16924]"
8463,N2,2,1,"[""N2/f8463""]","[16925,16926]"
8464,N2,2,1,"[""N2/f8464""]","[16927,16928]"
8465,N2,2,1,"[""N2/f8465""]","[16929,16930]"
8466,N2,2,1,"[""N2/f8466""]","[16931,16932]"
8467,N2,2,1,"[""N2/f8467""]","[16933,16934]"
8468,N2,2,1,"[""N2/f8468""]","[16935,16936]"
8469,N2,2,1,"[""N2/f8469""]","[16937,16938]"
8470,N2,2,1,"[""N2/f8470""]","[16939,16940]"
8471,N2,2,1,"[""N2/f8471""]","[16941,16942]"
8472,N2,2,1,"[""N2/f8472""]","[16943,16944]"
8473,N2,2,1,"[""N2/f8473""]","[16945,16946]"
8474,N2,2,1,"[""N2/f8474""]","[16947,16948]"
8475,N2,2,1,"[""N2/f8475""]","[16949,16950]"
8476,N2,2,1,"[""N2/f8476""]","[16951,16952]"
8477,N2,2,1,"[""N2/f8477""]","[16953,16954]"
8478,N2,2,1,"[""N2/f8478""]","[16955,16956]"
8479,N2,2,1,"[""N2/f8479""]","[16957,16958]"
8480,N2,2,1,"[""N2/f8480""]","[16959,16960]"
8481,N2,2,1,"[""N2/f8481""]","[16961,16962]"
8482,N2,2,1,"[""N2/f8482""]","[16963,16964]"
8483,N2,2,1,"[""N2/f8483""]","[16965,16966]"
8484,N2,2,1,"[""N2/f8484""]","[16967,16968]"
8485,N2,2,1,"[""N2/f8485""]","[16969,16970]"
8486,N2,2,1,"[""N2/f8486""]","[16971,16972]"
8487,N2,2,1,"[""N2/f8487""]","[16973,16974]"
8488,N2,2,1,"[""N2/f8488""]","[16975,16976]"
8489,N2,2,1,"[""N2/f8489""]","[16977,16978]"
8490,N2,2,1,"[""N2/f8490""]","[16979,16980]"
8491,N2,2,1,"[""N2/f8491""]","[16981,16982]"
8492,N2,2,1,"[""N2/f8492""]","[16983,16984]"
8493,N2,2,1,"[""N2/f8493""]","[16985,16986]"
8494,N2,2,1,"[""N2/f8494""]","[16987,16988]"
8495,N2,2,1,"[""N2/f8495""]","[16989,16990]"
8496,N2,2,1,"[""N2/f8496""]","[16991,16992]"
8497,N2,2,1,"[""N2/f8497""]","[16993,16994]"
8498,N2,2,1,"[""N2/f8498""]","[16995,16996]"
8499,N2,2,1,"[""N2/f8499""]","[16997,16998]"
8500,N2,2,1,"[""N2/f8500""]","[16999,17000]"
8501,N2,2,1,"[""N2/f8501""]","[17001,17002]"
8502,N2,2,1,"[""N2/f8502""]","[17003,17004]"
8503,N2,2,1,"[""N2/f8503""]","[17005,17006]"
8504,N2,2,1,"[""N2/f8504""]","[17007,17008]"
8505,N2,2,1,"[""N2/f8505""]","[17009,17010]"
8506,N2,2,1,"[""N2/f8506""]","[17011,17012]"
8507,N2,2,1,"[""N2/f8507""]","[17013,17014]"
8508,N2,2,1,"[""N2/f8508""]","[17015,17016]"
8509,N2,2,1,"[""N2/f8509""]","[17017,17018]"
8510,N2,2,1,"[""N2/f8510""]","[17019,17020]"
8511,N2,2,1,"[""N2/f8511""]","[17021,17022]"
8512,N2,2,1,"[""N2/f8512""]","[17023,17024]"
8513,N2,2,1,"[""N2/f8513""]","[17025,17026]"
8514,N2,2,1,"[""N2/f8514""]","[17027,17028]"
8515,N2,2,1,"[""N2/f8515""]","[17029,17030]"
8516,N2,2,1,"[""N2/f8516""]","[17031,17032]"
8517,N2,2,1,"[""N2/f8517""]","[17033,17034]"
8518,N2,2,1,"[""N2/f8518""]","[17035,17036]"
8519,N2,2,1,"[""N2/f8519""]","[17037,17038]"
8520,N2,2,1,"[""N2/f8520""]","[17039,17040]"
8521,N2,2,1,"[""N2/f8521""]","[17041,17042]"
8522,N2,2,1,"[""N2/f8522""]","[17043,17044]"
8523,N2,2,1,"[""N2/f8523""]","[17045,17046]"
8524,N2,2,1,"[""N2/f8524""]","[17047,17048]"
8525,N2,2,1,"[""N2/f8525""]","[17049,17050]"
8526,N2,2,1,"[""N2/f8526""]","[17051,17052]"
8527,N2,2,1,"[""N2/f8527""]","[17053,17054]"
8528,N2,2,1,"[""N2/f8528""]","[17055,17056]"
8529,N2,2,1,"[""N2/f8529""]","[17057,17058]"
8530,N2,2,1,"[""N2/f8530""]","[17059,17060]"
8531,N2,2,1,"[""N2/f8531""]","[17061,17062]"
8532,N2,2,1,"[""N2/f8532""]","[17063,17064]"
8533,N2,2,1,"[""N2/f8533""]","[17065,17066]"
8534,N2,2,1,"[""N2/f8534""]","[17067,17068]"
8535,N2,2,1,"[""N2/f8535""]","[17069,17070]"
8536,N2,2,1,"[""N2/f8536""]","[17071,17072]"
8537,N2,2,1,"[""N2/f8537""]","[17073,17074]"
8538,N2,2,1,"[""N2/f8538""]","[17075,17076]"
8539,N2,2,1,"[""N2/f8539""]","[17077,17078]"
8540,N2,2,1,"[""N2/f8540""]","[17079,17080]"
8541,N2,2,1,"[""N2/f8541""]","[17081,17082]"
8542,N2,2,1,"[""N2/f8542""]","[17083,17084]"
8543,N2,2,1,"[""N2/f8543""]","[17085,17086]"
8544,N2,2,1,"[""N2/f8544""]","[17087,17088]"
8545,N2,2,1,"[""N2/f8545""]","[17089,17090]"
8546,N2,2,1,"[""N2/f8546""]","[17091,17092]"
8547,N2,2,1,"[""N2/f8547""]","[17093,17094]"
8548,N2,2,1,"[""N2/f8548""]","[17095,17096]"
8549,N2,2,1,"[""N2/f8549""]","[17097,17098]"
8550,N2,2,1,"[""N2/f8550""]","[17099,17100]"
8551,N2,2,1,"[""N2/f8551""]","[17101,17102]"
8552,N2,2,1,"[""N2/f8552""]","[17103,17104]"
8553,N2,2,1,"[""N2/f8553""]","[17105,17106]"
8554,N2,2,1,"[""N2/f8554""]","[17107,17108]"
8555,N2,2,1,"[""N2/f8555""]","[17109,17110]"
8556,N2,2,1,"[""N2/f8556""]","[17111,17112]"
8557,N2,2,1,"[""N2/f8557""]","[17113,17114]"
8558,N2,2,1,"[""N2/f8558""]","[17115,17116]"
8559,N2,2,1,"[""N2/f8559""]","[17117,17118]"
8560,N2,2,1,"[""N2/f8560""]","[17119,17120]"
8561,N2,2,1,"[""N2/f8561""]","[17121,17122]"
8562,N2,2,1,"[""N2/f8562""]","[17123,17124]"
8563,N2,2,1,"[""N2/f8563""]","[17125,17126]"
8564,N2,2,1,"[""N2/f8564""]","[17127,17128]"
8565,N2,2,1,"[""N2/f8565""]","[17129,17130]"
8566,N2,2,1,"[""N2/f8566""]","[17131,17132]"
8567,N2,2,1,"[""N2/f8567""]","[17133,17134]"
8568,N2,2,1,"[""N2/f8568""]","[17135,17136]"
8569,N2,2,1,"[""N2/f8569""]","[17137,17138]"
8570,N2,2,1,"[""N2/f8570""]","[17139,17140]"
8571,N2,2,1,"[""N2/f8571""]","[17141,17142]"
8572,N2,2,1,"[""N2/f8572""]","[17143,17144]"
8573,N2,2,1,"[""N2/f8573""]","[17145,17146]"
8574,N2,2,1,"[""N2/f8574""]","[17147,17148]"
8575,N2,2,1,"[""N2/f8575""]","[17149,17150]"
8576,N2,2,1,"[""N2/f8576""]","[17151,17152]"
8577,N2,2,1,"[""N2/f8577""]","[17153,17154]"
8578,N2,2,1,"[""N2/f8578""]","[17155,17156]"
8579,N2,2,1,"[""N2/f8579""]","[17157,17158]"
8580,N2,2,1,"[""N2/f8580""]","[17159,17160]"
8581,N2,2,1,"[""N2/f8581""]","[17161,17162]"
8582,N2,2,1,"[""N2/f8582""]","[17163,17164]"
8583,N2,2,1,"[""N2/f8583""]","[17165,17166]"
8584,N2,2,1,"[""N2/f8584""]","[17167,17168]"
8585,N2,2,1,"[""N2/f8585""]","[17169,17170]"
8586,N2,2,1,"[""N2/f8586""]","[17171,17172]"
8587,N2,2,1,"[""N2/f8587""]","[17173,17174]"
8588,N2,2,1,"[""N2/f8588""]","[17175,17176]"
8589,N2,2,1,"[""N2/f8589""]","[17177,17178]"
8590,N2,2,1,"[""N2/f8590""]","[17179,17180]"
8591,N2,2,1,"[""N2/f8591""]","[17181,17182]"
8592,N2,2,1,"[""N2/f8592""]","[17183,17184]"
8593,N2,2,1,"[""N2/f8593""]","[17185,17186]"
8594,N2,2,1,"[""N2/f8594""]","[17187,17188]"
8595,N2,2,1,"[""N2/f8595""]","[17189,17190]"
8596,N2,2,1,"[""N2/f8596""]","[17191,17192]"
8597,N2,2,1,"[""N2/f8597""]","[17193,17194]"
8598,N2,2,1,"[""N2/f8598""]","[17195,17196]"
8599,N2,2,1,"[""N2/f8599""]","[17197,17198]"
8600,N2,2,1,"[""N2/f8600""]","[17199,17200]"
8601,N2,2,1,"[""N2/f8601""]","[17201,17202]"
8602,N2,2,1,"[""N2/f8602""]","[17203,17204]"
8603,N2,2,1,"[""N2/f8603""]","[17205,17206]"
8604,N2,2,1,"[""N2/f8604""]","[17207,17208]"
8605,N2,2,1,"[""N2/f8605""]","[17209,17210]"
8606,N2,2,1,"[""N2/f8606""]","[17211,17212]"
8607,N2,2,1,"[""N2/f8607""]","[17213,17214]"
8608,N2,2,1,"[""N2/f8608""]","[17215,17216]"
8609,N2,2,1,"[""N2/f8609""]","[17217,17218]"
8610,N2,2,1,"[""N2/f8610""]","[17219,17220]"
8611,N2,2,1,"[""N2/f8611""]","[17221,17222]"
8612,N2,2,1,"[""N2/f8612""]","[17223,17224]"
8613,N2,2,1,"[""N2/f8613""]","[17225,17226]"
8614,N2,2,1,"[""N2/f8614""]","[17227,17228]"
8615,N2,2,1,"[""N2/f8615""]","[17229,17230]"
8616,N2,2,1,"[""N2/f8616""]","[17231,17232]"
8617,N2,2,1,"[""N2/f8617""]","[17233,17234]"
8618,N2,2,1,"[""N2/f8618""]","[17235,17236]"
8619,N2,2,1,"[""N2/f8619""]","[17237,17238]"
8620,N2,2,1,"[""N2/f8620""]","[17239,17240]"
8621,N2,2,1,"[""N2/f8621""]","[17241,17242]"
8622,N2,2,1,"[""N2/f8622""]","[17243,17244]"
8623,N2,2,1,"[""N2/f8623""]","[17245,17246]"
8624,N2,2,1,"[""N2/f8624""]","[17247,17248]"
8625,N2,2,1,"[""N2/f8625""]","[17249,17250]"
8626,N2,2,1,"[""N2/f8626""]","[17251,17252]"
8627,N2,2,1,"[""N2/f8627""]","[17253,17254]"
8628,N2,2,1,"[""N2/f8628""]","[17255,17256]"
8629,N2,2,1,"[""N2/f8629""]","[17257,17258]"
8630,N2,2,1,"[""N2/f8630""]","[17259,17260]"
8631,N2,2,1,"[""N2/f8631""]","[17261,17262]"
8632,N2,2,1,"[""N2/f8632""]","[17263,17264]"
8633,N2,2,1,"[""N2/f8633""]","[17265,17266]"
8634,N2,2,1,"[""N2/f8634""]","[17267,17268]"
8635,N2,2,1,"[""N2/f8635""]","[17269,17270]"
8636,N2,2,1,"[""N2/f8636""]","[17271,17272]"
8637,N2,2,1,"[""N2/f8637""]","[17273,17274]"
8638,N2,2,1,"[""N2/f8638""]","[17275,17276]"
8639,N2,2,1,"[""N2/f8639""]","[17277,17278]"
8640,N2,2,1,"[""N2/f8640""]","[17279,17280]"
8641,N2,2,1,"[""N2/f8641""]","[17281,17282]"
8642,N2,2,1,"[""N2/f8642""]","[17283,17284]"
8643,N2,2,1,"[""N2/f8643""]","[17285,17286]"
8644,N2,2,1,"[""N2/f8644""]","[17287,17288]"
8645,N2,2,1,"[""N2/f8645""]","[17289,17290]"
8646,N2,2,1,"[""N2/f8646""]","[17291,17292]"
8647,N2,2,1,"[""N2/f8647""]","[17293,17294]"
8648,N2,2,1,"[""N2/f8648""]","[17295,17296]"
8649,N2,2,1,"[""N2/f8649""]","[17297,17298]"
8650,N2,2,1,"[""N2/f8650""]","[17299,17300]"
8651,N2,2,1,"[""N2/f8651""]","[17301,17302]"
8652,N2,2,1,"[""N2/f8652""]","[17303,17304]"
8653,N2,2,1,"[""N2/f8653""]","[17305,17306]"
8654,N2,2,1,"[""N2/f8654""]","[17307,17308]"
8655,N2,2,1,"[""N2/f8655""]","[17309,17310]"
8656,N2,2,1,"[""N2/f8656""]","[17311,17312]"
8657,N2,2,1,"[""N2/f8657""]","[17313,17314]"
8658,N2,2,1,"[""N2/f8658""]","[17315,17316]"
8659,N2,2,1,"[""N2/f8659""]","[17317,17318]"
8660,N2,2,1,"[""N2/f8660""]","[17319,17320]"
8661,N2,2,1,"[""N2/f8661""]","[17321,17322]"
8662,N2,2,1,"[""N2/f8662""]","[17323,17324]"
8663,N2,2,1,"[""N2/f8663""]","[17325,17326]"
8664,N2,2,1,"[""N2/f8664""]","[17327,17328]"
8665,N2,2,1,"[""N2/f8665""]","[17329,17330]"
8666,N2,2,1,"[""N2/f8666""]","[17331,17332]"
8667,N2,2,1,"[""N2/f8667""]","[17333,17334]"
8668,N2,2,1,"[""N2/f8668""]","[17335,17336]"
8669,N2,2,1,"[""N2/f8669""]","[17337,17338]"
8670,N2,2,1,"[""N2/f8670""]","[17339,17340]"
8671,N2,2,1,"[""N2/f8671""]","[17341,17342]"
8672,N2,2,1,"[""N2/f8672""]","[17343,17344]"
8673,N2,2,1,"[""N2/f8673""]","[17345,17346]"
8674,N2,2,1,"[""N2/f8674""]","[17347,17348]"
8675,N2,2,1,"[""N2/f8675""]","[17349,17350]"
8676,N2,2,1,"[""N2/f8676""]","[17351,17352]"
8677,N2,2,1,"[""N2/f8677""]","[17353,17354]"
8678,N2,2,1,"[""N2/f8678""]","[17355,17356]"
8679,N2,2,1,"[""N2/f8679""]","[17357,17358]"
8680,N2,2,1,"[""N2/f8680""]","[17359,17360]"
8681,N2,2,1,"[""N2/f8681""]","[17361,17362]"
8682,N2,2,1,"[""N2/f8682""]","[17363,17364]"
8683,N2,2,1,"[""N2/f8683""]","[17365,17366]"
8684,N2,2,1,"[""N2/f8684""]","[17367,17368]"
8685,N2,2,1,"[""N2/f8685""]","[17369,17370]"
8686,N2,2,1,"[""N2/f8686""]","[17371,17372]"
8687,N2,2,1,"[""N2/f8687""]","[17373,17374]"
8688,N2,2,1,"[""N2/f8688""]","[17375,17376]"
8689,N2,2,1,"[""N2/f8689""]","[17377,17378]"
8690,N2,2,1,"[""N2/f8690""]","[17379,17380]"
8691,N2,2,1,"[""N2/f8691""]","[17381,17382]"
8692,N2,2,1,"[""N2/f8692""]","[17383,17384]"
8693,N2,2,1,"[""N2/f8693""]","[17385,17386]"
8694,N2,2,1,"[""N2/f8694""]","[17387,17388]"
8695,N2,2,1,"[""N2/f8695""]","[17389,17390]"
8696,N2,2,1,"[""N2/f8696""]","[17391,17392]"
8697,N2,2,1,"[""N2/f8697""]","[17393,17394]"
8698,N2,2,1,"[""N2/f8698""]","[17395,17396]"
8699,N2,2,1,"[""N2/f8699""]","[17397,17398]"
8700,N2,2,1,"[""N2/f8700""]","[17399,17400]"
8701,N2,2,1,"[""N2/f8701""]","[17401,17402]"
8702,N2,2,1,"[""N2/f8702""]","[17403,17404]"
8703,N2,2,1,"[""N2/f8703""]","[17405,17406]"
8704,N2,2,1,"[""N2/f8704""]","[17407,17408]"
8705,N2,2,1,"[""N2/f8705""]","[17409,17410]"
8706,N2,2,1,"[""N2/f8706""]","[17411,17412]"
8707,N2,2,1,"[""N2/f8707""]","[17413,17414]"
8708,N2,2,1,"[""N2/f8708""]","[17415,17416]"
8709,N2,2,1,"[""N2/f8709""]","[17417,17418]"
8710,N2,2,1,"[""N2/f8710""]","[17419,17420]"
8711,N2,2,1,"[""N2/f8711""]","[17421,17422]"
8712,N2,2,1,"[""N2/f8712""]","[17423,17424]"
8713,N2,2,1,"[""N2/f8713""]","[17425,17426]"
8714,N2,2,1,"[""N2/f8714""]","[17427,17428]"
8715,N2,2,1,"[""N2/f8715""]","[17429,17430]"
8716,N2,2,1,"[""N2/f8716""]","[17431,17432]"
8717,N2,2,1,"[""N2/f8717""]","[17433,17434]"
8718,N2,2,1,"[""N2/f8718""]","[17435,17436]"
8719,N2,2,1,"[""N2/f8719""]","[17437,17438]"
8720,N2,2,1,"[""N2/f8720""]","[17439,17440]"
8721,N2,2,1,"[""N2/f8721""]","[17441,17442]"
8722,N2,2,1,"[""N2/f8722""]","[17443,17444]"
8723,N2,2,1,"[""N2/f8723""]","[17445,17446]"
8724,N2,2,1,"[""N2/f8724""]","[17447,17448]"
8725,N2,2,1,"[""N2/f8725""]","[17449,17450]"
8726,N2,2,1,"[""N2/f8726""]","[17451,17452]"
8727,N2,2,1,"[""N2/f8727""]","[17453,17454]"
8728,N2,2,1,"[""N2/f8728""]","[17455,17456]"
8729,N2,2,1,"[""N2/f8729""]","[17457,17458]"
8730,N2,2,1,"[""N2/f8730""]","[17459,17460]"
8731,N2,2,1,"[""N2/f8731""]","[17461,17462]"
8732,N2,2,1,"[""N2/f8732""]","[17463,17464]"
8733,N2,2,1,"[""N2/f8733""]","[17465,17466]"
8734,N2,2,1,"[""N2/f8734""]","[17467,17468]"
8735,N2,2,1,"[""N2/f8735""]","[17469,17470]"
8736,N2,2,1,"[""N2/f8736""]","[17471,17472]"
8737,N2,2,1,"[""N2/f8737""]","[17473,17474]"
8738,N2,2,1,"[""N2/f8738""]","[17475,17476]"
8739,N2,2,1,"[""N2/f8739""]","[17477,17478]"
8740,N2,2,1,"[""N2/f8740""]","[17479,17480]"
8741,N2,2,1,"[""N2/f8741""]","[17481,17482]"
8742,N2,2,1,"[""N2/f8742""]","[17483,17484]"
8743,N2,2,1,"[""N2/f8743""]","[17485,17486]"
8744,N2,2,1,"[""N2/f8744""]","[17487,17488]"
8745,N2,2,1,"[""N2/f8745""]","[17489,17490]"
8746,N2,2,1,"[""N2/f8746""]","[17491,17492]"
8747,N2,2,1,"[""N2/f8747""]","[17493,17494]"
8748,N2,2,1,"[""N2/f8748""]","[17495,17496]"
8749,N2,2,1,"[""N2/f8749""]","[17497,17498]"
8750,N2,2,1,"[""N2/f8750""]","[17499,17500]"
8751,N2,2,1,"[""N2/f8751""]","[17501,17502]"
8752,N2,2,1,"[""N2/f8752""]","[17503,17504]"
8753,N2,2,1,"[""N2/f8753""]","[17505,17506]"
8754,N2,2,1,"[""N2/f8754""]","[17507,17508]"
8755,N2,2,1,"[""N2/f8755""]","[17509,17510]"
8756,N2,2,1,"[""N2/f8756""]","[17511,17512]"
8757,N2,2,1,"[""N2/f8757""]","[17513,17514]"
8758,N2,2,1,"[""N2/f8758""]","[17515,17516]"
8759,N2,2,1,"[""N2/f8759""]","[17517,17518]"
8760,N2,2,1,"[""N2/f8760""]","[17519,17520]"
8761,N2,2,1,"[""N2/f8761""]","[17521,17522]"
8762,N2,2,1,"[""N2/f8762""]","[17523,17524]"
8763,N2,2,1,"[""N2/f8763""]","[17525,17526]"
8764,N2,2,1,"[""N2/f8764""]","[17527,17528]"
8765,N2,2,1,"[""N2/f8765""]","[17529,17530]"
8766,N2,2,1,"[""N2/f8766""]","[17531,17532]"
8767,N2,2,1,"[""N2/f8767""]","[17533,17534]"
8768,N2,2,1,"[""N2/f8768""]","[17535,17536]"
8769,N2,2,1,"[""N2/f8769""]","[17537,17538]"
8770,N2,2,1,"[""N2/f8770""]","[17539,17540]"
8771,N2,2,1,"[""N2/f8771""]","[17541,17542]"
8772,N2,2,1,"[""N2/f8772""]","[17543,17544]"
8773,N2,2,1,"[""N2/f8773""]","[17545,17546]"
8774,N2,2,1,"[""N2/f8774""]","[17547,17548]"
8775,N2,2,1,"[""N2/f8775""]","[17549,17550]"
8776,N2,2,1,"[""N2/f8776""]","[17551,17552]"
8777,N2,2,1,"[""N2/f8777""]","[17553,17554]"
8778,N2,2,1,"[""N2/f8778""]","[17555,17556]"
8779,N2,2,1,"[""N2/f8779""]","[17557,17558]"
8780,N2,2,1,"[""N2/f8780""]","[17559,17560]"
8781,N2,2,1,"[""N2/f8781""]","[17561,17562]"
8782,N2,2,1,"[""N2/f8782""]","[17563,17564]"
8783,N2,2,1,"[""N2/f8783""]","[17565,17566]"
8784,N2,2,1,"[""N2/f8784""]","[17567,17568]"
8785,N2,2,1,"[""N2/f8785""]","[17569,17570]"
8786,N2,2,1,"[""N2/f8786""]","[17571,17572]"
8787,N2,2,1,"[""N2/f8787""]","[17573,17574]"
8788,N2,2,1,"[""N2/f8788""]","[17575,17576]"
8789,N2,2,1,"[""N2/f8789""]","[17577,17578]"
8790,N2,2,1,"[""N2/f8790""]","[17579,17580]"
8791,N2,2,1,"[""N2/f8791""]","[17581,17582]"
8792,N2,2,1,"[""N2/f8792""]","[17583,17584]"
8793,N2,2,1,"[""N2/f8793""]","[17585,17586]"
8794,N2,2,1,"[""N2/f8794""]","[17587,17588]"
8795,N2,2,1,"[""N2/f8795""]","[17589,17590]"
8796,N2,2,1,"[""N2/f8796""]","[17591,17592]"
8797,N2,2,1,"[""N2/f8797""]","[17593,17594]"
8798,N2,2,1,"[""N2/f8798""]","[17595,17596]"
8799,N2,2,1,"[""N2/f8799""]","[17597,17598]"
8800,N2,2,1,"[""N2/f8800""]","[17599,17600]"
8801,C12H26,38,37,"[""C12H26/f1""]","[17601,17602,17603,17604,17605,17606,17607,17608,17609,17610,17611,17612,17613,17614,17615,17616,17617,17618,17619,17620,17621,17622,17623,17624,17625,17626,17627,17628,17629,17630,17631,17632,17633,17634,17635,17636,17637,17638]"
8802,C12H26,38,37,"[""C12H26/f2""]","[17639,17640,17641,17642,17643,17644,17645,17646,17647,17648,17649,17650,17651,17652,17653,17654,17655,17656,17657,17658,17659,17660,17661,17662,17663,17664,17665,17666,17667,17668,17669,17670,17671,17672,17673,17674,17675,17676]"
8803,C12H26,38,37,"[""C12H26/f3""]","[17677,17678,17679,17680,17681,17682,17683,17684,17685,17686,17687,17688,17689,17690,17691,17692,17693,17694,17695,17696,17697,17698,17699,17700,17701,17702,17703,17704,17705,17706,17707,17708,17709,17710,17711,17712,17713,17714]"
8804,C12H26,38,37,"[""C12H26/f4""]","[17715,17716,17717,17718,17719,17720,17721,17722,17723,17724,17725,17726,17727,17728,17729,17730,17731,17732,17733,17734,17735,17736,17737,17738,17739,17740,17741,17742,17743,17744,17745,17746,17747,17748,17749,17750,17751,17752]"
8805,C12H26,38,37,"[""C12H26/f5""]","[17753,17754,17755,17756,17757,17758,17759,17760,17761,17762,17763,17764,17765,17766,17767,17768,17769,17770,17771,17772,17773,17774,17775,17776,17777,17778,17779,17780,17781,17782,17783,17784,17785,17786,17787,17788,17789,17790]"
8806,C5H11,16,15,"[""C12H26/f6""]","[17791,17792,17793,17794,17795,17796,17797,17798,17799,17800,17801,17802,17803,17804,17806,17807]"
8807,C7H15,22,21,"[""C12H26/f6""]","[17805,17808,17809,17810,17811,17812,17813,17814,17815,17816,17817,17818,17819,17820,17821,17822,17823,17824,17825,17826,17827,17828]"
8808,C12H26,38,37,"[""C12H26/f7""]","[17829,17830,17831,17832,17833,17834,17835,17836,17837,17838,17839,17840,17841,17842,17843,17844,17845,17846,17847,17848,17849,17850,17851,17852,17853,17854,17855,17856,17857,17858,17859,17860,17861,17862,17863,17864,17865,17866]"
8809,C12H26,38,37,"[""C12H26/f8""]","[17867,17868,17869,17870,17871,17872,17873,17874,17875,17876,17877,17878,17879,17880,17881,17882,17883,17884,17885,17886,17887,17888,17889,17890,17891,17892,17893,17894,17895,17896,17897,17898,17899,17900,17901,17902,17903,17904]"
8810,C12H26,38,37,"[""C12H26/f9""]","[17905,17906,17907,17908,17909,17910,17911,17912,17913,17914,17915,17916,17917,17918,17919,17920,17921,17922,17923,17924,17925,17926,17927,17928,17929,17930,17931,17932,17933,17934,17935,17936,17937,17938,17939,17940,17941,17942]"
8811,C12H26,38,37,"[""C12H26/f10""]","[17943,17944,17945,17946,17947,17948,17949,17950,17951,17952,17953,17954,17955,17956,17957,17958,17959,17960,17961,17962,17963,17964,17965,17966,17967,17968,17969,17970,17971,17972,17973,17974,17975,17976,17977,17978,17979,17980]"
8812,C12H26,38,37,"[""C12H26/f11""]","[17981,17982,17983,17984,17985,17986,17987,17988,17989,17990,17991,17992,17993,17994,17995,17996,17997,17998,17999,18000,18001,18002,18003,18004,18005,18006,18007,18008,18009,18010,18011,18012,18013,18014,18015,18016,18017,18018]"
8813,C12H26,38,37,"[""C12H26/f12""]","[18019,18020,18021,18022,18023,18024,18025,18026,18027,18028,18029,18030,18031,18032,18033,18034,18035,18036,18037,18038,18039,18040,18041,18042,18043,18044,18045,18046,18047,18048,18049,18050,18051,18052,18053,18054,18055,18056]"
8814,C12H26,38,37,"[""C12H26/f13""]","[18057,18058,18059,18060,18061,18062,18063,18064,18065,18066,18067,18068,18069,18070,18071,18072,18073,18074,18075,18076,18077,18078,18079,18080,18081,18082,18083,18084,18085,18086,18087,18088,18089,18090,18091,18092,18093,18094]"
8815,C12H26,38,37,"[""C12H26/f14""]","[18095,18096,18097,18098,18099,18100,18101,18102,18103,18104,18105,18106,18107,18108,18109,18110,18111,18112,18113,18114,18115,18116,18117,18118,18119,18120,18121,18122,18123,18124,18125,18126,18127,18128,18129,18130,18131,18132]"
8816,C12H26,38,37,"[""C12H26/f15""]","[18133,18134,18135,18136,18137,18138,18139,18140,18141,18142,18143,18144,18145,18146,18147,18148,18149,18150,18151,18152,18153,18154,18155,18156,18157,18158,18159,18160,18161,18162,18163,18164,18165,18166,18167,18168,18169,18170]"
8817,C12H26,38,37,"[""C12H26/f16""]","[18171,18172,18173,18174,18175,18176,18177,18178,18179,18180,18181,18182,18183,18184,18185,18186,18187,18188,18189,18190,18191,18192,18193,18194,18195,18196,18197,18198,18199,18200,18201,18202,18203,18204,18205,18206,18207,18208]"
8818,C12H26,38,37,"[""C12H26/f17""]","[18209,18210,18211,18212,18213,18214,18215,18216,18217,18218,18219,18220,18221,18222,18223,18224,18225,18226,18227,18228,18229,18230,18231,18232,18233,18234,18235,18236,18237,18238,18239,18240,18241,18242,18243,18244,18245,18246]"
8819,C12H26,38,37,"[""C12H26/f18""]","[18247,18248,18249,18250,18251,18252,18253,18254,18255,18256,18257,18258,18259,18260,18261,18262,18263,18264,18265,18266,18267,18268,18269,18270,18271,18272,18273,18274,18275,18276,18277,18278,18279,18280,18281,18282,18283,18284]"
8820,C12H26,38,37,"[""C12H26/f19""]","[18285,18286,18287,18288,18289,18290,18291,18292,18293,18294,18295,18296,18297,18298,18299,18300,18301,18302,18303,18304,18305,18306,18307,18308,18309,18310,18311,18312,18313,18314,18315,18316,18317,18318,18319,18320,18321,18322]"
8821,C12H26,38,37,"[""C12H26/f20""]","[18323,18324,18325,18326,18327,18328,18329,18330,18331,18332,18333,18334,18335,18336,18337,18338,18339,18340,18341,18342,18343,18344,18345,18346,18347,18348,18349,18350,18351,18352,18353,18354,18355,18356,18357,18358,18359,18360]"
8822,C12H26,38,37,"[""C12H26/f21""]","[18361,18362,18363,18364,18365,18366,18367,18368,18369,18370,18371,18372,18373,18374,18375,18376,18377,18378,18379,18380,18381,18382,18383,18384,18385,18386,18387,18388,18389,18390,18391,18392,18393,18394,18395,18396,18397,18398]"
8823,C12H26,38,37,"[""C12H26/f22""]","[18399,18400,18401,18402,18403,18404,18405,18406,18407,18408,18409,18410,18411,18412,18413,18414,18415,18416,18417,18418,18419,18420,18421,18422,18423,18424,18425,18426,18427,18428,18429,18430,18431,18432,18433,18434,18435,18436]"
8824,C12H26,38,37,"[""C12H26/f23""]","[18437,18438,18439,18440,18441,18442,18443,18444,18445,18446,18447,18448,18449,18450,18451,18452,18453,18454,18455,18456,18457,18458,18459,18460,18461,18462,18463,18464,18465,18466,18467,18468,18469,18470,18471,18472,18473,18474]"
8825,C12H26,38,37,"[""C12H26/f24""]","[18475,18476,18477,18478,18479,18480,18481,18482,18483,18484,18485,18486,18487,18488,18489,18490,18491,18492,18493,18494,18495,18496,18497,18498,18499,18500,18501,18502,18503,18504,18505,18506,18507,18508,18509,18510,18511,18512]"
8826,C12H26,38,37,"[""C12H26/f25""]","[18513,18514,18515,18516,18517,18518,18519,18520,18521,18522,18523,18524,18525,18526,18527,18528,18529,18530,18531,18532,18533,18534,18535,18536,18537,18538,18539,18540,18541,18542,18543,18544,18545,18546,18547,18548,18549,18550]"
8827,C12H26,38,37,"[""C12H26/f26""]","[18551,18552,18553,18554,18555,18556,18557,18558,18559,18560,18561,18562,18563,18564,18565,18566,18567,18568,18569,18570,18571,18572,18573,18574,18575,18576,18577,18578,18579,18580,18581,18582,18583,18584,18585,18586,18587,18588]"
8828,C12H26,38,37,"[""C12H26/f27""]","[18589,18590,18591,18592,18593,18594,18595,18596,18597,18598,18599,18600,18601,18602,18603,18604,18605,18606,18607,18608,18609,18610,18611,18612,18613,18614,18615,18616,18617,18618,18619,18620,18621,18622,18623,18624,18625,18626]"
8829,C12H26,38,37,"[""C12H26/f28""]","[18627,18628,18629,18630,18631,18632,18633,18634,18635,18636,18637,18638,18639,18640,18641,18642,18643,18644,18645,18646,18647,18648,18649,18650,18651,18652,18653,18654,18655,18656,18657,18658,18659,18660,18661,18662,18663,18664]"
8830,C12H26,38,37,"[""C12H26/f29""]","[18665,18666,18667,18668,18669,18670,18671,18672,18673,18674,18675,18676,18677,18678,18679,18680,18681,18682,18683,18684,18685,18686,18687,18688,18689,18690,18691,18692,18693,18694,18695,18696,18697,18698,18699,18700,18701,18702]"
8831,C12H26,38,37,"[""C12H26/f30""]","[18703,18704,18705,18706,18707,18708,18709,18710,18711,18712,18713,18714,18715,18716,18717,18718,18719,18720,18721,18722,18723,18724,18725,18726,18727,18728,18729,18730,18731,18732,18733,18734,18735,18736,18737,18738,18739,18740]"
8832,C12H26,38,37,"[""C12H26/f31""]","[18741,18742,18743,18744,18745,18746,18747,18748,18749,18750,18751,18752,18753,18754,18755,18756,18757,18758,18759,18760,18761,18762,18763,18764,18765,18766,18767,18768,18769,18770,18771,18772,18773,18774,18775,18776,18777,18778]"
8833,C12H26,38,37,"[""C12H26/f32""]","[18779,18780,18781,18782,18783,18784,18785,18786,18787,18788,18789,18790,18791,18792,18793,18794,18795,18796,18797,18798,18799,18800,18801,18802,18803,18804,18805,18806,18807,18808,18809,18810,18811,18812,18813,18814,18815,18816]"
8834,C12H26,38,37,"[""C12H26/f33""]","[18817,18818,18819,18820,18821,18822,18823,18824,18825,18826,18827,18828,18829,18830,18831,18832,18833,18834,18835,18836,18837,18838,18839,18840,18841,18842,18843,18844,18845,18846,18847,18848,18849,18850,18851,18852,18853,18854]"
8835,C12H26,38,37,"[""C12H26/f34""]","[18855,18856,18857,18858,18859,18860,18861,18862,18863,18864,18865,18866,18867,18868,18869,18870,18871,18872,18873,18874,18875,18876,18877,18878,18879,18880,18881,18882,18883,18884,18885,18886,18887,18888,18889,18890,18891,18892]"
8836,C12H26,38,37,"[""C12H26/f35""]","[18893,18894,18895,18896,18897,18898,18899,18900,18901,18902,18903,18904,18905,18906,18907,18908,18909,18910,18911,18912,18913,18914,18915,18916,18917,18918,18919,18920,18921,18922,18923,18924,18925,18926,18927,18928,18929,18930]"
8837,C12H26,38,37,"[""C12H26/f36""]","[18931,18932,18933,18934,18935,18936,18937,18938,18939,18940,18941,18942,18943,18944,18945,18946,18947,18948,18949,18950,18951,18952,18953,18954,18955,18956,18957,18958,18959,18960,18961,18962,18963,18964,18965,18966,18967,18968]"
8838,C12H26,38,37,"[""C12H26/f37""]","[18969,18970,18971,18972,18973,18974,18975,18976,18977,18978,18979,18980,18981,18982,18983,18984,18985,18986,18987,18988,18989,18990,18991,18992,18993,18994,18995,18996,18997,18998,18999,19000,19001,19002,19003,19004,19005,19006]"
8839,C12H26,38,37,"[""C12H26/f38""]","[19007,19008,19009,19010,19011,19012,19013,19014,19015,19016,19017,19018,19019,19020,19021,19022,19023,19024,19025,19026,19027,19028,19029,19030,19031,19032,19033,19034,19035,19036,19037,19038,19039,19040,19041,19042,19043,19044]"
8840,C12H26,38,37,"[""C12H26/f39""]","[19045,19046,19047,19048,19049,19050,19051,19052,19053,19054,19055,19056,19057,19058,19059,19060,19061,19062,19063,19064,19065,19066,19067,19068,19069,19070,19071,19072,19073,19074,19075,19076,19077,19078,19079,19080,19081,19082]"
8841,C12H26,38,37,"[""C12H26/f40""]","[19083,19084,19085,19086,19087,19088,19089,19090,19091,19092,19093,19094,19095,19096,19097,19098,19099,19100,19101,19102,19103,19104,19105,19106,19107,19108,19109,19110,19111,19112,19113,19114,19115,19116,19117,19118,19119,19120]"
8842,C12H26,38,37,"[""C12H26/f41""]","[19121,19122,19123,19124,19125,19126,19127,19128,19129,19130,19131,19132,19133,19134,19135,19136,19137,19138,19139,19140,19141,19142,19143,19144,19145,19146,19147,19148,19149,19150,19151,19152,19153,19154,19155,19156,19157,19158]"
8843,C12H26,38,37,"[""C12H26/f42""]","[19159,19160,19161,19162,19163,19164,19165,19166,19167,19168,19169,19170,19171,19172,19173,19174,19175,19176,19177,19178,19179,19180,19181,19182,19183,19184,19185,19186,19187,19188,19189,19190,19191,19192,19193,19194,19195,19196]"
8844,C12H26,38,37,"[""C12H26/f43""]","[19197,19198,19199,19200,19201,19202,19203,19204,19205,19206,19207,19208,19209,19210,19211,19212,19213,19214,19215,19216,19217,19218,19219,19220,19221,19222,19223,19224,19225,19226,19227,19228,19229,19230,19231,19232,19233,19234]"
8845,C12H26,38,37,"[""C12H26/f44""]","[19235,19236,19237,19238,19239,19240,19241,19242,19243,19244,19245,19246,19247,19248,19249,19250,19251,19252,19253,19254,19255,19256,19257,19258,19259,19260,19261,19262,19263,19264,19265,19266,19267,19268,19269,19270,19271,19272]"
8846,C12H26,38,37,"[""C12H26/f45""]","[19273,19274,19275,19276,19277,19278,19279,19280,19281,19282,19283,19284,19285,19286,19287,19288,19289,19290,19291,19292,19293,19294,19295,19296,19297,19298,19299,19300,19301,19302,19303,19304,19305,19306,19307,19308,19309,19310]"
8847,C12H26,38,37,"[""C12H26/f46""]","[19311,19312,19313,19314,19315,19316,19317,19318,19319,19320,19321,19322,19323,19324,19325,19326,19327,19328,19329,19330,19331,19332,19333,19334,19335,19336,19337,19338,19339,19340,19341,19342,19343,19344,19345,19346,19347,19348]"
8848,C12H26,38,37,"[""C12H26/f47""]","[19349,19350,19351,19352,19353,19354,19355,19356,19357,19358,19359,19360,19361,19362,19363,19364,19365,19366,19367,19368,19369,19370,19371,19372,19373,19374,19375,19376,19377,19378,19379,19380,19381,19382,19383,19384,19385,19386]"
8849,C12H26,38,37,"[""C12H26/f48""]","[19387,19388,19389,19390,19391,19392,19393,19394,19395,19396,19397,19398,19399,19400,19401,19402,19403,19404,19405,19406,19407,19408,19409,19410,19411,19412,19413,19414,19415,19416,19417,19418,19419,19420,19421,19422,19423,19424]"
8850,C12H26,38,37,"[""C12H26/f49""]","[19425,19426,19427,19428,19429,19430,19431,19432,19433,19434,19435,19436,19437,19438,19439,19440,19441,19442,19443,19444,19445,19446,19447,19448,19449,19450,19451,19452,19453,19454,19455,19456,19457,19458,19459,19460,19461,19462]"
8851,C12H26,38,37,"[""C12H26/f50""]","[19463,19464,19465,19466,19467,19468,19469,19470,19471,19472,19473,19474,19475,19476,19477,19478,19479,19480,19481,19482,19483,19484,19485,19486,19487,19488,19489,19490,19491,19492,19493,19494,19495,19496,19497,19498,19499,19500]"
8852,C12H26,38,37,"[""C12H26/f51""]","[19501,19502,19503,19504,19505,19506,19507,19508,19509,19510,19511,19512,19513,19514,19515,19516,19517,19518,19519,19520,19521,19522,19523,19524,19525,19526,19527,19528,19529,19530,19531,19532,19533,19534,19535,19536,19537,19538]"
8853,C12H26,38,37,"[""C12H26/f52""]","[19539,19540,19541,19542,19543,19544,19545,19546,19547,19548,19549,19550,19551,19552,19553,19554,19555,19556,19557,19558,19559,19560,19561,19562,19563,19564,19565,19566,19567,19568,19569,19570,19571,19572,19573,19574,19575,19576]"
8854,C12H26,38,37,"[""C12H26/f53""]","[19577,19578,19579,19580,19581,19582,19583,19584,19585,19586,19587,19588,19589,19590,19591,19592,19593,19594,19595,19596,19597,19598,19599,19600,19601,19602,19603,19604,19605,19606,19607,19608,19609,19610,19611,19612,19613,19614]"
8855,C12H26,38,37,"[""C12H26/f54""]","[19615,19616,19617,19618,19619,19620,19621,19622,19623,19624,19625,19626,19627,19628,19629,19630,19631,19632,19633,19634,19635,19636,19637,19638,19639,19640,19641,19642,19643,19644,19645,19646,19647,19648,19649,19650,19651,19652]"
8856,C12H26,38,37,"[""C12H26/f55""]","[19653,19654,19655,19656,19657,19658,19659,19660,19661,19662,19663,19664,19665,19666,19667,19668,19669,19670,19671,19672,19673,19674,19675,19676,19677,19678,19679,19680,19681,19682,19683,19684,19685,19686,19687,19688,19689,19690]"
8857,C12H26,38,37,"[""C12H26/f56""]","[19691,19692,19693,19694,19695,19696,19697,19698,19699,19700,19701,19702,19703,19704,19705,19706,19707,19708,19709,19710,19711,19712,19713,19714,19715,19716,19717,19718,19719,19720,19721,19722,19723,19724,19725,19726,19727,19728]"
8858,C12H26,38,37,"[""C12H26/f57""]","[19729,19730,19731,19732,19733,19734,19735,19736,19737,19738,19739,19740,19741,19742,19743,19744,19745,19746,19747,19748,19749,19750,19751,19752,19753,19754,19755,19756,19757,19758,19759,19760,19761,19762,19763,19764,19765,19766]"
8859,C12H26,38,37,"[""C12H26/f58""]","[19767,19768,19769,19770,19771,19772,19773,19774,19775,19776,19777,19778,19779,19780,19781,19782,19783,19784,19785,19786,19787,19788,19789,19790,19791,19792,19793,19794,19795,19796,19797,19798,19799,19800,19801,19802,19803,19804]"
8860,C12H26,38,37,"[""C12H26/f59""]","[19805,19806,19807,19808,19809,19810,19811,19812,19813,19814,19815,19816,19817,19818,19819,19820,19821,19822,19823,19824,19825,19826,19827,19828,19829,19830,19831,19832,19833,19834,19835,19836,19837,19838,19839,19840,19841,19842]"
8861,C12H26,38,37,"[""C12H26/f60""]","[19843,19844,19845,19846,19847,19848,19849,19850,19851,19852,19853,19854,19855,19856,19857,19858,19859,19860,19861,19862,19863,19864,19865,19866,19867,19868,19869,19870,19871,19872,19873,19874,19875,19876,19877,19878,19879,19880]"
8862,C12H26,38,37,"[""C12H26/f61""]","[19881,19882,19883,19884,19885,19886,19887,19888,19889,19890,19891,19892,19893,19894,19895,19896,19897,19898,19899,19900,19901,19902,19903,19904,19905,19906,19907,19908,19909,19910,19911,19912,19913,19914,19915,19916,19917,19918]"
8863,C12H26,38,37,"[""C12H26/f62""]","[19919,19920,19921,19922,19923,19924,19925,19926,19927,19928,19929,19930,19931,19932,19933,19934,19935,19936,19937,19938,19939,19940,19941,19942,19943,19944,19945,19946,19947,19948,19949,19950,19951,19952,19953,19954,19955,19956]"
8864,C12H26,38,37,"[""C12H26/f63""]","[19957,19958,19959,19960,19961,19962,19963,19964,19965,19966,19967,19968,19969,19970,19971,19972,19973,19974,19975,19976,19977,19978,19979,19980,19981,19982,19983,19984,19985,19986,19987,19988,19989,19990,19991,19992,19993,19994]"
8865,C12H26,38,37,"[""C12H26/f64""]","[19995,19996,19997,19998,19999,20000,20001,20002,20003,20004,20005,20006,20007,20008,20009,20010,20011,20012,20013,20014,20015,20016,20017,20018,20019,20020,20021,20022,20023,20024,20025,20026,20027,20028,20029,20030,20031,20032]"
8866,C12H26,38,37,"[""C12H26/f65""]","[20033,20034,20035,20036,20037,20038,20039,20040,20041,20042,20043,20044,20045,20046,20047,20048,20049,20050,20051,20052,20053,20054,20055,20056,20057,20058,20059,20060,20061,20062,20063,20064,20065,20066,20067,20068,20069,20070]"
8867,C12H26,38,37,"[""C12H26/f66""]","[20071,20072,20073,20074,20075,20076,20077,20078,20079,20080,20081,20082,20083,20084,20085,20086,20087,20088,20089,20090,20091,20092,20093,20094,20095,20096,20097,20098,20099,20100,20101,20102,20103,20104,20105,20106,20107,20108]"
8868,C12H26,38,37,"[""C12H26/f67""]","[20109,20110,20111,20112,20113,20114,20115,20116,20117,20118,20119,20120,20121,20122,20123,20124,20125,20126,20127,20128,20129,20130,20131,20132,20133,20134,20135,20136,20137,20138,20139,20140,20141,20142,20143,20144,20145,20146]"
8869,C12H26,38,37,"[""C12H26/f68""]","[20147,20148,20149,20150,20151,20152,20153,20154,20155,20156,20157,20158,20159,20160,20161,20162,20163,20164,20165,20166,20167,20168,20169,20170,20171,20172,20173,20174,20175,20176,20177,20178,20179,20180,20181,20182,20183,20184]"
8870,C12H26,38,37,"[""C12H26/f69""]","[20185,20186,20187,20188,20189,20190,20191,20192,20193,20194,20195,20196,20197,20198,20199,20200,20201,20202,20203,20204,20205,20206,20207,20208,20209,20210,20211,20212,20213,20214,20215,20216,20217,20218,20219,20220,20221,20222]"
8871,C12H26,38,37,"[""C12H26/f70""]","[20223,20224,20225,20226,20227,20228,20229,20230,20231,20232,20233,20234,20235,20236,20237,20238,20239,20240,20241,20242,20243,20244,20245,20246,20247,20248,20249,20250,20251,20252,20253,20254,20255,20256,20257,20258,20259,20260]"
8872,C12H26,38,37,"[""C12H26/f71""]","[20261,20262,20263,20264,20265,20266,20267,20268,20269,20270,20271,20272,20273,20274,20275,20276,20277,20278,20279,20280,20281,20282,20283,20284,20285,20286,20287,20288,20289,20290,20291,20292,20293,20294,20295,20296,20297,20298]"
8873,C12H26,38,37,"[""C12H26/f72""]","[20299,20300,20301,20302,20303,20304,20305,20306,20307,20308,20309,20310,20311,20312,20313,20314,20315,20316,20317,20318,20319,20320,20321,20322,20323,20324,20325,20326,20327,20328,20329,20330,20331,20332,20333,20334,20335,20336]"
8874,C12H26,38,37,"[""C12H26/f73""]","[20337,20338,20339,20340,20341,20342,20343,20344,20345,20346,20347,20348,20349,20350,20351,20352,20353,20354,20355,20356,20357,20358,20359,20360,20361,20362,20363,20364,20365,20366,20367,20368,20369,20370,20371,20372,20373,20374]"
8875,C12H26,38,37,"[""C12H26/f74""]","[20375,20376,20377,20378,20379,20380,20381,20382,20383,20384,20385,20386,20387,20388,20389,20390,20391,20392,20393,20394,20395,20396,20397,20398,20399,20400,20401,20402,20403,20404,20405,20406,20407,20408,20409,20410,20411,20412]"
8876,C12H26,38,37,"[""C12H26/f75""]","[20413,20414,20415,20416,20417,20418,20419,20420,20421,20422,20423,20424,20425,20426,20427,20428,20429,20430,20431,20432,20433,20434,20435,20436,20437,20438,20439,20440,20441,20442,20443,20444,20445,20446,20447,20448,20449,20450]"
8877,C12H26,38,37,"[""C12H26/f76""]","[20451,20452,20453,20454,20455,20456,20457,20458,20459,20460,20461,20462,20463,20464,20465,20466,20467,20468,20469,20470,20471,20472,20473,20474,20475,20476,20477,20478,20479,20480,20481,20482,20483,20484,20485,20486,20487,20488]"
8878,C12H26,38,37,"[""C12H26/f77""]","[20489,20490,20491,20492,20493,20494,20495,20496,20497,20498,20499,20500,20501,20502,20503,20504,20505,20506,20507,20508,20509,20510,20511,20512,20513,20514,20515,20516,20517,20518,20519,20520,20521,20522,20523,20524,20525,20526]"
8879,C12H26,38,37,"[""C12H26/f78""]","[20527,20528,20529,20530,20531,20532,20533,20534,20535,20536,20537,20538,20539,20540,20541,20542,20543,20544,20545,20546,20547,20548,20549,20550,20551,20552,20553,20554,20555,20556,20557,20558,20559,20560,20561,20562,20563,20564]"
8880,C12H26,38,37,"[""C12H26/f79""]","[20565,20566,20567,20568,20569,20570,20571,20572,20573,20574,20575,20576,20577,20578,20579,20580,20581,20582,20583,20584,20585,20586,20587,20588,20589,20590,20591,20592,20593,20594,20595,20596,20597,20598,20599,20600,20601,20602]"
8881,C12H26,38,37,"[""C12H26/f80""]","[20603,20604,20605,20606,20607,20608,20609,20610,20611,20612,20613,20614,20615,20616,20617,20618,20619,20620,20621,20622,20623,20624,20625,20626,20627,20628,20629,20630,20631,20632,20633,20634,20635,20636,20637,20638,20639,20640]"
8882,C12H26,38,37,"[""C12H26/f81""]","[20641,20642,20643,20644,20645,20646,20647,20648,20649,20650,20651,20652,20653,20654,20655,20656,20657,20658,20659,20660,20661,20662,20663,20664,20665,20666,20667,20668,20669,20670,20671,20672,20673,20674,20675,20676,20677,20678]"
8883,C12H26,38,37,"[""C12H26/f82""]","[20679,20680,20681,20682,20683,20684,20685,20686,20687,20688,20689,20690,20691,20692,20693,20694,20695,20696,20697,20698,20699,20700,20701,20702,20703,20704,20705,20706,20707,20708,20709,20710,20711,20712,20713,20714,20715,20716]"
8884,C12H26,38,37,"[""C12H26/f83""]","[20717,20718,20719,20720,20721,20722,20723,20724,20725,20726,20727,20728,20729,20730,20731,20732,20733,20734,20735,20736,20737,20738,20739,20740,20741,20742,20743,20744,20745,20746,20747,20748,20749,20750,20751,20752,20753,20754]"
8885,C12H26,38,37,"[""C12H26/f84""]","[20755,20756,20757,20758,20759,20760,20761,20762,20763,20764,20765,20766,20767,20768,20769,20770,20771,20772,20773,20774,20775,20776,20777,20778,20779,20780,20781,20782,20783,20784,20785,20786,20787,20788,20789,20790,20791,20792]"
8886,C12H26,38,37,"[""C12H26/f85""]","[20793,20794,20795,20796,20797,20798,20799,20800,20801,20802,20803,20804,20805,20806,20807,20808,20809,20810,20811,20812,20813,20814,20815,20816,20817,20818,20819,20820,20821,20822,20823,20824,20825,20826,20827,20828,20829,20830]"
8887,C12H26,38,37,"[""C12H26/f86""]","[20831,20832,20833,20834,20835,20836,20837,20838,20839,20840,20841,20842,20843,20844,20845,20846,20847,20848,20849,20850,20851,20852,20853,20854,20855,20856,20857,20858,20859,20860,20861,20862,20863,20864,20865,20866,20867,20868]"
8888,C12H26,38,37,"[""C12H26/f87""]","[20869,20870,20871,20872,20873,20874,20875,20876,20877,20878,20879,20880,20881,20882,20883,20884,20885,20886,20887,20888,20889,20890,20891,20892,20893,20894,20895,20896,20897,20898,20899,20900,20901,20902,20903,20904,20905,20906]"
8889,C12H26,38,37,"[""C12H26/f88""]","[20907,20908,20909,20910,20911,20912,20913,20914,20915,20916,20917,20918,20919,20920,20921,20922,20923,20924,20925,20926,20927,20928,20929,20930,20931,20932,20933,20934,20935,20936,20937,20938,20939,20940,20941,20942,20943,20944]"
8890,C12H26,38,37,"[""C12H26/f89""]","[20945,20946,20947,20948,20949,20950,20951,20952,20953,20954,20955,20956,20957,20958,20959,20960,20961,20962,20963,20964,20965,20966,20967,20968,20969,20970,20971,20972,20973,20974,20975,20976,20977,20978,20979,20980,20981,20982]"
8891,C12H26,38,37,"[""C12H26/f90""]","[20983,20984,20985,20986,20987,20988,20989,20990,20991,20992,20993,20994,20995,20996,20997,20998,20999,21000,21001,21002,21003,21004,21005,21006,21007,21008,21009,21010,21011,21012,21013,21014,21015,21016,21017,21018,21019,21020]"
8892,C12H26,38,37,"[""C12H26/f91""]","[21021,21022,21023,21024,21025,21026,21027,21028,21029,21030,21031,21032,21033,21034,21035,21036,21037,21038,21039,21040,21041,21042,21043,21044,21045,21046,21047,21048,21049,21050,21051,21052,21053,21054,21055,21056,21057,21058]"
8893,C12H26,38,37,"[""C12H26/f92""]","[21059,21060,21061,21062,21063,21064,21065,21066,21067,21068,21069,21070,21071,21072,21073,21074,21075,21076,21077,21078,21079,21080,21081,21082,21083,21084,21085,21086,21087,21088,21089,21090,21091,21092,21093,21094,21095,21096]"
8894,C12H26,38,37,"[""C12H26/f93""]","[21097,21098,21099,21100,21101,21102,21103,21104,21105,21106,21107,21108,21109,21110,21111,21112,21113,21114,21115,21116,21117,21118,21119,21120,21121,21122,21123,21124,21125,21126,21127,21128,21129,21130,21131,21132,21133,21134]"
8895,C12H26,38,37,"[""C12H26/f94""]","[21135,21136,21137,21138,21139,21140,21141,21142,21143,21144,21145,21146,21147,21148,21149,21150,21151,21152,21153,21154,21155,21156,21157,21158,21159,21160,21161,21162,21163,21164,21165,21166,21167,21168,21169,21170,21171,21172]"
8896,C12H26,38,37,"[""C12H26/f95""]","[21173,21174,21175,21176,21177,21178,21179,21180,21181,21182,21183,21184,21185,21186,21187,21188,21189,21190,21191,21192,21193,21194,21195,21196,21197,21198,21199,21200,21201,21202,21203,21204,21205,21206,21207,21208,21209,21210]"
8897,C12H26,38,37,"[""C12H26/f96""]","[21211,21212,21213,21214,21215,21216,21217,21218,21219,21220,21221,21222,21223,21224,21225,21226,21227,21228,21229,21230,21231,21232,21233,21234,21235,21236,21237,21238,21239,21240,21241,21242,21243,21244,21245,21246,21247,21248]"
8898,C12H26,38,37,"[""C12H26/f97""]","[21249,21250,21251,21252,21253,21254,21255,21256,21257,21258,21259,21260,21261,21262,21263,21264,21265,21266,21267,21268,21269,21270,21271,21272,21273,21274,21275,21276,21277,21278,21279,21280,21281,21282,21283,21284,21285,21286]"
8899,C12H26,38,37,"[""C12H26/f98""]","[21287,21288,21289,21290,21291,21292,21293,21294,21295,21296,21297,21298,21299,21300,21301,21302,21303,21304,21305,21306,21307,21308,21309,21310,21311,21312,21313,21314,21315,21316,21317,21318,21319,21320,21321,21322,21323,21324]"
8900,C12H26,38,37,"[""C12H26/f99""]","[21325,21326,21327,21328,21329,21330,21331,21332,21333,21334,21335,21336,21337,21338,21339,21340,21341,21342,21343,21344,21345,21346,21347,21348,21349,21350,21351,21352,21353,21354,21355,21356,21357,21358,21359,21360,21361,21362]"
8901,C12H26,38,37,"[""C12H26/f100""]","[21363,21364,21365,21366,21367,21368,21369,21370,21371,21372,21373,21374,21375,21376,21377,21378,21379,21380,21381,21382,21383,21384,21385,21386,21387,21388,21389,21390,21391,21392,21393,21394,21395,21396,21397,21398,21399,21400]"
